{"type":"FeatureCollection","features":[{"type":"Feature","properties":{"ADM4_EN":"Palawan","ADM4_PCODE":"PH0203128014","ADM4_REF":null,"ADM3_EN":"San Guillermo","ADM3_PCODE":"PH0203128","ADM2_EN":"Isabela","ADM2_PCODE":"PH02031","ADM1_EN":"Region II (Cagayan Valley)","ADM1_PCODE":"PH02","ADM0_EN":"Philippines (the)","ADM0_PCODE":"PH","date":"2022-11-09","validOn":"2023-11-06","validTo":null,"Shape_Leng":0.0665183093378,"Shape_Area":0.00028449823177,"AREA_SQKM":3.35782748929,"psgc_id":"PH0203128014","psgc_code":"0203128014","psgc_name":"Palawan","psgc_status":"matched","match_confidence":1.0,"psgc_type":"barangay","match_method":"exact","sga_member":false},"geometry":{"type":"Polygon","coordinates":[[[121.86240828400003,16.712172691000035],[121.85534306900001,16.694004439000025],[121.84249270500004,16.70048977500005],[121.85282861500002,16.71773240600004],[121.86240828400003,16.712172691000035]]]}},{"type":"Feature","properties":{"ADM4_EN":"Apo-Aporawan","ADM4_PCODE":"PH1705301001","ADM4_REF":null,"ADM3_EN":"Aborlan","ADM3_PCODE":"PH1705301","ADM2_EN":"Palawan","ADM2_PCODE":"PH17053","ADM1_EN":"Mimaropa Region","ADM1_PCODE":"PH17","ADM0_EN":"Philippines (the)","ADM0_PCODE":"PH","date":"2022-11-09","validOn":"2023-11-06","validTo":null,"Shape_Leng":0.123116173631,"Shape_Area":0.000852904023999,"AREA_SQKM":10.3628091981,"psgc_id":"PH1705301001","psgc_code":"1705301001","psgc_name":"Apo-Aporawan","psgc_status":"matched","match_confidence":1.0,"psgc_type":"barangay","match_method":"exact","sga_member":false},"geometry":{"type":"Polygon","coordinates":[[[118.4937920210001,9.364966727000024],[118.51100961000009,9.353254610000022],[118.51258406000011,9.331237860000044],[118.500697381,9.323052730000029],[118.47865840400004,9.34022260100005],[118.4937920210001,9.364966727000024]]]}},{"type":"Feature","properties":{"ADM4_EN":"Apoc-apoc","ADM4_PCODE":"PH1705301002","ADM4_REF":null,"ADM3_EN":"Aborlan","ADM3_PCODE":"PH1705301","ADM2_EN":"Palawan","ADM2_PCODE":"PH17053","ADM1_EN":"Mimaropa Region","ADM1_PCODE":"PH17","ADM0_EN":"Philippines (the)","ADM0_PCODE":"PH","date":"2022-11-09","validOn":"2023-11-06","validTo":null,"Shape_Leng":0.276628707635,"Shape_Area":0.00179326206594,"AREA_SQKM":21.7831939182,"psgc_id":"PH1705301002","psgc_code":"1705301002","psgc_name":"Apoc-apoc","psgc_status":"matched","match_confidence":1.0,"psgc_type":"barangay","match_method":"exact","sga_member":false},"geometry":{"type":"Polygon","coordinates":[[[118.4378918110001,9.464817407000055],[118.44481028300004,9.44627375500005],[118.46644793200005,9.443142507000061],[118.4638960200001,9.431339580000042],[118.48169959200004,9.407135350000033],[118.47630391100006,9.401407043000063],[118.48789760000011,9.391440540000076],[118.48744266900007,9.378721276000022],[118.48112995000008,9.390028478000033],[118.46618500000011,9.391527],[118.43942812600005,9.428757630000064],[118.42188714500003,9.434630523000067],[118.4378918110001,9.464817407000055]]]}},{"type":"Feature","properties":{"ADM4_EN":"Aporawan","ADM4_PCODE":"PH1705301003","ADM4_REF":null,"ADM3_EN":"Aborlan","ADM3_PCODE":"PH1705301","ADM2_EN":"Palawan","ADM2_PCODE":"PH17053","ADM1_EN":"Mimaropa Region","ADM1_PCODE":"PH17","ADM0_EN":"Philippines (the)","ADM0_PCODE":"PH","date":"2022-11-09","validOn":"2023-11-06","validTo":null,"Shape_Leng":0.707255609662,"Shape_Area":0.0232779112768,"AREA_SQKM":282.639120327,"psgc_id":"PH1705301003","psgc_code":"1705301003","psgc_name":"Aporawan","psgc_status":"matched","match_confidence":1.0,"psgc_type":"barangay","match_method":"exact","sga_member":false},"geometry":{"type":"Polygon","coordinates":[[[118.4090945480001,9.681027284000038],[118.53302917300005,9.579528],[118.47836604400004,9.530549498000028],[118.43770107700004,9.465016712000022],[118.32138938600008,9.578734465000025],[118.32960377500001,9.582234597000024],[118.34073334200002,9.613072845000033],[118.33088923300011,9.630969471000071],[118.34038711500011,9.648590495000064],[118.3581510570001,9.656682100000069],[118.37712272700003,9.645924618000038],[118.39089115000002,9.662283976000026],[118.40705248300003,9.663806359000034],[118.4090945480001,9.681027284000038]]]}},{"type":"Feature","properties":{"ADM4_EN":"Barake","ADM4_PCODE":"PH1705301004","ADM4_REF":null,"ADM3_EN":"Aborlan","ADM3_PCODE":"PH1705301","ADM2_EN":"Palawan","ADM2_PCODE":"PH17053","ADM1_EN":"Mimaropa Region","ADM1_PCODE":"PH17","ADM0_EN":"Philippines (the)","ADM0_PCODE":"PH","date":"2022-11-09","validOn":"2023-11-06","validTo":null,"Shape_Leng":0.236566360941,"Shape_Area":0.00212190291336,"AREA_SQKM":25.7704057362,"psgc_id":"PH1705301004","psgc_code":"1705301004","psgc_name":"Barake","psgc_status":"matched","match_confidence":1.0,"psgc_type":"barangay","match_method":"exact","sga_member":false},"geometry":{"type":"Polygon","coordinates":[[[118.47854151700005,9.530124188000059],[118.528355,9.484545],[118.520566,9.472657],[118.53422057600005,9.456163978000063],[118.4978512780001,9.468259696000075],[118.46187115400005,9.499428542000032],[118.47854151700005,9.530124188000059]]]}},{"type":"Feature","properties":{"ADM4_EN":"Cabigaan","ADM4_PCODE":"PH1705301005","ADM4_REF":null,"ADM3_EN":"Aborlan","ADM3_PCODE":"PH1705301","ADM2_EN":"Palawan","ADM2_PCODE":"PH17053","ADM1_EN":"Mimaropa Region","ADM1_PCODE":"PH17","ADM0_EN":"Philippines (the)","ADM0_PCODE":"PH","date":"2022-11-09","validOn":"2023-11-06","validTo":null,"Shape_Leng":0.212545121767,"Shape_Area":0.00228563871962,"AREA_SQKM":27.761054182,"psgc_id":"PH1705301005","psgc_code":"1705301005","psgc_name":"Cabigaan","psgc_status":"matched","match_confidence":1.0,"psgc_type":"barangay","match_method":"exact","sga_member":false},"geometry":{"type":"Polygon","coordinates":[[[118.46187115400005,9.499428542000032],[118.50511446000007,9.466972295000062],[118.49144037100007,9.444374208000056],[118.4709502930001,9.439832183000021],[118.44481028300004,9.44627375500005],[118.43770107700004,9.465016712000022],[118.46187115400005,9.499428542000032]]]}},{"type":"Feature","properties":{"ADM4_EN":"Gogognan","ADM4_PCODE":"PH1705301006","ADM4_REF":null,"ADM3_EN":"Aborlan","ADM3_PCODE":"PH1705301","ADM2_EN":"Palawan","ADM2_PCODE":"PH17053","ADM1_EN":"Mimaropa Region","ADM1_PCODE":"PH17","ADM0_EN":"Philippines (the)","ADM0_PCODE":"PH","date":"2022-11-09","validOn":"2023-11-06","validTo":null,"Shape_Leng":0.105175749425,"Shape_Area":0.000418621319616,"AREA_SQKM":5.08496531068,"psgc_id":"PH1705301006","psgc_code":"1705301006","psgc_name":"Gogognan","psgc_status":"matched","match_confidence":1.0,"psgc_type":"barangay","match_method":"exact","sga_member":false},"geometry":{"type":"Polygon","coordinates":[[[118.52112315800002,9.448925673000076],[118.54781991000004,9.436515400000076],[118.54014913000003,9.420600680000064],[118.51298028400004,9.44527194400007],[118.52112315800002,9.448925673000076]]]}},{"type":"Feature","properties":{"ADM4_EN":"Iraan","ADM4_PCODE":"PH1705301007","ADM4_REF":null,"ADM3_EN":"Aborlan","ADM3_PCODE":"PH1705301","ADM2_EN":"Palawan","ADM2_PCODE":"PH17053","ADM1_EN":"Mimaropa Region","ADM1_PCODE":"PH17","ADM0_EN":"Philippines (the)","ADM0_PCODE":"PH","date":"2022-11-09","validOn":"2023-11-06","validTo":null,"Shape_Leng":0.336123809861,"Shape_Area":0.00320150201468,"AREA_SQKM":38.8824967097,"psgc_id":"PH1705301007","psgc_code":"1705301007","psgc_name":"Iraan","psgc_status":"matched","match_confidence":1.0,"psgc_type":"barangay","match_method":"exact","sga_member":false},"geometry":{"type":"Polygon","coordinates":[[[118.49573061800004,9.545431447000055],[118.525043,9.503181],[118.548795,9.491507],[118.56961420000005,9.494530910000037],[118.58099958800005,9.485290116000044],[118.57625096700008,9.463239587000032],[118.56654763900008,9.46058044800003],[118.57170760300005,9.452938284000027],[118.54864491100011,9.446046695000064],[118.53517723000004,9.453484230000072],[118.520566,9.472657],[118.528355,9.484545],[118.47854151700005,9.530124188000059],[118.49573061800004,9.545431447000055]]]}},{"type":"Feature","properties":{"ADM4_EN":"Isaub","ADM4_PCODE":"PH1705301008","ADM4_REF":null,"ADM3_EN":"Aborlan","ADM3_PCODE":"PH1705301","ADM2_EN":"Palawan","ADM2_PCODE":"PH17053","ADM1_EN":"Mimaropa Region","ADM1_PCODE":"PH17","ADM0_EN":"Philippines (the)","ADM0_PCODE":"PH","date":"2022-11-09","validOn":"2023-11-06","validTo":null,"Shape_Leng":0.246750058209,"Shape_Area":0.00178051618745,"AREA_SQKM":21.6245117748,"psgc_id":"PH1705301008","psgc_code":"1705301008","psgc_name":"Isaub","psgc_status":"matched","match_confidence":1.0,"psgc_type":"barangay","match_method":"exact","sga_member":false},"geometry":{"type":"Polygon","coordinates":[[[118.59591059000002,9.51077179500004],[118.6302877500001,9.48030232800005],[118.61520025200002,9.488226960000077],[118.60313254500011,9.462653548000048],[118.59025710200001,9.458957853000072],[118.57847313800005,9.470706980000045],[118.5817594780001,9.484206559000029],[118.56787353000004,9.496829310000066],[118.57853999000008,9.513464241000065],[118.59591059000002,9.51077179500004]]]}},{"type":"Feature","properties":{"ADM4_EN":"Jose Rizal","ADM4_PCODE":"PH1705301009","ADM4_REF":null,"ADM3_EN":"Aborlan","ADM3_PCODE":"PH1705301","ADM2_EN":"Palawan","ADM2_PCODE":"PH17053","ADM1_EN":"Mimaropa Region","ADM1_PCODE":"PH17","ADM0_EN":"Philippines (the)","ADM0_PCODE":"PH","date":"2022-11-09","validOn":"2023-11-06","validTo":null,"Shape_Leng":0.174683994809,"Shape_Area":0.00102701848879,"AREA_SQKM":12.4766313394,"psgc_id":"PH1705301009","psgc_code":"1705301009","psgc_name":"Jose Rizal","psgc_status":"matched","match_confidence":1.0,"psgc_type":"barangay","match_method":"exact","sga_member":false},"geometry":{"type":"Polygon","coordinates":[[[118.45048029600002,9.418269047000024],[118.48669975400003,9.381501013000047],[118.46274208000011,9.36628335000006],[118.456722,9.381254],[118.43185668000001,9.396436058000063],[118.45048029600002,9.418269047000024]]]}},{"type":"Feature","properties":{"ADM4_EN":"Mabini","ADM4_PCODE":"PH1705301010","ADM4_REF":null,"ADM3_EN":"Aborlan","ADM3_PCODE":"PH1705301","ADM2_EN":"Palawan","ADM2_PCODE":"PH17053","ADM1_EN":"Mimaropa Region","ADM1_PCODE":"PH17","ADM0_EN":"Philippines (the)","ADM0_PCODE":"PH","date":"2022-11-09","validOn":"2023-11-06","validTo":null,"Shape_Leng":0.0601859932741,"Shape_Area":0.0001923641322,"AREA_SQKM":2.33657156301,"psgc_id":"PH1705301010","psgc_code":"1705301010","psgc_name":"Mabini","psgc_status":"matched","match_confidence":1.0,"psgc_type":"barangay","match_method":"exact","sga_member":false},"geometry":{"type":"Polygon","coordinates":[[[118.54778051000005,9.446642],[118.54781991000004,9.436515400000076],[118.53114537300007,9.44116107700006],[118.53517723000004,9.453484230000072],[118.54778051000005,9.446642]]]}},{"type":"Feature","properties":{"ADM4_EN":"Magbabadil","ADM4_PCODE":"PH1705301011","ADM4_REF":null,"ADM3_EN":"Aborlan","ADM3_PCODE":"PH1705301","ADM2_EN":"Palawan","ADM2_PCODE":"PH17053","ADM1_EN":"Mimaropa Region","ADM1_PCODE":"PH17","ADM0_EN":"Philippines (the)","ADM0_PCODE":"PH","date":"2022-11-09","validOn":"2023-11-06","validTo":null,"Shape_Leng":0.130967648048,"Shape_Area":0.000569924044369,"AREA_SQKM":6.92245301677,"psgc_id":"PH1705301011","psgc_code":"1705301011","psgc_name":"Magbabadil","psgc_status":"matched","match_confidence":1.0,"psgc_type":"barangay","match_method":"exact","sga_member":false},"geometry":{"type":"Polygon","coordinates":[[[118.50664796700005,9.466405846000043],[118.53422057600005,9.456163978000063],[118.53044397700012,9.444510894000075],[118.50934923500006,9.444017282000061],[118.49987066500012,9.451870369000062],[118.49144037100007,9.444374208000056],[118.50664796700005,9.466405846000043]]]}},{"type":"Feature","properties":{"ADM4_EN":"Plaridel","ADM4_PCODE":"PH1705301012","ADM4_REF":null,"ADM3_EN":"Aborlan","ADM3_PCODE":"PH1705301","ADM2_EN":"Palawan","ADM2_PCODE":"PH17053","ADM1_EN":"Mimaropa Region","ADM1_PCODE":"PH17","ADM0_EN":"Philippines (the)","ADM0_PCODE":"PH","date":"2022-11-09","validOn":"2023-11-06","validTo":null,"Shape_Leng":0.262350290559,"Shape_Area":0.00191733909324,"AREA_SQKM":23.293083769,"psgc_id":"PH1705301012","psgc_code":"1705301012","psgc_name":"Plaridel","psgc_status":"matched","match_confidence":1.0,"psgc_type":"barangay","match_method":"exact","sga_member":false},"geometry":{"type":"Polygon","coordinates":[[[118.49285515300005,9.420505931000037],[118.52184303500007,9.385470792000035],[118.50119251400008,9.358925587000044],[118.4937920210001,9.364966727000024],[118.48152426700005,9.350328404000038],[118.46274208000011,9.36628335000006],[118.48744266900007,9.378721276000022],[118.47735848200011,9.41178707000006],[118.49285515300005,9.420505931000037]]]}},{"type":"Feature","properties":{"ADM4_EN":"Ramon Magsaysay","ADM4_PCODE":"PH1705301014","ADM4_REF":null,"ADM3_EN":"Aborlan","ADM3_PCODE":"PH1705301","ADM2_EN":"Palawan","ADM2_PCODE":"PH17053","ADM1_EN":"Mimaropa Region","ADM1_PCODE":"PH17","ADM0_EN":"Philippines (the)","ADM0_PCODE":"PH","date":"2022-11-09","validOn":"2023-11-06","validTo":null,"Shape_Leng":0.335473699315,"Shape_Area":0.00284037700107,"AREA_SQKM":34.5034002451,"psgc_id":"PH1705301014","psgc_code":"1705301014","psgc_name":"Ramon Magsaysay","psgc_status":"matched","match_confidence":1.0,"psgc_type":"barangay","match_method":"exact","sga_member":false},"geometry":{"type":"Polygon","coordinates":[[[118.50028888300005,9.451773802000048],[118.52865099400003,9.426203522000037],[118.55515548100004,9.41469431400003],[118.53062572100009,9.379492046000053],[118.49170536600002,9.421656294000059],[118.47735848200011,9.41178707000006],[118.4638960200001,9.431339580000042],[118.46644793200005,9.443142507000061],[118.49208334800005,9.444091827000022],[118.50028888300005,9.451773802000048]]]}},{"type":"Feature","properties":{"ADM4_EN":"Sagpangan","ADM4_PCODE":"PH1705301015","ADM4_REF":null,"ADM3_EN":"Aborlan","ADM3_PCODE":"PH1705301","ADM2_EN":"Palawan","ADM2_PCODE":"PH17053","ADM1_EN":"Mimaropa Region","ADM1_PCODE":"PH17","ADM0_EN":"Philippines (the)","ADM0_PCODE":"PH","date":"2022-11-09","validOn":"2023-11-06","validTo":null,"Shape_Leng":0.277718325692,"Shape_Area":0.00443433603745,"AREA_SQKM":53.8486515851,"psgc_id":"PH1705301015","psgc_code":"1705301015","psgc_name":"Sagpangan","psgc_status":"matched","match_confidence":1.0,"psgc_type":"barangay","match_method":"exact","sga_member":false},"geometry":{"type":"Polygon","coordinates":[[[118.5348121830001,9.577849859000025],[118.59149558900003,9.516341905000047],[118.570324,9.508624],[118.56961420000005,9.494530910000037],[118.548795,9.491507],[118.525043,9.503181],[118.49552462600002,9.545869155000048],[118.5348121830001,9.577849859000025]]]}},{"type":"Feature","properties":{"ADM4_EN":"San Juan","ADM4_PCODE":"PH1705301016","ADM4_REF":null,"ADM3_EN":"Aborlan","ADM3_PCODE":"PH1705301","ADM2_EN":"Palawan","ADM2_PCODE":"PH17053","ADM1_EN":"Mimaropa Region","ADM1_PCODE":"PH17","ADM0_EN":"Philippines (the)","ADM0_PCODE":"PH","date":"2022-11-09","validOn":"2023-11-06","validTo":null,"Shape_Leng":0.33338003298,"Shape_Area":0.00131374279149,"AREA_SQKM":15.9574360922,"psgc_id":"PH1705301016","psgc_code":"1705301016","psgc_name":"San Juan","psgc_status":"matched","match_confidence":1.0,"psgc_type":"barangay","match_method":"exact","sga_member":false},"geometry":{"type":"MultiPolygon","coordinates":[[[[118.6285802760001,9.46208034600005],[118.62712079000005,9.43685443000004],[118.61945023100009,9.43963792300002],[118.61146926600009,9.431196278000073],[118.6095244170001,9.448916396000072],[118.6285802760001,9.46208034600005]]],[[[118.58006585500004,9.470336106000047],[118.59025710200001,9.458957853000072],[118.5882858330001,9.443173767000076],[118.574574417,9.442578785000023],[118.56856991000006,9.420080163000023],[118.54864784300003,9.440153990000056],[118.55349241700003,9.45069686200003],[118.57170760300005,9.452938284000027],[118.56654763900008,9.46058044800003],[118.58006585500004,9.470336106000047]]]]}},{"type":"Feature","properties":{"ADM4_EN":"Tagpait","ADM4_PCODE":"PH1705301017","ADM4_REF":null,"ADM3_EN":"Aborlan","ADM3_PCODE":"PH1705301","ADM2_EN":"Palawan","ADM2_PCODE":"PH17053","ADM1_EN":"Mimaropa Region","ADM1_PCODE":"PH17","ADM0_EN":"Philippines (the)","ADM0_PCODE":"PH","date":"2022-11-09","validOn":"2023-11-06","validTo":null,"Shape_Leng":0.104291796206,"Shape_Area":0.000276696675845,"AREA_SQKM":3.36114327818,"psgc_id":"PH1705301017","psgc_code":"1705301017","psgc_name":"Tagpait","psgc_status":"matched","match_confidence":1.0,"psgc_type":"barangay","match_method":"exact","sga_member":false},"geometry":{"type":"MultiPolygon","coordinates":[[[[118.56265032600004,9.422163160000025],[118.56856991000006,9.420080163000023],[118.56844182300006,9.41656447400004],[118.56265032600004,9.422163160000025]]],[[[118.5482666900001,9.42817946200006],[118.56294631900005,9.42450685700004],[118.56143475800002,9.42140859400007],[118.56299834300012,9.414783260000036],[118.54095739000002,9.421480110000061],[118.5482666900001,9.42817946200006]]]]}},{"type":"Feature","properties":{"ADM4_EN":"Tigman","ADM4_PCODE":"PH1705301018","ADM4_REF":null,"ADM3_EN":"Aborlan","ADM3_PCODE":"PH1705301","ADM2_EN":"Palawan","ADM2_PCODE":"PH17053","ADM1_EN":"Mimaropa Region","ADM1_PCODE":"PH17","ADM0_EN":"Philippines (the)","ADM0_PCODE":"PH","date":"2022-11-09","validOn":"2023-11-06","validTo":null,"Shape_Leng":0.210486735951,"Shape_Area":0.000966710870253,"AREA_SQKM":11.7449429076,"psgc_id":"PH1705301018","psgc_code":"1705301018","psgc_name":"Tigman","psgc_status":"matched","match_confidence":1.0,"psgc_type":"barangay","match_method":"exact","sga_member":false},"geometry":{"type":"Polygon","coordinates":[[[118.51902252200011,9.384051197000076],[118.53402955600006,9.385430056000075],[118.53412625500005,9.373384378000026],[118.54418719000012,9.369202190000067],[118.53788598900007,9.356332817000066],[118.52536914400002,9.354743337000059],[118.51324185500005,9.329396526000039],[118.51100961000009,9.353254610000022],[118.50223417000007,9.360556250000059],[118.51902252200011,9.384051197000076]]]}},{"type":"Feature","properties":{"ADM4_EN":"Poblacion","ADM4_PCODE":"PH1705301019","ADM4_REF":null,"ADM3_EN":"Aborlan","ADM3_PCODE":"PH1705301","ADM2_EN":"Palawan","ADM2_PCODE":"PH17053","ADM1_EN":"Mimaropa Region","ADM1_PCODE":"PH17","ADM0_EN":"Philippines (the)","ADM0_PCODE":"PH","date":"2022-11-09","validOn":"2023-11-06","validTo":null,"Shape_Leng":0.0900210984093,"Shape_Area":0.000129601754373,"AREA_SQKM":1.57429965665,"psgc_id":"PH1705301019","psgc_code":"1705301019","psgc_name":"Poblacion","psgc_status":"matched","match_confidence":1.0,"psgc_type":"barangay","match_method":"exact","sga_member":false},"geometry":{"type":"MultiPolygon","coordinates":[[[[118.57980108700008,9.374767833000021],[118.58418012200002,9.37500983700005],[118.58102074500005,9.370988436000061],[118.57980108700008,9.374767833000021]]],[[[118.54778051000005,9.446642],[118.55568439100011,9.427672839000024],[118.54137146900007,9.428093703000059],[118.54778051000005,9.446642]]]]}},{"type":"Feature","properties":{"ADM4_EN":"Culandanum","ADM4_PCODE":"PH1705301020","ADM4_REF":null,"ADM3_EN":"Aborlan","ADM3_PCODE":"PH1705301","ADM2_EN":"Palawan","ADM2_PCODE":"PH17053","ADM1_EN":"Mimaropa Region","ADM1_PCODE":"PH17","ADM0_EN":"Philippines (the)","ADM0_PCODE":"PH","date":"2022-11-09","validOn":"2023-11-06","validTo":null,"Shape_Leng":0.502593414366,"Shape_Area":0.0140956823128,"AREA_SQKM":171.194106204,"psgc_id":"PH1705301020","psgc_code":"1705301020","psgc_name":"Culandanum","psgc_status":"matched","match_confidence":1.0,"psgc_type":"barangay","match_method":"exact","sga_member":false},"geometry":{"type":"Polygon","coordinates":[[[118.31959834600002,9.578319900000054],[118.43770107700004,9.465016712000022],[118.42289421300006,9.442922546000034],[118.32248001100004,9.40472875200004],[118.28648585000008,9.54973252700006],[118.31959834600002,9.578319900000054]]]}},{"type":"Feature","properties":{"ADM4_EN":"Algeciras","ADM4_PCODE":"PH1705302002","ADM4_REF":null,"ADM3_EN":"Agutaya","ADM3_PCODE":"PH1705302","ADM2_EN":"Palawan","ADM2_PCODE":"PH17053","ADM1_EN":"Mimaropa Region","ADM1_PCODE":"PH17","ADM0_EN":"Philippines (the)","ADM0_PCODE":"PH","date":"2022-11-09","validOn":"2023-11-06","validTo":null,"Shape_Leng":0.297383890791,"Shape_Area":0.000660726104748,"AREA_SQKM":7.97569492861,"psgc_id":"PH1705302002","psgc_code":"1705302002","psgc_name":"Algeciras","psgc_status":"matched","match_confidence":1.0,"psgc_type":"barangay","match_method":"exact","sga_member":false},"geometry":{"type":"MultiPolygon","coordinates":[[[[120.82070359000011,11.40080154900005],[120.82312983700001,11.401388552000071],[120.82233352300011,11.399678289000065],[120.82070359000011,11.40080154900005]]],[[[120.81880759900002,11.425364608000052],[120.82021970800008,11.425013712000066],[120.81874581300008,11.424217584000075],[120.81880759900002,11.425364608000052]]],[[[120.82522281400009,11.428755986000056],[120.82319226000004,11.427305853000064],[120.82355854100001,11.429808240000057],[120.82522281400009,11.428755986000056]]],[[[120.81113707200007,11.436616296000068],[120.8195494360001,11.421199816000069],[120.814567796,11.41102870900005],[120.80698209500008,11.432740133000038],[120.81113707200007,11.436616296000068]]],[[[120.80247340900007,11.446588009000038],[120.8011341130001,11.446539347000055],[120.8015757600001,11.448171099000035],[120.80247340900007,11.446588009000038]]],[[[120.83045451700002,11.44997767700005],[120.85305008000012,11.428104072000053],[120.8347737790001,11.417556220000051],[120.82200606300012,11.44591519100004],[120.83045451700002,11.44997767700005]]],[[[120.80386950800005,11.455550079000034],[120.80873475500005,11.455338897000047],[120.80739279900001,11.44853385600004],[120.80386950800005,11.455550079000034]]],[[[120.820344137,11.463297030000035],[120.82168655200007,11.463243629000033],[120.8211918610001,11.462786576000042],[120.820344137,11.463297030000035]]],[[[120.81358060500008,11.464312015000075],[120.82350645300005,11.458813487000043],[120.8196146900001,11.45118522100006],[120.81492827500006,11.457305182000027],[120.81358060500008,11.464312015000075]]],[[[120.8129645680001,11.466018372000065],[120.81362177800008,11.465754895000032],[120.81388877800009,11.465182174000063],[120.8129645680001,11.466018372000065]]]]}},{"type":"Feature","properties":{"ADM4_EN":"Concepcion","ADM4_PCODE":"PH1705302003","ADM4_REF":null,"ADM3_EN":"Agutaya","ADM3_PCODE":"PH1705302","ADM2_EN":"Palawan","ADM2_PCODE":"PH17053","ADM1_EN":"Mimaropa Region","ADM1_PCODE":"PH17","ADM0_EN":"Philippines (the)","ADM0_PCODE":"PH","date":"2022-11-09","validOn":"2023-11-06","validTo":null,"Shape_Leng":0.0744850235544,"Shape_Area":0.000108489349287,"AREA_SQKM":1.3095850694,"psgc_id":"PH1705302003","psgc_code":"1705302003","psgc_name":"Concepcion","psgc_status":"matched","match_confidence":1.0,"psgc_type":"barangay","match_method":"exact","sga_member":false},"geometry":{"type":"MultiPolygon","coordinates":[[[[120.75700497000003,11.431763729000068],[120.76242584900001,11.429454498000041],[120.76324449000003,11.42798143500005],[120.75692892600011,11.430552152000075],[120.75700497000003,11.431763729000068]]],[[[120.7680674930001,11.446270850000076],[120.77957619900008,11.430321228000025],[120.77859891800006,11.425987271000054],[120.76887099700002,11.432684063000067],[120.7680674930001,11.446270850000076]]]]}},{"type":"Feature","properties":{"ADM4_EN":"Diit","ADM4_PCODE":"PH1705302004","ADM4_REF":null,"ADM3_EN":"Agutaya","ADM3_PCODE":"PH1705302","ADM2_EN":"Palawan","ADM2_PCODE":"PH17053","ADM1_EN":"Mimaropa Region","ADM1_PCODE":"PH17","ADM0_EN":"Philippines (the)","ADM0_PCODE":"PH","date":"2022-11-09","validOn":"2023-11-06","validTo":null,"Shape_Leng":0.113037526169,"Shape_Area":0.000429853877149,"AREA_SQKM":5.19217397581,"psgc_id":"PH1705302004","psgc_code":"1705302004","psgc_name":"Diit","psgc_status":"matched","match_confidence":1.0,"psgc_type":"barangay","match_method":"exact","sga_member":false},"geometry":{"type":"MultiPolygon","coordinates":[[[[120.90667724600007,11.204101563000052],[120.90551757800006,11.203125001000046],[120.90612792900004,11.20428466800007],[120.90667724600007,11.204101563000052]]],[[[120.85556429600001,11.240168726000036],[120.85514403800005,11.240178739000044],[120.85557589100006,11.240318818000048],[120.85556429600001,11.240168726000036]]],[[[120.84975858100006,11.240696413000023],[120.85352245700005,11.23760758000003],[120.85006617400006,11.237611207000043],[120.84975858100006,11.240696413000023]]],[[[120.9365918630001,11.257996927000022],[120.94416963600008,11.242536465000057],[120.92979497300007,11.23081815200004],[120.92345050100005,11.243002081000043],[120.9365918630001,11.257996927000022]]],[[[120.86606543700009,11.370342847000074],[120.86516250700004,11.37124880400006],[120.8668722220001,11.372235153000076],[120.86606543700009,11.370342847000074]]]]}},{"type":"Feature","properties":{"ADM4_EN":"Maracanao","ADM4_PCODE":"PH1705302005","ADM4_REF":null,"ADM3_EN":"Agutaya","ADM3_PCODE":"PH1705302","ADM2_EN":"Palawan","ADM2_PCODE":"PH17053","ADM1_EN":"Mimaropa Region","ADM1_PCODE":"PH17","ADM0_EN":"Philippines (the)","ADM0_PCODE":"PH","date":"2022-11-09","validOn":"2023-11-06","validTo":null,"Shape_Leng":0.0350099507159,"Shape_Area":7.94517084112e-05,"AREA_SQKM":0.95975593327,"psgc_id":"PH1705302005","psgc_code":"1705302005","psgc_name":"Maracanao","psgc_status":"matched","match_confidence":1.0,"psgc_type":"barangay","match_method":"exact","sga_member":false},"geometry":{"type":"Polygon","coordinates":[[[121.06622657100002,11.229850850000048],[121.06808188000002,11.220267447000026],[121.06121267100002,11.22086226700003],[121.05914967400008,11.22670899800005],[121.06622657100002,11.229850850000048]]]}},{"type":"Feature","properties":{"ADM4_EN":"Matarawis","ADM4_PCODE":"PH1705302006","ADM4_REF":null,"ADM3_EN":"Agutaya","ADM3_PCODE":"PH1705302","ADM2_EN":"Palawan","ADM2_PCODE":"PH17053","ADM1_EN":"Mimaropa Region","ADM1_PCODE":"PH17","ADM0_EN":"Philippines (the)","ADM0_PCODE":"PH","date":"2022-11-09","validOn":"2023-11-06","validTo":null,"Shape_Leng":0.0301040358741,"Shape_Area":5.00181565825e-05,"AREA_SQKM":0.604413862148,"psgc_id":"PH1705302006","psgc_code":"1705302006","psgc_name":"Matarawis","psgc_status":"matched","match_confidence":1.0,"psgc_type":"barangay","match_method":"exact","sga_member":false},"geometry":{"type":"Polygon","coordinates":[[[121.14414448800005,11.126735625000038],[121.14895716500007,11.119963459000076],[121.14312629000005,11.11798077700007],[121.14076241400005,11.12165890500006],[121.14414448800005,11.126735625000038]]]}},{"type":"Feature","properties":{"ADM4_EN":"Abagat (Pob.)","ADM4_PCODE":"PH1705302007","ADM4_REF":null,"ADM3_EN":"Agutaya","ADM3_PCODE":"PH1705302","ADM2_EN":"Palawan","ADM2_PCODE":"PH17053","ADM1_EN":"Mimaropa Region","ADM1_PCODE":"PH17","ADM0_EN":"Philippines (the)","ADM0_PCODE":"PH","date":"2022-11-09","validOn":"2023-11-06","validTo":null,"Shape_Leng":0.0668182471923,"Shape_Area":0.000159622972856,"AREA_SQKM":1.9287426672,"psgc_id":"PH1705302007","psgc_code":"1705302007","psgc_name":"Abagat","psgc_status":"matched","match_confidence":1.0,"psgc_type":"barangay","match_method":"exact","sga_member":false},"geometry":{"type":"Polygon","coordinates":[[[120.93885899800011,11.14984957400003],[120.94873339800006,11.147163654000053],[120.95764449700005,11.140693372000044],[120.94530955400012,11.135236829000064],[120.93885899800011,11.14984957400003]]]}},{"type":"Feature","properties":{"ADM4_EN":"Bangcal (Pob.)","ADM4_PCODE":"PH1705302008","ADM4_REF":null,"ADM3_EN":"Agutaya","ADM3_PCODE":"PH1705302","ADM2_EN":"Palawan","ADM2_PCODE":"PH17053","ADM1_EN":"Mimaropa Region","ADM1_PCODE":"PH17","ADM0_EN":"Philippines (the)","ADM0_PCODE":"PH","date":"2022-11-09","validOn":"2023-11-06","validTo":null,"Shape_Leng":0.0651347920569,"Shape_Area":8.37981765063e-05,"AREA_SQKM":1.01252500188,"psgc_id":"PH1705302008","psgc_code":"1705302008","psgc_name":"Bangcal","psgc_status":"matched","match_confidence":1.0,"psgc_type":"barangay","match_method":"exact","sga_member":false},"geometry":{"type":"Polygon","coordinates":[[[120.93902049100006,11.152617452000072],[120.96021563700003,11.14805808500006],[120.95950608300006,11.143952800000022],[120.95313553300002,11.142277338000042],[120.93902049100006,11.152617452000072]]]}},{"type":"Feature","properties":{"ADM4_EN":"Cambian (Pob.)","ADM4_PCODE":"PH1705302009","ADM4_REF":null,"ADM3_EN":"Agutaya","ADM3_PCODE":"PH1705302","ADM2_EN":"Palawan","ADM2_PCODE":"PH17053","ADM1_EN":"Mimaropa Region","ADM1_PCODE":"PH17","ADM0_EN":"Philippines (the)","ADM0_PCODE":"PH","date":"2022-11-09","validOn":"2023-11-06","validTo":null,"Shape_Leng":0.0755002609068,"Shape_Area":0.000157315614184,"AREA_SQKM":1.90078575247,"psgc_id":"PH1705302009","psgc_code":"1705302009","psgc_name":"Cambian","psgc_status":"matched","match_confidence":1.0,"psgc_type":"barangay","match_method":"exact","sga_member":false},"geometry":{"type":"Polygon","coordinates":[[[120.95455468900002,11.160532277000073],[120.96075732500003,11.14825929400007],[120.93839836600011,11.152731058000029],[120.942206037,11.158914055000025],[120.95455468900002,11.160532277000073]]]}},{"type":"Feature","properties":{"ADM4_EN":"Villafria","ADM4_PCODE":"PH1705302010","ADM4_REF":null,"ADM3_EN":"Agutaya","ADM3_PCODE":"PH1705302","ADM2_EN":"Palawan","ADM2_PCODE":"PH17053","ADM1_EN":"Mimaropa Region","ADM1_PCODE":"PH17","ADM0_EN":"Philippines (the)","ADM0_PCODE":"PH","date":"2022-11-09","validOn":"2023-11-06","validTo":null,"Shape_Leng":0.112032909104,"Shape_Area":0.00044780089597,"AREA_SQKM":5.41047708355,"psgc_id":"PH1705302010","psgc_code":"1705302010","psgc_name":"Villafria","psgc_status":"matched","match_confidence":1.0,"psgc_type":"barangay","match_method":"exact","sga_member":false},"geometry":{"type":"Polygon","coordinates":[[[120.97856527500005,11.173869535000051],[120.98765350300005,11.168059096000036],[120.98694771400005,11.158083289000047],[120.9558974140001,11.150867439000024],[120.95447193200005,11.160696058000042],[120.97856527500005,11.173869535000051]]]}},{"type":"Feature","properties":{"ADM4_EN":"Villasol","ADM4_PCODE":"PH1705302011","ADM4_REF":null,"ADM3_EN":"Agutaya","ADM3_PCODE":"PH1705302","ADM2_EN":"Palawan","ADM2_PCODE":"PH17053","ADM1_EN":"Mimaropa Region","ADM1_PCODE":"PH17","ADM0_EN":"Philippines (the)","ADM0_PCODE":"PH","date":"2022-11-09","validOn":"2023-11-06","validTo":null,"Shape_Leng":0.110757452819,"Shape_Area":0.000387030777845,"AREA_SQKM":4.67648394084,"psgc_id":"PH1705302011","psgc_code":"1705302011","psgc_name":"Villasol","psgc_status":"matched","match_confidence":1.0,"psgc_type":"barangay","match_method":"exact","sga_member":false},"geometry":{"type":"Polygon","coordinates":[[[120.98673582900005,11.157969457000036],[120.96667681500003,11.134091298000044],[120.9503889130001,11.134011464000025],[120.97096548700006,11.155775596000069],[120.98673582900005,11.157969457000036]]]}},{"type":"Feature","properties":{"ADM4_EN":"Balogo","ADM4_PCODE":"PH1705303001","ADM4_REF":null,"ADM3_EN":"Araceli","ADM3_PCODE":"PH1705303","ADM2_EN":"Palawan","ADM2_PCODE":"PH17053","ADM1_EN":"Mimaropa Region","ADM1_PCODE":"PH17","ADM0_EN":"Philippines (the)","ADM0_PCODE":"PH","date":"2022-11-09","validOn":"2023-11-06","validTo":null,"Shape_Leng":0.148914295086,"Shape_Area":0.00117878369396,"AREA_SQKM":14.270249531,"psgc_id":"PH1705303001","psgc_code":"1705303001","psgc_name":"Balogo","psgc_status":"matched","match_confidence":1.0,"psgc_type":"barangay","match_method":"exact","sga_member":false},"geometry":{"type":"Polygon","coordinates":[[[119.85623976000011,10.581969142000048],[119.87209362500005,10.577985845000057],[119.88071470800003,10.548669951000022],[119.83301573300002,10.549531272000024],[119.84123000000011,10.575323],[119.85623976000011,10.581969142000048]]]}},{"type":"Feature","properties":{"ADM4_EN":"Dagman","ADM4_PCODE":"PH1705303004","ADM4_REF":null,"ADM3_EN":"Araceli","ADM3_PCODE":"PH1705303","ADM2_EN":"Palawan","ADM2_PCODE":"PH17053","ADM1_EN":"Mimaropa Region","ADM1_PCODE":"PH17","ADM0_EN":"Philippines (the)","ADM0_PCODE":"PH","date":"2022-11-09","validOn":"2023-11-06","validTo":null,"Shape_Leng":0.244091998836,"Shape_Area":0.000917347554173,"AREA_SQKM":11.1063796292,"psgc_id":"PH1705303004","psgc_code":"1705303004","psgc_name":"Dagman","psgc_status":"matched","match_confidence":1.0,"psgc_type":"barangay","match_method":"exact","sga_member":false},"geometry":{"type":"MultiPolygon","coordinates":[[[[119.99894768000001,10.495288017000064],[119.9971698170001,10.489104209000061],[119.99243443700004,10.489754215000062],[119.99195829500002,10.495918389000053],[119.99894768000001,10.495288017000064]]],[[[120.00518636200002,10.516123888000038],[120.00865729500003,10.515953755000055],[120.00585263200003,10.514472426000054],[120.00518636200002,10.516123888000038]]],[[[119.97414428900004,10.55082660000005],[119.97636354500003,10.551208957000028],[119.973794311,10.550761413000032],[119.97414428900004,10.55082660000005]]],[[[119.96953614400002,10.552956030000075],[119.9859286620001,10.536429612000063],[119.98298748700006,10.530689400000028],[119.97003923500006,10.530586257000039],[119.95864797200011,10.517552670000043],[119.94648328400001,10.519354942000064],[119.947302,10.546058],[119.96953614400002,10.552956030000075]]]]}},{"type":"Feature","properties":{"ADM4_EN":"Dalayawon","ADM4_PCODE":"PH1705303005","ADM4_REF":null,"ADM3_EN":"Araceli","ADM3_PCODE":"PH1705303","ADM2_EN":"Palawan","ADM2_PCODE":"PH17053","ADM1_EN":"Mimaropa Region","ADM1_PCODE":"PH17","ADM0_EN":"Philippines (the)","ADM0_PCODE":"PH","date":"2022-11-09","validOn":"2023-11-06","validTo":null,"Shape_Leng":0.198146686445,"Shape_Area":0.00125274637948,"AREA_SQKM":15.1644516047,"psgc_id":"PH1705303005","psgc_code":"1705303005","psgc_name":"Dalayawon","psgc_status":"matched","match_confidence":1.0,"psgc_type":"barangay","match_method":"exact","sga_member":false},"geometry":{"type":"Polygon","coordinates":[[[119.93948556700002,10.607708871000057],[119.97129734100008,10.598505658000022],[119.95320928800004,10.56371376800007],[119.93334236700002,10.568975872000067],[119.92585038000004,10.586099868000076],[119.92211612900007,10.60319062800005],[119.93948556700002,10.607708871000057]]]}},{"type":"Feature","properties":{"ADM4_EN":"Lumacad","ADM4_PCODE":"PH1705303006","ADM4_REF":null,"ADM3_EN":"Araceli","ADM3_PCODE":"PH1705303","ADM2_EN":"Palawan","ADM2_PCODE":"PH17053","ADM1_EN":"Mimaropa Region","ADM1_PCODE":"PH17","ADM0_EN":"Philippines (the)","ADM0_PCODE":"PH","date":"2022-11-09","validOn":"2023-11-06","validTo":null,"Shape_Leng":0.165611962076,"Shape_Area":0.00104961588199,"AREA_SQKM":12.7067785672,"psgc_id":"PH1705303006","psgc_code":"1705303006","psgc_name":"Lumacad","psgc_status":"matched","match_confidence":1.0,"psgc_type":"barangay","match_method":"exact","sga_member":false},"geometry":{"type":"Polygon","coordinates":[[[119.93296090100011,10.569603349000033],[119.95423926100011,10.564643533000037],[119.954958,10.547601],[119.91040066800008,10.545160537000072],[119.90429722700003,10.56158457600003],[119.93296090100011,10.569603349000033]]]}},{"type":"Feature","properties":{"ADM4_EN":"Madoldolon","ADM4_PCODE":"PH1705303007","ADM4_REF":null,"ADM3_EN":"Araceli","ADM3_PCODE":"PH1705303","ADM2_EN":"Palawan","ADM2_PCODE":"PH17053","ADM1_EN":"Mimaropa Region","ADM1_PCODE":"PH17","ADM0_EN":"Philippines (the)","ADM0_PCODE":"PH","date":"2022-11-09","validOn":"2023-11-06","validTo":null,"Shape_Leng":0.445469444876,"Shape_Area":0.00199022262081,"AREA_SQKM":24.0905703558,"psgc_id":"PH1705303007","psgc_code":"1705303007","psgc_name":"Madoldolon","psgc_status":"matched","match_confidence":1.0,"psgc_type":"barangay","match_method":"exact","sga_member":false},"geometry":{"type":"MultiPolygon","coordinates":[[[[119.74618670500001,10.58678457700006],[119.747438052,10.587125455000034],[119.74793260700005,10.58612658800007],[119.74618670500001,10.58678457700006]]],[[[119.7462022950001,10.590307489000054],[119.75224850400002,10.594046584000068],[119.74745818400004,10.588215670000068],[119.7462022950001,10.590307489000054]]],[[[119.82768619100011,10.652520525000057],[119.83826147400009,10.652270757000053],[119.84302068300008,10.637279195000076],[119.85487215,10.634910594000075],[119.85954340600006,10.60780240300005],[119.84122521600011,10.605259209000053],[119.8073580780001,10.549990072000071],[119.79381784700001,10.550124394000022],[119.79098423800008,10.563167320000048],[119.806044885,10.566348257000072],[119.79672438500006,10.571664121000026],[119.80480808700008,10.587654127000064],[119.82181175500011,10.594621172000075],[119.82421654100006,10.607169285000055],[119.83413739000002,10.612596143000076],[119.82768619100011,10.652520525000057]]]]}},{"type":"Feature","properties":{"ADM4_EN":"Mauringuen","ADM4_PCODE":"PH1705303008","ADM4_REF":null,"ADM3_EN":"Araceli","ADM3_PCODE":"PH1705303","ADM2_EN":"Palawan","ADM2_PCODE":"PH17053","ADM1_EN":"Mimaropa Region","ADM1_PCODE":"PH17","ADM0_EN":"Philippines (the)","ADM0_PCODE":"PH","date":"2022-11-09","validOn":"2023-11-06","validTo":null,"Shape_Leng":0.248428429237,"Shape_Area":0.0016161772513,"AREA_SQKM":19.5642079507,"psgc_id":"PH1705303008","psgc_code":"1705303008","psgc_name":"Mauringuen","psgc_status":"matched","match_confidence":1.0,"psgc_type":"barangay","match_method":"exact","sga_member":false},"geometry":{"type":"Polygon","coordinates":[[[119.86545623300003,10.617992646000062],[119.87003381400007,10.605647199000032],[119.85595231100001,10.591670350000072],[119.86984296500009,10.580608281000025],[119.85328718900007,10.58323364100005],[119.84123000000011,10.575323],[119.83301573300002,10.549531272000024],[119.8073580780001,10.549990072000071],[119.82515763100002,10.588049493000028],[119.86545623300003,10.617992646000062]]]}},{"type":"Feature","properties":{"ADM4_EN":"Osmeña","ADM4_PCODE":"PH1705303009","ADM4_REF":"Osmena","ADM3_EN":"Araceli","ADM3_PCODE":"PH1705303","ADM2_EN":"Palawan","ADM2_PCODE":"PH17053","ADM1_EN":"Mimaropa Region","ADM1_PCODE":"PH17","ADM0_EN":"Philippines (the)","ADM0_PCODE":"PH","date":"2022-11-09","validOn":"2023-11-06","validTo":null,"Shape_Leng":0.218730178576,"Shape_Area":0.00103348534548,"AREA_SQKM":12.5125324192,"psgc_id":"PH1705303009","psgc_code":"1705303009","psgc_name":"Osmeña","psgc_status":"matched","match_confidence":1.0,"psgc_type":"barangay","match_method":"exact","sga_member":false},"geometry":{"type":"Polygon","coordinates":[[[119.92046384900004,10.54704577800004],[119.947302,10.546058],[119.93080368900007,10.504101071000036],[119.92420112800005,10.518474912000045],[119.91046384000003,10.51619843100002],[119.91458276500009,10.522273755000072],[119.9031768110001,10.533705592000047],[119.92046384900004,10.54704577800004]]]}},{"type":"Feature","properties":{"ADM4_EN":"San Jose de Oro","ADM4_PCODE":"PH1705303010","ADM4_REF":null,"ADM3_EN":"Araceli","ADM3_PCODE":"PH1705303","ADM2_EN":"Palawan","ADM2_PCODE":"PH17053","ADM1_EN":"Mimaropa Region","ADM1_PCODE":"PH17","ADM0_EN":"Philippines (the)","ADM0_PCODE":"PH","date":"2022-11-09","validOn":"2023-11-06","validTo":null,"Shape_Leng":0.261639566112,"Shape_Area":0.00122864952975,"AREA_SQKM":14.8724165728,"psgc_id":"PH1705303010","psgc_code":"1705303010","psgc_name":"San Jose De Oro","psgc_status":"matched","match_confidence":1.0,"psgc_type":"barangay","match_method":"exact","sga_member":false},"geometry":{"type":"Polygon","coordinates":[[[119.86884728300004,10.634362488000022],[119.89285129000007,10.614873548000048],[119.88703080200003,10.595925837000038],[119.87324,10.588804],[119.88941989300008,10.558559794000075],[119.88498184100001,10.548592780000035],[119.8700758980001,10.58495303500007],[119.85595231100001,10.591670350000072],[119.87003381400007,10.605647199000032],[119.86215254700005,10.619716982000057],[119.86884728300004,10.634362488000022]]]}},{"type":"Feature","properties":{"ADM4_EN":"Santo Niño","ADM4_PCODE":"PH1705303011","ADM4_REF":"Santo Nino","ADM3_EN":"Araceli","ADM3_PCODE":"PH1705303","ADM2_EN":"Palawan","ADM2_PCODE":"PH17053","ADM1_EN":"Mimaropa Region","ADM1_PCODE":"PH17","ADM0_EN":"Philippines (the)","ADM0_PCODE":"PH","date":"2022-11-09","validOn":"2023-11-06","validTo":null,"Shape_Leng":0.218844444142,"Shape_Area":0.00131827041066,"AREA_SQKM":15.9583256663,"psgc_id":"PH1705303011","psgc_code":"1705303011","psgc_name":"Santo Niño","psgc_status":"matched","match_confidence":1.0,"psgc_type":"barangay","match_method":"exact","sga_member":false},"geometry":{"type":"Polygon","coordinates":[[[119.92050915900006,10.60383319400006],[119.93369334400006,10.574266495000074],[119.90429722700003,10.56158457600003],[119.91040066800008,10.545160537000072],[119.90605896900001,10.541186959000072],[119.89467631100001,10.553841547000047],[119.88734989000011,10.550384005000069],[119.88340033400004,10.566094288000045],[119.92050915900006,10.60383319400006]]]}},{"type":"Feature","properties":{"ADM4_EN":"Taloto","ADM4_PCODE":"PH1705303012","ADM4_REF":null,"ADM3_EN":"Araceli","ADM3_PCODE":"PH1705303","ADM2_EN":"Palawan","ADM2_PCODE":"PH17053","ADM1_EN":"Mimaropa Region","ADM1_PCODE":"PH17","ADM0_EN":"Philippines (the)","ADM0_PCODE":"PH","date":"2022-11-09","validOn":"2023-11-06","validTo":null,"Shape_Leng":0.168150962683,"Shape_Area":0.000752938993075,"AREA_SQKM":9.11421676012,"psgc_id":"PH1705303012","psgc_code":"1705303012","psgc_name":"Taloto","psgc_status":"matched","match_confidence":1.0,"psgc_type":"barangay","match_method":"exact","sga_member":false},"geometry":{"type":"Polygon","coordinates":[[[119.89288825200003,10.614853288000063],[119.90402937400006,10.598047893000057],[119.91603904400006,10.600687272000073],[119.88519927800007,10.566767073000051],[119.87324,10.588804],[119.88703080200003,10.595925837000038],[119.89288825200003,10.614853288000063]]]}},{"type":"Feature","properties":{"ADM4_EN":"Tinintinan","ADM4_PCODE":"PH1705303013","ADM4_REF":null,"ADM3_EN":"Araceli","ADM3_PCODE":"PH1705303","ADM2_EN":"Palawan","ADM2_PCODE":"PH17053","ADM1_EN":"Mimaropa Region","ADM1_PCODE":"PH17","ADM0_EN":"Philippines (the)","ADM0_PCODE":"PH","date":"2022-11-09","validOn":"2023-11-06","validTo":null,"Shape_Leng":0.219254898793,"Shape_Area":0.00126609368307,"AREA_SQKM":15.3266776457,"psgc_id":"PH1705303013","psgc_code":"1705303013","psgc_name":"Tinintinan","psgc_status":"matched","match_confidence":1.0,"psgc_type":"barangay","match_method":"exact","sga_member":false},"geometry":{"type":"Polygon","coordinates":[[[119.97515071600003,10.601943778000077],[119.99440620700011,10.591896409000071],[119.9904701690001,10.57953770100005],[120.000275041,10.567350624000028],[119.99001329000009,10.563251173000026],[119.98061644400002,10.57101894300007],[119.98031267800002,10.551632357000074],[119.957616,10.551334],[119.95560496000007,10.572815004000063],[119.97515071600003,10.601943778000077]]]}},{"type":"Feature","properties":{"ADM4_EN":"Tudela (Calandagan)","ADM4_PCODE":"PH1705303014","ADM4_REF":null,"ADM3_EN":"Araceli","ADM3_PCODE":"PH1705303","ADM2_EN":"Palawan","ADM2_PCODE":"PH17053","ADM1_EN":"Mimaropa Region","ADM1_PCODE":"PH17","ADM0_EN":"Philippines (the)","ADM0_PCODE":"PH","date":"2022-11-09","validOn":"2023-11-06","validTo":null,"Shape_Leng":0.249798155021,"Shape_Area":0.00057756886746,"AREA_SQKM":6.98948895375,"psgc_id":"PH1705303014","psgc_code":"1705303014","psgc_name":"Tudela","psgc_status":"matched","match_confidence":1.0,"psgc_type":"barangay","match_method":"exact","sga_member":false},"geometry":{"type":"MultiPolygon","coordinates":[[[[120.24608706600009,10.674788703000047],[120.25403068800006,10.661000386000069],[120.24937015900002,10.644673969000053],[120.25576296700001,10.63267139900006],[120.2467115720001,10.632916390000048],[120.24608706600009,10.674788703000047]]],[[[120.24698239100007,10.680198437000058],[120.24633812600007,10.681737614000042],[120.24741324500008,10.682491582000068],[120.24698239100007,10.680198437000058]]],[[[120.33172607400002,10.681884766000053],[120.3255004880001,10.682678223000039],[120.33227539100005,10.682922363000046],[120.33172607400002,10.681884766000053]]],[[[120.26902402100006,10.694326123000053],[120.27200718900008,10.693117495000024],[120.27112845200008,10.690681840000025],[120.26902402100006,10.694326123000053]]],[[[120.26581969900008,10.71283865600003],[120.2671322860001,10.69557996900005],[120.25594433800006,10.694080043000042],[120.25464837900006,10.713060231000043],[120.26581969900008,10.71283865600003]]],[[[120.31610107400002,10.717529297000056],[120.31249999900001,10.71868896500007],[120.31530761700003,10.719482422000056],[120.31610107400002,10.717529297000056]]]]}},{"type":"Feature","properties":{"ADM4_EN":"Poblacion (Centro)","ADM4_PCODE":"PH1705303015","ADM4_REF":null,"ADM3_EN":"Araceli","ADM3_PCODE":"PH1705303","ADM2_EN":"Palawan","ADM2_PCODE":"PH17053","ADM1_EN":"Mimaropa Region","ADM1_PCODE":"PH17","ADM0_EN":"Philippines (the)","ADM0_PCODE":"PH","date":"2022-11-09","validOn":"2023-11-06","validTo":null,"Shape_Leng":0.120606833866,"Shape_Area":0.000201775907675,"AREA_SQKM":2.44276015256,"psgc_id":"PH1705303015","psgc_code":"1705303015","psgc_name":"Poblacion","psgc_status":"matched","match_confidence":1.0,"psgc_type":"barangay","match_method":"exact","sga_member":false},"geometry":{"type":"MultiPolygon","coordinates":[[[[120.02531001900002,10.537889021000069],[120.02181796800005,10.529815116000066],[120.01845731100002,10.531746228000031],[120.02531001900002,10.537889021000069]]],[[[120.00945548300001,10.542099620000045],[120.01013465400001,10.548660055000028],[120.01451056500002,10.544968604000076],[120.00945548300001,10.542099620000045]]],[[[120.00206975300011,10.567584545000045],[120.00152157600007,10.552167290000057],[119.98565016900011,10.550211389000026],[119.99001329000009,10.563251173000026],[120.00206975300011,10.567584545000045]]]]}},{"type":"Feature","properties":{"ADM4_EN":"Agutayan","ADM4_PCODE":"PH1705304001","ADM4_REF":null,"ADM3_EN":"Balabac","ADM3_PCODE":"PH1705304","ADM2_EN":"Palawan","ADM2_PCODE":"PH17053","ADM1_EN":"Mimaropa Region","ADM1_PCODE":"PH17","ADM0_EN":"Philippines (the)","ADM0_PCODE":"PH","date":"2022-11-09","validOn":"2023-11-06","validTo":null,"Shape_Leng":0.279049939073,"Shape_Area":0.00235099358532,"AREA_SQKM":28.6694640768,"psgc_id":"PH1705304001","psgc_code":"1705304001","psgc_name":"Agutayan","psgc_status":"matched","match_confidence":1.0,"psgc_type":"barangay","match_method":"exact","sga_member":false},"geometry":{"type":"Polygon","coordinates":[[[117.01491116000011,7.954205450000075],[117.01342329500005,7.915382168000065],[116.98759775100007,7.912324987000034],[116.9652896450001,7.895602446000055],[116.9518792560001,7.917934055000046],[116.93487969700004,7.913953613000047],[116.92886449600007,7.935494727000048],[116.93381386400006,7.939441273000057],[116.94312670600004,7.929435109000053],[117.01491116000011,7.954205450000075]]]}},{"type":"Feature","properties":{"ADM4_EN":"Bugsuk (New Cagayancillo)","ADM4_PCODE":"PH1705304002","ADM4_REF":null,"ADM3_EN":"Balabac","ADM3_PCODE":"PH1705304","ADM2_EN":"Palawan","ADM2_PCODE":"PH17053","ADM1_EN":"Mimaropa Region","ADM1_PCODE":"PH17","ADM0_EN":"Philippines (the)","ADM0_PCODE":"PH","date":"2022-11-09","validOn":"2023-11-06","validTo":null,"Shape_Leng":0.558562549105,"Shape_Area":0.00960451216882,"AREA_SQKM":117.02877376,"psgc_id":"PH1705304002","psgc_code":"1705304002","psgc_name":"Bugsuk","psgc_status":"matched","match_confidence":1.0,"psgc_type":"barangay","match_method":"exact","sga_member":false},"geometry":{"type":"MultiPolygon","coordinates":[[[[117.33919118400001,8.311020235000058],[117.34141601500005,8.310266231000071],[117.33807280200006,8.308725227000025],[117.33919118400001,8.311020235000058]]],[[[117.3069265790001,8.330478263000032],[117.32462826100004,8.323826540000027],[117.33332175300006,8.311831762000054],[117.33944890600003,8.307046636000052],[117.34354086300004,8.307954916000028],[117.35221775600007,8.290747994000071],[117.34221716700006,8.252666592000026],[117.34615971900007,8.20855427400005],[117.32798943600005,8.191678396000043],[117.27012243800004,8.201114035000046],[117.26280827200003,8.209528134000038],[117.27167188500005,8.228546272000074],[117.26866121400008,8.228978794000056],[117.26527796500011,8.231454600000063],[117.27147403800006,8.230436637000025],[117.26541718100009,8.298858748000043],[117.27061736600001,8.31410038000007],[117.27903555400007,8.322982655000033],[117.29661948900002,8.314489700000024],[117.3069265790001,8.330478263000032]]],[[[117.520221805,8.342745085000047],[117.51703065600009,8.33806063000003],[117.51491037900007,8.337686182000027],[117.5151766140001,8.341483289000053],[117.520221805,8.342745085000047]]],[[[117.31244850900009,8.35007883000003],[117.31674272700002,8.346720527000059],[117.31055675200002,8.34369309400006],[117.31244850900009,8.35007883000003]]]]}},{"type":"Feature","properties":{"ADM4_EN":"Bancalaan","ADM4_PCODE":"PH1705304003","ADM4_REF":null,"ADM3_EN":"Balabac","ADM3_PCODE":"PH1705304","ADM2_EN":"Palawan","ADM2_PCODE":"PH17053","ADM1_EN":"Mimaropa Region","ADM1_PCODE":"PH17","ADM0_EN":"Philippines (the)","ADM0_PCODE":"PH","date":"2022-11-09","validOn":"2023-11-06","validTo":null,"Shape_Leng":0.495625142164,"Shape_Area":0.00324055548944,"AREA_SQKM":39.4922297127,"psgc_id":"PH1705304003","psgc_code":"1705304003","psgc_name":"Bancalaan","psgc_status":"matched","match_confidence":1.0,"psgc_type":"barangay","match_method":"exact","sga_member":false},"geometry":{"type":"MultiPolygon","coordinates":[[[[117.13053658800004,8.135096235000049],[117.13637329900007,8.125578134000023],[117.1562544310001,8.113564005000057],[117.14352618300006,8.11449863200005],[117.13441337000006,8.123648367000044],[117.13053658800004,8.135096235000049]]],[[[117.14015332200006,8.179950629000075],[117.18970407400002,8.178831153000033],[117.20561925100003,8.153628395000055],[117.14854163500002,8.15127003400005],[117.13167920400008,8.173516107000069],[117.14015332200006,8.179950629000075]]],[[[117.18748135600003,8.200377403000061],[117.1946128190001,8.199408886000072],[117.19830889400009,8.195722998000065],[117.18748135600003,8.200377403000061]]],[[[117.13984695200008,8.234569323000073],[117.1415281300001,8.233665201000065],[117.14060478600004,8.233171703000039],[117.13984695200008,8.234569323000073]]],[[[117.08110016100011,8.248246230000063],[117.11434123400011,8.241501663000065],[117.12762877400007,8.21732273300006],[117.08521064500007,8.215919504000055],[117.08110016100011,8.248246230000063]]]]}},{"type":"Feature","properties":{"ADM4_EN":"Indalawan","ADM4_PCODE":"PH1705304005","ADM4_REF":null,"ADM3_EN":"Balabac","ADM3_PCODE":"PH1705304","ADM2_EN":"Palawan","ADM2_PCODE":"PH17053","ADM1_EN":"Mimaropa Region","ADM1_PCODE":"PH17","ADM0_EN":"Philippines (the)","ADM0_PCODE":"PH","date":"2022-11-09","validOn":"2023-11-06","validTo":null,"Shape_Leng":0.278995693576,"Shape_Area":0.00320714715483,"AREA_SQKM":39.1129493676,"psgc_id":"PH1705304005","psgc_code":"1705304005","psgc_name":"Indalawan","psgc_status":"matched","match_confidence":1.0,"psgc_type":"barangay","match_method":"exact","sga_member":false},"geometry":{"type":"MultiPolygon","coordinates":[[[[117.07726326800002,7.872718730000031],[117.07697210000003,7.872415053000054],[117.07694970200009,7.872996061000038],[117.07726326800002,7.872718730000031]]],[[[117.01254595400007,7.927231703000075],[117.08631886700005,7.908090109000057],[117.06771357100001,7.894978350000031],[117.07892484400008,7.880597741000031],[117.07282983300001,7.862832023000067],[117.028605631,7.861858966000057],[117.0152008660001,7.891375082000025],[117.01254595400007,7.927231703000075]]]]}},{"type":"Feature","properties":{"ADM4_EN":"Catagupan","ADM4_PCODE":"PH1705304006","ADM4_REF":null,"ADM3_EN":"Balabac","ADM3_PCODE":"PH1705304","ADM2_EN":"Palawan","ADM2_PCODE":"PH17053","ADM1_EN":"Mimaropa Region","ADM1_PCODE":"PH17","ADM0_EN":"Philippines (the)","ADM0_PCODE":"PH","date":"2022-11-09","validOn":"2023-11-06","validTo":null,"Shape_Leng":0.472331420602,"Shape_Area":0.00413116883932,"AREA_SQKM":50.3708485326,"psgc_id":"PH1705304006","psgc_code":"1705304006","psgc_name":"Catagupan","psgc_status":"matched","match_confidence":1.0,"psgc_type":"barangay","match_method":"exact","sga_member":false},"geometry":{"type":"Polygon","coordinates":[[[116.96724252700005,8.054557019000072],[116.9736942510001,8.045082941000032],[116.96388273200012,8.036257401000057],[116.96653985600005,8.016688230000057],[116.978697624,8.025893592000045],[117.00215500700006,8.016591960000028],[117.0155672950001,7.956159391000028],[116.974341,7.93711],[116.94887722200008,7.934499057000039],[116.96577208800011,7.947924543000056],[116.96761097600006,7.954017416000056],[116.95826619400009,7.957830780000052],[116.96963570700007,7.964460186000053],[116.96059408500003,7.990673341000047],[116.95006613200007,7.998533544000054],[116.96724252700005,8.054557019000072]]]}},{"type":"Feature","properties":{"ADM4_EN":"Malaking Ilog","ADM4_PCODE":"PH1705304007","ADM4_REF":null,"ADM3_EN":"Balabac","ADM3_PCODE":"PH1705304","ADM2_EN":"Palawan","ADM2_PCODE":"PH17053","ADM1_EN":"Mimaropa Region","ADM1_PCODE":"PH17","ADM0_EN":"Philippines (the)","ADM0_PCODE":"PH","date":"2022-11-09","validOn":"2023-11-06","validTo":null,"Shape_Leng":0.307908366972,"Shape_Area":0.00379734753917,"AREA_SQKM":46.3050783731,"psgc_id":"PH1705304007","psgc_code":"1705304007","psgc_name":"Malaking Ilog","psgc_status":"matched","match_confidence":1.0,"psgc_type":"barangay","match_method":"exact","sga_member":false},"geometry":{"type":"MultiPolygon","coordinates":[[[[117.21930967800006,7.916125742000077],[117.2228329940001,7.916477840000027],[117.22091336900007,7.914512343000069],[117.21930967800006,7.916125742000077]]],[[[117.06589647400006,7.984494550000022],[117.0795096170001,7.972682850000069],[117.08593312800008,7.907651980000026],[117.01254595400007,7.927231703000075],[117.01524686500011,7.957543077000025],[117.06589647400006,7.984494550000022]]]]}},{"type":"Feature","properties":{"ADM4_EN":"Mangsee","ADM4_PCODE":"PH1705304008","ADM4_REF":null,"ADM3_EN":"Balabac","ADM3_PCODE":"PH1705304","ADM2_EN":"Palawan","ADM2_PCODE":"PH17053","ADM1_EN":"Mimaropa Region","ADM1_PCODE":"PH17","ADM0_EN":"Philippines (the)","ADM0_PCODE":"PH","date":"2022-11-09","validOn":"2023-11-06","validTo":null,"Shape_Leng":0.112942116132,"Shape_Area":0.000124275797024,"AREA_SQKM":1.51644929115,"psgc_id":"PH1705304008","psgc_code":"1705304008","psgc_name":"Mangsee","psgc_status":"matched","match_confidence":1.0,"psgc_type":"barangay","match_method":"exact","sga_member":false},"geometry":{"type":"MultiPolygon","coordinates":[[[[117.31533488700006,7.509352976000059],[117.30734518200006,7.509526919000052],[117.31311096200011,7.513903058000039],[117.31533488700006,7.509352976000059]]],[[[117.2966984410001,7.524138020000066],[117.3024576790001,7.520391167000071],[117.29566985600002,7.524006629000041],[117.2966984410001,7.524138020000066]]],[[[117.29841576700005,7.558995103000029],[117.29172734800011,7.559922753000023],[117.29135383300002,7.56060812000004],[117.29268046800007,7.561033789000021],[117.29841576700005,7.558995103000029]]],[[[117.21551874700003,7.830793776000064],[117.22405152200008,7.825837601000046],[117.22677949900003,7.822911437000073],[117.21088526000005,7.823057363000032],[117.21551874700003,7.830793776000064]]]]}},{"type":"Feature","properties":{"ADM4_EN":"Melville","ADM4_PCODE":"PH1705304009","ADM4_REF":null,"ADM3_EN":"Balabac","ADM3_PCODE":"PH1705304","ADM2_EN":"Palawan","ADM2_PCODE":"PH17053","ADM1_EN":"Mimaropa Region","ADM1_PCODE":"PH17","ADM0_EN":"Philippines (the)","ADM0_PCODE":"PH","date":"2022-11-09","validOn":"2023-11-06","validTo":null,"Shape_Leng":0.341231780649,"Shape_Area":0.00266242826692,"AREA_SQKM":32.4739480046,"psgc_id":"PH1705304009","psgc_code":"1705304009","psgc_name":"Melville","psgc_status":"matched","match_confidence":1.0,"psgc_type":"barangay","match_method":"exact","sga_member":false},"geometry":{"type":"MultiPolygon","coordinates":[[[[117.02387417200009,7.80742037400006],[117.02541649700004,7.807875975000059],[117.02503430900003,7.806712116000028],[117.02387417200009,7.80742037400006]]],[[[117.067301971,7.862412407000022],[117.06060581200006,7.842133298000022],[117.04186829600008,7.832869427000048],[117.02786723500003,7.812763629000074],[117.01530108400004,7.822786864000022],[117.02364863800005,7.805019725000022],[116.99524257700011,7.809442011000044],[116.99256783700002,7.839280985000073],[117.00006455200003,7.851218180000046],[117.028605631,7.861858966000057],[117.067301971,7.862412407000022]]]]}},{"type":"Feature","properties":{"ADM4_EN":"Pandanan","ADM4_PCODE":"PH1705304011","ADM4_REF":null,"ADM3_EN":"Balabac","ADM3_PCODE":"PH1705304","ADM2_EN":"Palawan","ADM2_PCODE":"PH17053","ADM1_EN":"Mimaropa Region","ADM1_PCODE":"PH17","ADM0_EN":"Philippines (the)","ADM0_PCODE":"PH","date":"2022-11-09","validOn":"2023-11-06","validTo":null,"Shape_Leng":0.51842810598,"Shape_Area":0.00333334388648,"AREA_SQKM":40.6131742609,"psgc_id":"PH1705304011","psgc_code":"1705304011","psgc_name":"Pandanan","psgc_status":"matched","match_confidence":1.0,"psgc_type":"barangay","match_method":"exact","sga_member":false},"geometry":{"type":"MultiPolygon","coordinates":[[[[117.12054879800007,8.281377329000065],[117.1279230450001,8.284946700000035],[117.12644950100002,8.278783812000029],[117.12054879800007,8.281377329000065]]],[[[117.14321037600007,8.30192850100002],[117.14159310900004,8.303897096000071],[117.14243794300012,8.305209625000032],[117.14321037600007,8.30192850100002]]],[[[117.18177232100004,8.302567804000034],[117.18337889500003,8.308224250000023],[117.18396449600004,8.307418443000074],[117.18409375600004,8.303883864000056],[117.18177232100004,8.302567804000034]]],[[[117.23464594900008,8.310054477000051],[117.23547587100006,8.310153809000042],[117.23550275900004,8.309971122000036],[117.23464594900008,8.310054477000051]]],[[[117.23108121000007,8.338854892000029],[117.22193736000008,8.314813495000067],[117.23679354,8.315452837000066],[117.23412956100003,8.310380757000075],[117.23849392200009,8.306646597000054],[117.24815869800011,8.317548045000024],[117.25787865500001,8.315042110000036],[117.25693883200006,8.28843650500005],[117.22013680400005,8.26238184400006],[117.21013278600003,8.267139927000073],[117.1757155890001,8.255559969000046],[117.17521403900002,8.270741477000058],[117.163135312,8.286050917000068],[117.17017898800009,8.281980451000038],[117.19372998600011,8.29091475000007],[117.23108121000007,8.338854892000029]]]]}},{"type":"Feature","properties":{"ADM4_EN":"Pasig","ADM4_PCODE":"PH1705304012","ADM4_REF":null,"ADM3_EN":"Balabac","ADM3_PCODE":"PH1705304","ADM2_EN":"Palawan","ADM2_PCODE":"PH17053","ADM1_EN":"Mimaropa Region","ADM1_PCODE":"PH17","ADM0_EN":"Philippines (the)","ADM0_PCODE":"PH","date":"2022-11-09","validOn":"2023-11-06","validTo":null,"Shape_Leng":0.140189349498,"Shape_Area":0.000741973550057,"AREA_SQKM":9.04939883195,"psgc_id":"PH1705304012","psgc_code":"1705304012","psgc_name":"Pasig","psgc_status":"matched","match_confidence":1.0,"psgc_type":"barangay","match_method":"exact","sga_member":false},"geometry":{"type":"Polygon","coordinates":[[[117.028605631,7.861858966000057],[116.99203923700009,7.848978258000045],[116.98088325900005,7.857573825000031],[117.01967929300008,7.881506178000052],[117.028605631,7.861858966000057]]]}},{"type":"Feature","properties":{"ADM4_EN":"Rabor","ADM4_PCODE":"PH1705304019","ADM4_REF":null,"ADM3_EN":"Balabac","ADM3_PCODE":"PH1705304","ADM2_EN":"Palawan","ADM2_PCODE":"PH17053","ADM1_EN":"Mimaropa Region","ADM1_PCODE":"PH17","ADM0_EN":"Philippines (the)","ADM0_PCODE":"PH","date":"2022-11-09","validOn":"2023-11-06","validTo":null,"Shape_Leng":0.194000146906,"Shape_Area":0.0018818704511,"AREA_SQKM":22.9506125127,"psgc_id":"PH1705304019","psgc_code":"1705304019","psgc_name":"Rabor","psgc_status":"matched","match_confidence":1.0,"psgc_type":"barangay","match_method":"exact","sga_member":false},"geometry":{"type":"Polygon","coordinates":[[[117.01342329500005,7.915382168000065],[117.01967929300008,7.881506178000052],[116.98067008900011,7.857840753000062],[116.9676385790001,7.896216165000055],[116.98759775100007,7.912324987000034],[117.01342329500005,7.915382168000065]]]}},{"type":"Feature","properties":{"ADM4_EN":"Ramos","ADM4_PCODE":"PH1705304020","ADM4_REF":null,"ADM3_EN":"Balabac","ADM3_PCODE":"PH1705304","ADM2_EN":"Palawan","ADM2_PCODE":"PH17053","ADM1_EN":"Mimaropa Region","ADM1_PCODE":"PH17","ADM0_EN":"Philippines (the)","ADM0_PCODE":"PH","date":"2022-11-09","validOn":"2023-11-06","validTo":null,"Shape_Leng":0.43559625493,"Shape_Area":0.0026936071274,"AREA_SQKM":32.8336736968,"psgc_id":"PH1705304020","psgc_code":"1705304020","psgc_name":"Ramos","psgc_status":"matched","match_confidence":1.0,"psgc_type":"barangay","match_method":"exact","sga_member":false},"geometry":{"type":"MultiPolygon","coordinates":[[[[117.04077631400003,8.078241778000063],[117.04140336000012,8.078170151000052],[117.04106299300008,8.077925555000036],[117.04077631400003,8.078241778000063]]],[[[116.988652623,8.093558233000067],[116.9851788840001,8.087339228000076],[116.991621914,8.087017134000064],[116.98617941400005,8.077935696000054],[116.98363884700007,8.088530482000067],[116.988652623,8.093558233000067]]],[[[117.028958525,8.13001756500006],[117.0507133100001,8.118571553000038],[117.05176987800007,8.099368405000064],[117.06248217500001,8.084082256000045],[117.04544748500007,8.082751746000042],[117.01560336800003,8.071425272000056],[117.00359502000003,8.08225058100004],[117.00884099500001,8.092589352000061],[116.994977403,8.087652226000046],[116.9898855030001,8.097728095000036],[117.028958525,8.13001756500006]]],[[[117.00997316200005,8.180132437000054],[117.02785992200006,8.17243497800007],[117.02932950600007,8.17068338000007],[117.01562275200001,8.17434589100003],[117.00997316200005,8.180132437000054]]]]}},{"type":"Feature","properties":{"ADM4_EN":"Salang","ADM4_PCODE":"PH1705304021","ADM4_REF":null,"ADM3_EN":"Balabac","ADM3_PCODE":"PH1705304","ADM2_EN":"Palawan","ADM2_PCODE":"PH17053","ADM1_EN":"Mimaropa Region","ADM1_PCODE":"PH17","ADM0_EN":"Philippines (the)","ADM0_PCODE":"PH","date":"2022-11-09","validOn":"2023-11-06","validTo":null,"Shape_Leng":0.59486949342,"Shape_Area":0.00600758247746,"AREA_SQKM":73.2408779241,"psgc_id":"PH1705304021","psgc_code":"1705304021","psgc_name":"Salang","psgc_status":"matched","match_confidence":1.0,"psgc_type":"barangay","match_method":"exact","sga_member":false},"geometry":{"type":"MultiPolygon","coordinates":[[[[117.00390028000004,8.070279882000023],[117.01667749100011,8.067086378000056],[117.00111261000006,8.068438485000058],[117.00390028000004,8.070279882000023]]],[[[117.03954414700002,8.073615739000047],[117.04223513500006,8.071716557000059],[117.0419318370001,8.071111405000067],[117.03954414700002,8.073615739000047]]],[[[117.06552744600003,8.080091683000035],[117.08059880000008,8.04490018100006],[117.07828419600003,8.01847358200007],[117.06553138000004,8.014729095000064],[117.07847073900007,8.012157632000026],[117.07791128100007,8.003542199000037],[117.05262773100003,7.992337823000071],[117.00605356400001,7.996601938000026],[117.00215500700006,8.016591960000028],[116.98624929300001,8.025061221000044],[116.98841288300002,8.035121175000029],[116.99626456600004,8.033331816000043],[117.00449721400003,8.044049466000047],[116.99657593600011,8.06254388700006],[117.03724086600005,8.063916240000026],[117.06552744600003,8.080091683000035]]],[[[117.07382401200005,8.090820093000048],[117.07852669500005,8.08740302700005],[117.07950110200011,8.082227978000049],[117.07571340800007,8.083368059000065],[117.07382401200005,8.090820093000048]]],[[[117.10670039000001,8.092460218000042],[117.10909281200009,8.073828890000073],[117.09836217000009,8.072088894000046],[117.10230052600002,8.089360537000061],[117.10670039000001,8.092460218000042]]]]}},{"type":"Feature","properties":{"ADM4_EN":"Sebaring","ADM4_PCODE":"PH1705304022","ADM4_REF":null,"ADM3_EN":"Balabac","ADM3_PCODE":"PH1705304","ADM2_EN":"Palawan","ADM2_PCODE":"PH17053","ADM1_EN":"Mimaropa Region","ADM1_PCODE":"PH17","ADM0_EN":"Philippines (the)","ADM0_PCODE":"PH","date":"2022-11-09","validOn":"2023-11-06","validTo":null,"Shape_Leng":0.311479767104,"Shape_Area":0.000731188239755,"AREA_SQKM":8.91101379338,"psgc_id":"PH1705304022","psgc_code":"1705304022","psgc_name":"Sebaring","psgc_status":"matched","match_confidence":1.0,"psgc_type":"barangay","match_method":"exact","sga_member":false},"geometry":{"type":"MultiPolygon","coordinates":[[[[117.22641367500012,8.163390995000043],[117.23207211600004,8.156460405000075],[117.23087768900007,8.151967194000065],[117.21910670200009,8.155100745000027],[117.22641367500012,8.163390995000043]]],[[[117.24082264000003,8.176852508000024],[117.24984716300003,8.175767964000045],[117.25735028300005,8.16719372700004],[117.24136163600008,8.168735149000042],[117.24082264000003,8.176852508000024]]],[[[117.27531792600007,8.180277532000048],[117.27565702200002,8.17994860500005],[117.27530428800003,8.179974642000047],[117.27531792600007,8.180277532000048]]],[[[117.27762667800005,8.182321029000036],[117.28207647700003,8.17997464900003],[117.2812364780001,8.178063535000035],[117.27762667800005,8.182321029000036]]],[[[117.28405552800007,8.183429348000061],[117.28347870000005,8.183188273000042],[117.28406582200012,8.184087261000059],[117.28405552800007,8.183429348000061]]],[[[117.28278992900005,8.183179482000071],[117.28318674000002,8.18438216800007],[117.28348904400002,8.183583044000045],[117.28278992900005,8.183179482000071]]],[[[117.27180723000004,8.200946994000049],[117.30507843900011,8.19969713100005],[117.32477818000007,8.191285599000025],[117.29238008800007,8.177296002000048],[117.28349283300008,8.182507212000075],[117.2941452980001,8.187897719000034],[117.27180723000004,8.200946994000049]]]]}},{"type":"Feature","properties":{"ADM4_EN":"Poblacion I","ADM4_PCODE":"PH1705304024","ADM4_REF":null,"ADM3_EN":"Balabac","ADM3_PCODE":"PH1705304","ADM2_EN":"Palawan","ADM2_PCODE":"PH17053","ADM1_EN":"Mimaropa Region","ADM1_PCODE":"PH17","ADM0_EN":"Philippines (the)","ADM0_PCODE":"PH","date":"2022-11-09","validOn":"2023-11-06","validTo":null,"Shape_Leng":0.0086358116307,"Shape_Area":4.08251665274e-06,"AREA_SQKM":0.0497775513716,"psgc_id":"PH1705304024","psgc_code":"1705304024","psgc_name":"Poblacion I","psgc_status":"matched","match_confidence":1.0,"psgc_type":"barangay","match_method":"exact","sga_member":false},"geometry":{"type":"Polygon","coordinates":[[[117.06622416500011,7.987317692000033],[117.06496836500003,7.984002117000045],[117.06439151600011,7.986566694000032],[117.06622416500011,7.987317692000033]]]}},{"type":"Feature","properties":{"ADM4_EN":"Poblacion II","ADM4_PCODE":"PH1705304025","ADM4_REF":null,"ADM3_EN":"Balabac","ADM3_PCODE":"PH1705304","ADM2_EN":"Palawan","ADM2_PCODE":"PH17053","ADM1_EN":"Mimaropa Region","ADM1_PCODE":"PH17","ADM0_EN":"Philippines (the)","ADM0_PCODE":"PH","date":"2022-11-09","validOn":"2023-11-06","validTo":null,"Shape_Leng":0.0139711991465,"Shape_Area":1.09587924515e-05,"AREA_SQKM":0.133619473185,"psgc_id":"PH1705304025","psgc_code":"1705304025","psgc_name":"Poblacion II","psgc_status":"matched","match_confidence":1.0,"psgc_type":"barangay","match_method":"exact","sga_member":false},"geometry":{"type":"Polygon","coordinates":[[[117.06035607400008,7.985498599000039],[117.06496836500003,7.984002117000045],[117.06122939800002,7.982010435000063],[117.06035607400008,7.985498599000039]]]}},{"type":"Feature","properties":{"ADM4_EN":"Poblacion III","ADM4_PCODE":"PH1705304026","ADM4_REF":null,"ADM3_EN":"Balabac","ADM3_PCODE":"PH1705304","ADM2_EN":"Palawan","ADM2_PCODE":"PH17053","ADM1_EN":"Mimaropa Region","ADM1_PCODE":"PH17","ADM0_EN":"Philippines (the)","ADM0_PCODE":"PH","date":"2022-11-09","validOn":"2023-11-06","validTo":null,"Shape_Leng":0.014372402092,"Shape_Area":6.65043941655e-06,"AREA_SQKM":0.0810876990637,"psgc_id":"PH1705304026","psgc_code":"1705304026","psgc_name":"Poblacion III","psgc_status":"matched","match_confidence":1.0,"psgc_type":"barangay","match_method":"exact","sga_member":false},"geometry":{"type":"Polygon","coordinates":[[[117.06035607400008,7.985498599000039],[117.06352583600005,7.987179620000063],[117.06453891800004,7.985649991000059],[117.06035607400008,7.985498599000039]]]}},{"type":"Feature","properties":{"ADM4_EN":"Poblacion IV","ADM4_PCODE":"PH1705304027","ADM4_REF":null,"ADM3_EN":"Balabac","ADM3_PCODE":"PH1705304","ADM2_EN":"Palawan","ADM2_PCODE":"PH17053","ADM1_EN":"Mimaropa Region","ADM1_PCODE":"PH17","ADM0_EN":"Philippines (the)","ADM0_PCODE":"PH","date":"2022-11-09","validOn":"2023-11-06","validTo":null,"Shape_Leng":0.0157342311342,"Shape_Area":2.5028477153e-06,"AREA_SQKM":0.0305167527818,"psgc_id":"PH1705304027","psgc_code":"1705304027","psgc_name":"Poblacion IV","psgc_status":"matched","match_confidence":1.0,"psgc_type":"barangay","match_method":"exact","sga_member":false},"geometry":{"type":"Polygon","coordinates":[[[117.06351270500011,7.986557137000034],[117.06663352300006,7.988233060000027],[117.0657210060001,7.986983045000045],[117.06351270500011,7.986557137000034]]]}},{"type":"Feature","properties":{"ADM4_EN":"Poblacion V","ADM4_PCODE":"PH1705304028","ADM4_REF":null,"ADM3_EN":"Balabac","ADM3_PCODE":"PH1705304","ADM2_EN":"Palawan","ADM2_PCODE":"PH17053","ADM1_EN":"Mimaropa Region","ADM1_PCODE":"PH17","ADM0_EN":"Philippines (the)","ADM0_PCODE":"PH","date":"2022-11-09","validOn":"2023-11-06","validTo":null,"Shape_Leng":0.0569863628173,"Shape_Area":0.000119907509199,"AREA_SQKM":1.46202134163,"psgc_id":"PH1705304028","psgc_code":"1705304028","psgc_name":"Poblacion V","psgc_status":"matched","match_confidence":1.0,"psgc_type":"barangay","match_method":"exact","sga_member":false},"geometry":{"type":"Polygon","coordinates":[[[117.0738388420001,7.992544208000027],[117.07810949000009,7.977810219000048],[117.07447600000012,7.975156],[117.06589647400006,7.984494550000022],[117.0738388420001,7.992544208000027]]]}},{"type":"Feature","properties":{"ADM4_EN":"Poblacion VI","ADM4_PCODE":"PH1705304029","ADM4_REF":null,"ADM3_EN":"Balabac","ADM3_PCODE":"PH1705304","ADM2_EN":"Palawan","ADM2_PCODE":"PH17053","ADM1_EN":"Mimaropa Region","ADM1_PCODE":"PH17","ADM0_EN":"Philippines (the)","ADM0_PCODE":"PH","date":"2022-11-09","validOn":"2023-11-06","validTo":null,"Shape_Leng":0.172150821005,"Shape_Area":0.0012134647611,"AREA_SQKM":14.7957819913,"psgc_id":"PH1705304029","psgc_code":"1705304029","psgc_name":"Poblacion VI","psgc_status":"matched","match_confidence":1.0,"psgc_type":"barangay","match_method":"exact","sga_member":false},"geometry":{"type":"MultiPolygon","coordinates":[[[[117.05389222800011,7.985089710000068],[117.0535849470001,7.984971545000064],[117.05363140800011,7.985396103000028],[117.05389222800011,7.985089710000068]]],[[[117.00605356400001,7.996601938000026],[117.05262773100003,7.992337823000071],[117.05304903400008,7.98542429500003],[117.05379468000001,7.984598966000021],[117.05683311900009,7.984689130000049],[117.06078827300007,7.988264427000047],[117.06122939800002,7.982010435000063],[117.01524686500011,7.957543077000025],[117.00605356400001,7.996601938000026]]]]}},{"type":"Feature","properties":{"ADM4_EN":"Bono-bono","ADM4_PCODE":"PH1705305001","ADM4_REF":null,"ADM3_EN":"Bataraza","ADM3_PCODE":"PH1705305","ADM2_EN":"Palawan","ADM2_PCODE":"PH17053","ADM1_EN":"Mimaropa Region","ADM1_PCODE":"PH17","ADM0_EN":"Philippines (the)","ADM0_PCODE":"PH","date":"2022-11-09","validOn":"2023-11-06","validTo":null,"Shape_Leng":0.238106961861,"Shape_Area":0.00232324324489,"AREA_SQKM":28.2762235488,"psgc_id":"PH1705305001","psgc_code":"1705305001","psgc_name":"Bono-bono","psgc_status":"matched","match_confidence":1.0,"psgc_type":"barangay","match_method":"exact","sga_member":false},"geometry":{"type":"Polygon","coordinates":[[[117.60883937500012,8.700196420000054],[117.6021908890001,8.682267915000068],[117.61053925100009,8.660957891000066],[117.5785327000001,8.67399456000004],[117.55593019600008,8.73585378000007],[117.57578193900008,8.745900925000058],[117.60883937500012,8.700196420000054]]]}},{"type":"Feature","properties":{"ADM4_EN":"Bulalacao","ADM4_PCODE":"PH1705305002","ADM4_REF":null,"ADM3_EN":"Bataraza","ADM3_PCODE":"PH1705305","ADM2_EN":"Palawan","ADM2_PCODE":"PH17053","ADM1_EN":"Mimaropa Region","ADM1_PCODE":"PH17","ADM0_EN":"Philippines (the)","ADM0_PCODE":"PH","date":"2022-11-09","validOn":"2023-11-06","validTo":null,"Shape_Leng":0.234019899874,"Shape_Area":0.00181600832967,"AREA_SQKM":22.1040954779,"psgc_id":"PH1705305002","psgc_code":"1705305002","psgc_name":"Bulalacao","psgc_status":"matched","match_confidence":1.0,"psgc_type":"barangay","match_method":"exact","sga_member":false},"geometry":{"type":"Polygon","coordinates":[[[117.53954220300011,8.726154689000055],[117.55678675000001,8.663590672000055],[117.53508854600011,8.64321416200005],[117.53848138100011,8.635385478000046],[117.52620569800001,8.64261196700005],[117.53219483100008,8.656658597000046],[117.51187021600003,8.687676691000036],[117.53954220300011,8.726154689000055]]]}},{"type":"Feature","properties":{"ADM4_EN":"Buliluyan","ADM4_PCODE":"PH1705305003","ADM4_REF":null,"ADM3_EN":"Bataraza","ADM3_PCODE":"PH1705305","ADM2_EN":"Palawan","ADM2_PCODE":"PH17053","ADM1_EN":"Mimaropa Region","ADM1_PCODE":"PH17","ADM0_EN":"Philippines (the)","ADM0_PCODE":"PH","date":"2022-11-09","validOn":"2023-11-06","validTo":null,"Shape_Leng":0.224414542042,"Shape_Area":0.00154017975484,"AREA_SQKM":18.7623627785,"psgc_id":"PH1705305003","psgc_code":"1705305003","psgc_name":"Buliluyan","psgc_status":"matched","match_confidence":1.0,"psgc_type":"barangay","match_method":"exact","sga_member":false},"geometry":{"type":"Polygon","coordinates":[[[117.21264383900007,8.362241760000074],[117.20720910000011,8.358925009000075],[117.21868791700001,8.349922135000043],[117.20535906100008,8.331734311000048],[117.18381879000003,8.331708104000029],[117.17423554600009,8.340532447000044],[117.18047833300011,8.375599285000021],[117.20764218300008,8.375697330000037],[117.21264383900007,8.362241760000074]]]}},{"type":"Feature","properties":{"ADM4_EN":"Culandanum","ADM4_PCODE":"PH1705305004","ADM4_REF":null,"ADM3_EN":"Bataraza","ADM3_PCODE":"PH1705305","ADM2_EN":"Palawan","ADM2_PCODE":"PH17053","ADM1_EN":"Mimaropa Region","ADM1_PCODE":"PH17","ADM0_EN":"Philippines (the)","ADM0_PCODE":"PH","date":"2022-11-09","validOn":"2023-11-06","validTo":null,"Shape_Leng":0.228459120298,"Shape_Area":0.00203570431361,"AREA_SQKM":24.7805468177,"psgc_id":"PH1705305004","psgc_code":"1705305004","psgc_name":"Culandanum","psgc_status":"matched","match_confidence":1.0,"psgc_type":"barangay","match_method":"exact","sga_member":false},"geometry":{"type":"Polygon","coordinates":[[[117.47535582800003,8.669784269000047],[117.48011634500006,8.627746760000036],[117.47647241300001,8.633641792000049],[117.45223168000007,8.633629313000029],[117.41344172600009,8.61932943000005],[117.40566110700001,8.635955266000053],[117.41905838500008,8.64883274500005],[117.47535582800003,8.669784269000047]]]}},{"type":"Feature","properties":{"ADM4_EN":"Igang-igang","ADM4_PCODE":"PH1705305005","ADM4_REF":null,"ADM3_EN":"Bataraza","ADM3_PCODE":"PH1705305","ADM2_EN":"Palawan","ADM2_PCODE":"PH17053","ADM1_EN":"Mimaropa Region","ADM1_PCODE":"PH17","ADM0_EN":"Philippines (the)","ADM0_PCODE":"PH","date":"2022-11-09","validOn":"2023-11-06","validTo":null,"Shape_Leng":0.254068431538,"Shape_Area":0.00262063479697,"AREA_SQKM":31.9063256249,"psgc_id":"PH1705305005","psgc_code":"1705305005","psgc_name":"Igang-igang","psgc_status":"matched","match_confidence":1.0,"psgc_type":"barangay","match_method":"exact","sga_member":false},"geometry":{"type":"Polygon","coordinates":[[[117.516290217,8.610123129000044],[117.54619194300005,8.601504302000023],[117.5381492140001,8.565440451000029],[117.52142295100009,8.545217872000023],[117.47682789300006,8.557888814000023],[117.516290217,8.610123129000044]]]}},{"type":"Feature","properties":{"ADM4_EN":"Inogbong","ADM4_PCODE":"PH1705305006","ADM4_REF":null,"ADM3_EN":"Bataraza","ADM3_PCODE":"PH1705305","ADM2_EN":"Palawan","ADM2_PCODE":"PH17053","ADM1_EN":"Mimaropa Region","ADM1_PCODE":"PH17","ADM0_EN":"Philippines (the)","ADM0_PCODE":"PH","date":"2022-11-09","validOn":"2023-11-06","validTo":null,"Shape_Leng":0.286437882527,"Shape_Area":0.00304065999618,"AREA_SQKM":37.0080810763,"psgc_id":"PH1705305006","psgc_code":"1705305006","psgc_name":"Inogbong","psgc_status":"matched","match_confidence":1.0,"psgc_type":"barangay","match_method":"exact","sga_member":false},"geometry":{"type":"Polygon","coordinates":[[[117.62265707800009,8.769912612000041],[117.68444143200009,8.680603596000026],[117.67406964100007,8.66918080000005],[117.6482569750001,8.66727181500005],[117.6389254290001,8.658683220000057],[117.63336072600009,8.661361423000074],[117.62265707800009,8.769912612000041]]]}},{"type":"Feature","properties":{"ADM4_EN":"Iwahig","ADM4_PCODE":"PH1705305007","ADM4_REF":null,"ADM3_EN":"Bataraza","ADM3_PCODE":"PH1705305","ADM2_EN":"Palawan","ADM2_PCODE":"PH17053","ADM1_EN":"Mimaropa Region","ADM1_PCODE":"PH17","ADM0_EN":"Philippines (the)","ADM0_PCODE":"PH","date":"2022-11-09","validOn":"2023-11-06","validTo":null,"Shape_Leng":0.172419872906,"Shape_Area":0.00166209655576,"AREA_SQKM":20.235273053,"psgc_id":"PH1705305007","psgc_code":"1705305007","psgc_name":"Iwahig","psgc_status":"matched","match_confidence":1.0,"psgc_type":"barangay","match_method":"exact","sga_member":false},"geometry":{"type":"Polygon","coordinates":[[[117.48511345300005,8.624607824000066],[117.51223612400008,8.604967375000058],[117.47682789300006,8.557888814000023],[117.45914409300008,8.58543331800007],[117.48511345300005,8.624607824000066]]]}},{"type":"Feature","properties":{"ADM4_EN":"Malihud","ADM4_PCODE":"PH1705305008","ADM4_REF":null,"ADM3_EN":"Bataraza","ADM3_PCODE":"PH1705305","ADM2_EN":"Palawan","ADM2_PCODE":"PH17053","ADM1_EN":"Mimaropa Region","ADM1_PCODE":"PH17","ADM0_EN":"Philippines (the)","ADM0_PCODE":"PH","date":"2022-11-09","validOn":"2023-11-06","validTo":null,"Shape_Leng":0.188754120119,"Shape_Area":0.0014204042823,"AREA_SQKM":17.2880191237,"psgc_id":"PH1705305008","psgc_code":"1705305008","psgc_name":"Malihud","psgc_status":"matched","match_confidence":1.0,"psgc_type":"barangay","match_method":"exact","sga_member":false},"geometry":{"type":"Polygon","coordinates":[[[117.55593019600008,8.73585378000007],[117.57859692200009,8.674120904000063],[117.569099778,8.67565872800003],[117.55647924400012,8.663341395000032],[117.53954220300011,8.726154689000055],[117.55593019600008,8.73585378000007]]]}},{"type":"Feature","properties":{"ADM4_EN":"Malitub","ADM4_PCODE":"PH1705305009","ADM4_REF":null,"ADM3_EN":"Bataraza","ADM3_PCODE":"PH1705305","ADM2_EN":"Palawan","ADM2_PCODE":"PH17053","ADM1_EN":"Mimaropa Region","ADM1_PCODE":"PH17","ADM0_EN":"Philippines (the)","ADM0_PCODE":"PH","date":"2022-11-09","validOn":"2023-11-06","validTo":null,"Shape_Leng":0.244067394139,"Shape_Area":0.00279431678785,"AREA_SQKM":34.0309114828,"psgc_id":"PH1705305009","psgc_code":"1705305009","psgc_name":"Malitub","psgc_status":"matched","match_confidence":1.0,"psgc_type":"barangay","match_method":"exact","sga_member":false},"geometry":{"type":"Polygon","coordinates":[[[117.3090961800001,8.439139665000027],[117.284388336,8.417072671000028],[117.25431595900011,8.450905249000073],[117.26154881600007,8.501665794000075],[117.27408396500005,8.512448198000072],[117.3090961800001,8.439139665000027]]]}},{"type":"Feature","properties":{"ADM4_EN":"Marangas (Pob.)","ADM4_PCODE":"PH1705305010","ADM4_REF":null,"ADM3_EN":"Bataraza","ADM3_PCODE":"PH1705305","ADM2_EN":"Palawan","ADM2_PCODE":"PH17053","ADM1_EN":"Mimaropa Region","ADM1_PCODE":"PH17","ADM0_EN":"Philippines (the)","ADM0_PCODE":"PH","date":"2022-11-09","validOn":"2023-11-06","validTo":null,"Shape_Leng":0.297604719513,"Shape_Area":0.00342275347118,"AREA_SQKM":41.6572530356,"psgc_id":"PH1705305010","psgc_code":"1705305010","psgc_name":"Marangas","psgc_status":"matched","match_confidence":1.0,"psgc_type":"barangay","match_method":"exact","sga_member":false},"geometry":{"type":"Polygon","coordinates":[[[117.62265707800009,8.769912612000041],[117.63417255000002,8.66044804300003],[117.62807691000012,8.658037931000024],[117.60542668300002,8.667127254000036],[117.60883937500012,8.700196420000054],[117.57578193900008,8.745900925000058],[117.62265707800009,8.769912612000041]]]}},{"type":"Feature","properties":{"ADM4_EN":"Ocayan","ADM4_PCODE":"PH1705305011","ADM4_REF":null,"ADM3_EN":"Bataraza","ADM3_PCODE":"PH1705305","ADM2_EN":"Palawan","ADM2_PCODE":"PH17053","ADM1_EN":"Mimaropa Region","ADM1_PCODE":"PH17","ADM0_EN":"Philippines (the)","ADM0_PCODE":"PH","date":"2022-11-09","validOn":"2023-11-06","validTo":null,"Shape_Leng":0.28818302002,"Shape_Area":0.00242733103518,"AREA_SQKM":29.5522464487,"psgc_id":"PH1705305011","psgc_code":"1705305011","psgc_name":"Ocayan","psgc_status":"matched","match_confidence":1.0,"psgc_type":"barangay","match_method":"exact","sga_member":false},"geometry":{"type":"Polygon","coordinates":[[[117.40566110700001,8.635955266000053],[117.42363407300002,8.60026225200005],[117.45316382400006,8.595158320000053],[117.47682789300006,8.557888814000023],[117.4740964990001,8.539441270000054],[117.44051193500002,8.558140697000056],[117.42192269500003,8.591257116000065],[117.3987258190001,8.59591346600007],[117.39205020500003,8.623300931000074],[117.40566110700001,8.635955266000053]]]}},{"type":"Feature","properties":{"ADM4_EN":"Puring","ADM4_PCODE":"PH1705305012","ADM4_REF":null,"ADM3_EN":"Bataraza","ADM3_PCODE":"PH1705305","ADM2_EN":"Palawan","ADM2_PCODE":"PH17053","ADM1_EN":"Mimaropa Region","ADM1_PCODE":"PH17","ADM0_EN":"Philippines (the)","ADM0_PCODE":"PH","date":"2022-11-09","validOn":"2023-11-06","validTo":null,"Shape_Leng":0.295343274744,"Shape_Area":0.00135840177895,"AREA_SQKM":16.5467211727,"psgc_id":"PH1705305012","psgc_code":"1705305012","psgc_name":"Puring","psgc_status":"matched","match_confidence":1.0,"psgc_type":"barangay","match_method":"exact","sga_member":false},"geometry":{"type":"MultiPolygon","coordinates":[[[[117.22328565900011,8.356675473000053],[117.22321757200007,8.355267868000055],[117.22243254600005,8.355327416000023],[117.22328565900011,8.356675473000053]]],[[[117.22416592900004,8.35860045100003],[117.22546147800006,8.358037351000064],[117.22437194600002,8.357399021000049],[117.22416592900004,8.35860045100003]]],[[[117.22850183900005,8.360826434000046],[117.23988587600002,8.365016198000035],[117.22917333300006,8.358456396000065],[117.22850183900005,8.360826434000046]]],[[[117.24780356400004,8.378368180000052],[117.24595786600003,8.37128647700007],[117.24162612600003,8.367647816000044],[117.24132578500007,8.369537666000042],[117.24780356400004,8.378368180000052]]],[[[117.23587775900012,8.411323989000039],[117.25592776500002,8.394903051000028],[117.23114944200006,8.363487658000054],[117.22277686500001,8.370501672000046],[117.22086073800006,8.356011050000063],[117.20764218300008,8.375697330000037],[117.23587775900012,8.411323989000039]]]]}},{"type":"Feature","properties":{"ADM4_EN":"Rio Tuba","ADM4_PCODE":"PH1705305013","ADM4_REF":null,"ADM3_EN":"Bataraza","ADM3_PCODE":"PH1705305","ADM2_EN":"Palawan","ADM2_PCODE":"PH17053","ADM1_EN":"Mimaropa Region","ADM1_PCODE":"PH17","ADM0_EN":"Philippines (the)","ADM0_PCODE":"PH","date":"2022-11-09","validOn":"2023-11-06","validTo":null,"Shape_Leng":0.463656406091,"Shape_Area":0.00476393644889,"AREA_SQKM":58.0041905786,"psgc_id":"PH1705305013","psgc_code":"1705305013","psgc_name":"Rio Tuba","psgc_status":"matched","match_confidence":1.0,"psgc_type":"barangay","match_method":"exact","sga_member":false},"geometry":{"type":"Polygon","coordinates":[[[117.3987258190001,8.59591346600007],[117.42192269500003,8.591257116000065],[117.44051193500002,8.558140697000056],[117.4740964990001,8.539441270000054],[117.46333127300011,8.517638928000054],[117.45389541800012,8.520608905000074],[117.45294533000003,8.500370876000034],[117.4471248210001,8.493914838000023],[117.449514152,8.503561173000037],[117.43767160400012,8.497645710000029],[117.42413906400009,8.510754052000038],[117.424001771,8.520658228000059],[117.41063508900004,8.52950966900005],[117.3691390240001,8.600710985000035],[117.39205020500003,8.623300931000074],[117.3987258190001,8.59591346600007]]]}},{"type":"Feature","properties":{"ADM4_EN":"Sandoval","ADM4_PCODE":"PH1705305014","ADM4_REF":null,"ADM3_EN":"Bataraza","ADM3_PCODE":"PH1705305","ADM2_EN":"Palawan","ADM2_PCODE":"PH17053","ADM1_EN":"Mimaropa Region","ADM1_PCODE":"PH17","ADM0_EN":"Philippines (the)","ADM0_PCODE":"PH","date":"2022-11-09","validOn":"2023-11-06","validTo":null,"Shape_Leng":0.208700915912,"Shape_Area":0.00197294049368,"AREA_SQKM":24.0183611794,"psgc_id":"PH1705305014","psgc_code":"1705305014","psgc_name":"Sandoval","psgc_status":"matched","match_confidence":1.0,"psgc_type":"barangay","match_method":"exact","sga_member":false},"geometry":{"type":"Polygon","coordinates":[[[117.41390757300007,8.61981004100005],[117.47648547200004,8.633636688000024],[117.48511345300005,8.624607824000066],[117.45914409300008,8.58543331800007],[117.45316382400006,8.595158320000053],[117.42363407300002,8.60026225200005],[117.41390757300007,8.61981004100005]]]}},{"type":"Feature","properties":{"ADM4_EN":"Sapa","ADM4_PCODE":"PH1705305015","ADM4_REF":null,"ADM3_EN":"Bataraza","ADM3_PCODE":"PH1705305","ADM2_EN":"Palawan","ADM2_PCODE":"PH17053","ADM1_EN":"Mimaropa Region","ADM1_PCODE":"PH17","ADM0_EN":"Philippines (the)","ADM0_PCODE":"PH","date":"2022-11-09","validOn":"2023-11-06","validTo":null,"Shape_Leng":0.3109865164,"Shape_Area":0.00416867909103,"AREA_SQKM":50.7651886471,"psgc_id":"PH1705305015","psgc_code":"1705305015","psgc_name":"Sapa","psgc_status":"matched","match_confidence":1.0,"psgc_type":"barangay","match_method":"exact","sga_member":false},"geometry":{"type":"Polygon","coordinates":[[[117.30200767600002,8.538346194000042],[117.36173042700011,8.477896749000024],[117.32002523900007,8.453155838000043],[117.30972998800007,8.43904068200004],[117.27408396500005,8.512448198000072],[117.30200767600002,8.538346194000042]]]}},{"type":"Feature","properties":{"ADM4_EN":"Sarong","ADM4_PCODE":"PH1705305016","ADM4_REF":null,"ADM3_EN":"Bataraza","ADM3_PCODE":"PH1705305","ADM2_EN":"Palawan","ADM2_PCODE":"PH17053","ADM1_EN":"Mimaropa Region","ADM1_PCODE":"PH17","ADM0_EN":"Philippines (the)","ADM0_PCODE":"PH","date":"2022-11-09","validOn":"2023-11-06","validTo":null,"Shape_Leng":0.247409948037,"Shape_Area":0.00212285105193,"AREA_SQKM":25.8490622761,"psgc_id":"PH1705305016","psgc_code":"1705305016","psgc_name":"Sarong","psgc_status":"matched","match_confidence":1.0,"psgc_type":"barangay","match_method":"exact","sga_member":false},"geometry":{"type":"Polygon","coordinates":[[[117.52131384800009,8.545212024000023],[117.49517314700006,8.496516765000024],[117.48750931600011,8.493931047000046],[117.47937505200002,8.50774132600003],[117.46287149200009,8.509300432000032],[117.47682789300006,8.557888814000023],[117.52131384800009,8.545212024000023]]]}},{"type":"Feature","properties":{"ADM4_EN":"Sumbiling","ADM4_PCODE":"PH1705305017","ADM4_REF":null,"ADM3_EN":"Bataraza","ADM3_PCODE":"PH1705305","ADM2_EN":"Palawan","ADM2_PCODE":"PH17053","ADM1_EN":"Mimaropa Region","ADM1_PCODE":"PH17","ADM0_EN":"Philippines (the)","ADM0_PCODE":"PH","date":"2022-11-09","validOn":"2023-11-06","validTo":null,"Shape_Leng":0.311854987451,"Shape_Area":0.00320864025986,"AREA_SQKM":39.0709694214,"psgc_id":"PH1705305017","psgc_code":"1705305017","psgc_name":"Sumbiling","psgc_status":"matched","match_confidence":1.0,"psgc_type":"barangay","match_method":"exact","sga_member":false},"geometry":{"type":"Polygon","coordinates":[[[117.33152593500006,8.56518348800006],[117.39312327300001,8.49260276900003],[117.37214781400007,8.493883021000045],[117.36549018300002,8.47429220500004],[117.30200767600002,8.538346194000042],[117.33152593500006,8.56518348800006]]]}},{"type":"Feature","properties":{"ADM4_EN":"Tabud","ADM4_PCODE":"PH1705305018","ADM4_REF":null,"ADM3_EN":"Bataraza","ADM3_PCODE":"PH1705305","ADM2_EN":"Palawan","ADM2_PCODE":"PH17053","ADM1_EN":"Mimaropa Region","ADM1_PCODE":"PH17","ADM0_EN":"Philippines (the)","ADM0_PCODE":"PH","date":"2022-11-09","validOn":"2023-11-06","validTo":null,"Shape_Leng":0.31917047226,"Shape_Area":0.00251691063933,"AREA_SQKM":30.6559137806,"psgc_id":"PH1705305018","psgc_code":"1705305018","psgc_name":"Tabud","psgc_status":"matched","match_confidence":1.0,"psgc_type":"barangay","match_method":"exact","sga_member":false},"geometry":{"type":"MultiPolygon","coordinates":[[[[117.18982002500002,8.433194959000048],[117.1918651090001,8.43214045700006],[117.18980560200009,8.43239956800005],[117.18982002500002,8.433194959000048]]],[[[117.2144796130001,8.461264998000047],[117.25431595900011,8.450905249000073],[117.20764218300008,8.375697330000037],[117.18047833300011,8.375599285000021],[117.21455490700009,8.429880881000031],[117.2144796130001,8.461264998000047]]]]}},{"type":"Feature","properties":{"ADM4_EN":"Tagnato","ADM4_PCODE":"PH1705305019","ADM4_REF":null,"ADM3_EN":"Bataraza","ADM3_PCODE":"PH1705305","ADM2_EN":"Palawan","ADM2_PCODE":"PH17053","ADM1_EN":"Mimaropa Region","ADM1_PCODE":"PH17","ADM0_EN":"Philippines (the)","ADM0_PCODE":"PH","date":"2022-11-09","validOn":"2023-11-06","validTo":null,"Shape_Leng":0.230218921255,"Shape_Area":0.00151398361901,"AREA_SQKM":18.4401184752,"psgc_id":"PH1705305019","psgc_code":"1705305019","psgc_name":"Tagnato","psgc_status":"matched","match_confidence":1.0,"psgc_type":"barangay","match_method":"exact","sga_member":false},"geometry":{"type":"MultiPolygon","coordinates":[[[[117.26408967200007,8.393165787000044],[117.26355782700011,8.390314604000025],[117.26125587900003,8.391791932000046],[117.26408967200007,8.393165787000044]]],[[[117.25941557600004,8.395134038000037],[117.26104308100003,8.395036853000022],[117.25932258300008,8.394411361000039],[117.25941557600004,8.395134038000037]]],[[[117.2643984990001,8.396175363000054],[117.26889641200012,8.398358213000051],[117.26447275800001,8.395628609000028],[117.2643984990001,8.396175363000054]]],[[[117.25431595900011,8.450905249000073],[117.28528466500006,8.412345844000072],[117.26681376500005,8.410963722000076],[117.25592776500002,8.394903051000028],[117.2425977900001,8.400074992000043],[117.2335793950001,8.414789118000044],[117.23704197200004,8.427791247000073],[117.25431595900011,8.450905249000073]]]]}},{"type":"Feature","properties":{"ADM4_EN":"Tagolango","ADM4_PCODE":"PH1705305020","ADM4_REF":null,"ADM3_EN":"Bataraza","ADM3_PCODE":"PH1705305","ADM2_EN":"Palawan","ADM2_PCODE":"PH17053","ADM1_EN":"Mimaropa Region","ADM1_PCODE":"PH17","ADM0_EN":"Philippines (the)","ADM0_PCODE":"PH","date":"2022-11-09","validOn":"2023-11-06","validTo":null,"Shape_Leng":0.19267775708,"Shape_Area":0.0015482613381,"AREA_SQKM":18.8550310185,"psgc_id":"PH1705305020","psgc_code":"1705305020","psgc_name":"Tagolango","psgc_status":"matched","match_confidence":1.0,"psgc_type":"barangay","match_method":"exact","sga_member":false},"geometry":{"type":"Polygon","coordinates":[[[117.25431595900011,8.450905249000073],[117.20943995800008,8.463035190000028],[117.21820334800009,8.466954892000047],[117.2170226180001,8.485526427000025],[117.26154881600007,8.501665794000075],[117.25431595900011,8.450905249000073]]]}},{"type":"Feature","properties":{"ADM4_EN":"Taratak","ADM4_PCODE":"PH1705305021","ADM4_REF":null,"ADM3_EN":"Bataraza","ADM3_PCODE":"PH1705305","ADM2_EN":"Palawan","ADM2_PCODE":"PH17053","ADM1_EN":"Mimaropa Region","ADM1_PCODE":"PH17","ADM0_EN":"Philippines (the)","ADM0_PCODE":"PH","date":"2022-11-09","validOn":"2023-11-06","validTo":null,"Shape_Leng":0.377787381367,"Shape_Area":0.0047493078955,"AREA_SQKM":57.8281588752,"psgc_id":"PH1705305021","psgc_code":"1705305021","psgc_name":"Taratak","psgc_status":"matched","match_confidence":1.0,"psgc_type":"barangay","match_method":"exact","sga_member":false},"geometry":{"type":"MultiPolygon","coordinates":[[[[117.4332492210001,8.441859133000037],[117.43172079400006,8.43766679600003],[117.429310944,8.43939565900007],[117.4332492210001,8.441859133000037]]],[[[117.424001771,8.520658228000059],[117.4328861030001,8.49421386900002],[117.41493892100004,8.499891707000074],[117.3972878300001,8.489246424000044],[117.33152593500006,8.56518348800006],[117.3691390240001,8.600710985000035],[117.41063508900004,8.52950966900005],[117.424001771,8.520658228000059]]]]}},{"type":"Feature","properties":{"ADM4_EN":"Tarusan","ADM4_PCODE":"PH1705305022","ADM4_REF":null,"ADM3_EN":"Bataraza","ADM3_PCODE":"PH1705305","ADM2_EN":"Palawan","ADM2_PCODE":"PH17053","ADM1_EN":"Mimaropa Region","ADM1_PCODE":"PH17","ADM0_EN":"Philippines (the)","ADM0_PCODE":"PH","date":"2022-11-09","validOn":"2023-11-06","validTo":null,"Shape_Leng":0.276577047522,"Shape_Area":0.00352545389032,"AREA_SQKM":42.9151193604,"psgc_id":"PH1705305022","psgc_code":"1705305022","psgc_name":"Tarusan","psgc_status":"matched","match_confidence":1.0,"psgc_type":"barangay","match_method":"exact","sga_member":false},"geometry":{"type":"Polygon","coordinates":[[[117.51187021600003,8.687676691000036],[117.53214905100003,8.655726921000053],[117.52620569800001,8.64261196700005],[117.53901561000009,8.635603608000054],[117.53028474000007,8.623878852000075],[117.53955315100006,8.609007124000073],[117.51223612400008,8.604967375000058],[117.48145156800001,8.628388108000024],[117.47535582800003,8.669784269000047],[117.51187021600003,8.687676691000036]]]}},{"type":"Feature","properties":{"ADM4_EN":"Amas","ADM4_PCODE":"PH1705306001","ADM4_REF":null,"ADM3_EN":"Brooke's Point","ADM3_PCODE":"PH1705306","ADM2_EN":"Palawan","ADM2_PCODE":"PH17053","ADM1_EN":"Mimaropa Region","ADM1_PCODE":"PH17","ADM0_EN":"Philippines (the)","ADM0_PCODE":"PH","date":"2022-11-09","validOn":"2023-11-06","validTo":null,"Shape_Leng":0.284941800756,"Shape_Area":0.00408429215318,"AREA_SQKM":49.6966367414,"psgc_id":"PH1705306001","psgc_code":"1705306001","psgc_name":"Amas","psgc_status":"matched","match_confidence":1.0,"psgc_type":"barangay","match_method":"exact","sga_member":false},"geometry":{"type":"Polygon","coordinates":[[[117.72721839400003,8.865202502000045],[117.79354813900011,8.791815412000062],[117.79495991100009,8.766992127000037],[117.74898499400001,8.766730411000026],[117.71152464700003,8.847603716000037],[117.72721839400003,8.865202502000045]]]}},{"type":"Feature","properties":{"ADM4_EN":"Aribungos","ADM4_PCODE":"PH1705306002","ADM4_REF":null,"ADM3_EN":"Brooke's Point","ADM3_PCODE":"PH1705306","ADM2_EN":"Palawan","ADM2_PCODE":"PH17053","ADM1_EN":"Mimaropa Region","ADM1_PCODE":"PH17","ADM0_EN":"Philippines (the)","ADM0_PCODE":"PH","date":"2022-11-09","validOn":"2023-11-06","validTo":null,"Shape_Leng":0.379925617318,"Shape_Area":0.00372833728722,"AREA_SQKM":45.3566166705,"psgc_id":"PH1705306002","psgc_code":"1705306002","psgc_name":"Aribungos","psgc_status":"matched","match_confidence":1.0,"psgc_type":"barangay","match_method":"exact","sga_member":false},"geometry":{"type":"Polygon","coordinates":[[[117.84137723300012,8.891006720000064],[117.85707880300004,8.883033117000025],[117.86336302300003,8.84769103900004],[117.86333906800007,8.83593227700004],[117.85261511400006,8.830804425000053],[117.85735296900009,8.829702036000072],[117.85285188500006,8.820764570000051],[117.85552874300004,8.814850432000071],[117.85328777900008,8.813324530000045],[117.822814719,8.843380723000053],[117.82871614700002,8.870454105000022],[117.77297214200007,8.924267887000042],[117.79525006400002,8.94219755000006],[117.84137723300012,8.891006720000064]]]}},{"type":"Feature","properties":{"ADM4_EN":"Barong-barong","ADM4_PCODE":"PH1705306003","ADM4_REF":null,"ADM3_EN":"Brooke's Point","ADM3_PCODE":"PH1705306","ADM2_EN":"Palawan","ADM2_PCODE":"PH17053","ADM1_EN":"Mimaropa Region","ADM1_PCODE":"PH17","ADM0_EN":"Philippines (the)","ADM0_PCODE":"PH","date":"2022-11-09","validOn":"2023-11-06","validTo":null,"Shape_Leng":0.233048674495,"Shape_Area":0.00159037702525,"AREA_SQKM":19.3494566804,"psgc_id":"PH1705306003","psgc_code":"1705306003","psgc_name":"Barong-barong","psgc_status":"matched","match_confidence":1.0,"psgc_type":"barangay","match_method":"exact","sga_member":false},"geometry":{"type":"Polygon","coordinates":[[[117.85877859700008,8.88367247900004],[117.87517536000007,8.875919122000028],[117.89254740400008,8.831175229000053],[117.88266594700008,8.817784748000065],[117.85903135100011,8.80680112400006],[117.85261511400006,8.830804425000053],[117.86333906800007,8.83593227700004],[117.85877859700008,8.88367247900004]]]}},{"type":"Feature","properties":{"ADM4_EN":"Calasaguen","ADM4_PCODE":"PH1705306004","ADM4_REF":null,"ADM3_EN":"Brooke's Point","ADM3_PCODE":"PH1705306","ADM2_EN":"Palawan","ADM2_PCODE":"PH17053","ADM1_EN":"Mimaropa Region","ADM1_PCODE":"PH17","ADM0_EN":"Philippines (the)","ADM0_PCODE":"PH","date":"2022-11-09","validOn":"2023-11-06","validTo":null,"Shape_Leng":0.55938227271,"Shape_Area":0.00786737246297,"AREA_SQKM":95.6930171808,"psgc_id":"PH1705306004","psgc_code":"1705306004","psgc_name":"Calasaguen","psgc_status":"matched","match_confidence":1.0,"psgc_type":"barangay","match_method":"exact","sga_member":false},"geometry":{"type":"Polygon","coordinates":[[[117.93053480300011,8.991441383000051],[117.96924637600011,8.988933246000045],[117.97135956500006,8.948281863000034],[117.9646532810001,8.937702555000044],[117.97544726000001,8.941563316000043],[117.99472499500007,8.929988085000048],[117.9934107040001,8.914828617000069],[118.00905200200009,8.895943422000073],[118.00181225100005,8.879293024000049],[117.98977721300002,8.884619967000049],[117.98223805600003,8.87018936800007],[117.96879534800007,8.869381688000033],[117.97097018600005,8.874807289000046],[117.94060527200008,8.902009082000063],[117.93952198700003,8.925714839000022],[117.92512533800004,8.934041802000024],[117.92893244800007,8.94408805200004],[117.86050454100007,8.99552976800004],[117.90068103500005,9.012492404000056],[117.93053480300011,8.991441383000051]]]}},{"type":"Feature","properties":{"ADM4_EN":"Imulnod","ADM4_PCODE":"PH1705306005","ADM4_REF":null,"ADM3_EN":"Brooke's Point","ADM3_PCODE":"PH1705306","ADM2_EN":"Palawan","ADM2_PCODE":"PH17053","ADM1_EN":"Mimaropa Region","ADM1_PCODE":"PH17","ADM0_EN":"Philippines (the)","ADM0_PCODE":"PH","date":"2022-11-09","validOn":"2023-11-06","validTo":null,"Shape_Leng":0.249721891851,"Shape_Area":0.002592019341,"AREA_SQKM":31.5344333155,"psgc_id":"PH1705306005","psgc_code":"1705306005","psgc_name":"Imulnod","psgc_status":"matched","match_confidence":1.0,"psgc_type":"barangay","match_method":"exact","sga_member":false},"geometry":{"type":"Polygon","coordinates":[[[117.751823381,8.908896751000043],[117.8143459040001,8.831569498000022],[117.80001798400008,8.82180446500007],[117.78697171400006,8.823624951000056],[117.73194107000006,8.885340788000065],[117.751823381,8.908896751000043]]]}},{"type":"Feature","properties":{"ADM4_EN":"Ipilan","ADM4_PCODE":"PH1705306006","ADM4_REF":null,"ADM3_EN":"Brooke's Point","ADM3_PCODE":"PH1705306","ADM2_EN":"Palawan","ADM2_PCODE":"PH17053","ADM1_EN":"Mimaropa Region","ADM1_PCODE":"PH17","ADM0_EN":"Philippines (the)","ADM0_PCODE":"PH","date":"2022-11-09","validOn":"2023-11-06","validTo":null,"Shape_Leng":0.389203440131,"Shape_Area":0.00461961896068,"AREA_SQKM":56.1965491001,"psgc_id":"PH1705306006","psgc_code":"1705306006","psgc_name":"Ipilan","psgc_status":"matched","match_confidence":1.0,"psgc_type":"barangay","match_method":"exact","sga_member":false},"geometry":{"type":"Polygon","coordinates":[[[117.81645223900011,8.95998989900005],[117.90967559500007,8.87989501900006],[117.90556520100006,8.840486909000049],[117.89707260900002,8.831235460000073],[117.8841136530001,8.841457956000056],[117.87517536000007,8.875919122000028],[117.84629042100005,8.886031977000073],[117.79525006400002,8.94219755000006],[117.81645223900011,8.95998989900005]]]}},{"type":"Feature","properties":{"ADM4_EN":"Maasin","ADM4_PCODE":"PH1705306010","ADM4_REF":null,"ADM3_EN":"Brooke's Point","ADM3_PCODE":"PH1705306","ADM2_EN":"Palawan","ADM2_PCODE":"PH17053","ADM1_EN":"Mimaropa Region","ADM1_PCODE":"PH17","ADM0_EN":"Philippines (the)","ADM0_PCODE":"PH","date":"2022-11-09","validOn":"2023-11-06","validTo":null,"Shape_Leng":0.424433964522,"Shape_Area":0.00601583567212,"AREA_SQKM":73.1762197607,"psgc_id":"PH1705306010","psgc_code":"1705306010","psgc_name":"Maasin","psgc_status":"matched","match_confidence":1.0,"psgc_type":"barangay","match_method":"exact","sga_member":false},"geometry":{"type":"Polygon","coordinates":[[[117.86050454100007,8.99552976800004],[117.92893244800007,8.94408805200004],[117.92512533800004,8.934041802000024],[117.93952198700003,8.925714839000022],[117.94060527200008,8.902009082000063],[117.97097018600005,8.874807289000046],[117.9616085350001,8.866779630000053],[117.9312819700001,8.856024213000069],[117.840767217,8.979174503000024],[117.86050454100007,8.99552976800004]]]}},{"type":"Feature","properties":{"ADM4_EN":"Mainit","ADM4_PCODE":"PH1705306011","ADM4_REF":null,"ADM3_EN":"Brooke's Point","ADM3_PCODE":"PH1705306","ADM2_EN":"Palawan","ADM2_PCODE":"PH17053","ADM1_EN":"Mimaropa Region","ADM1_PCODE":"PH17","ADM0_EN":"Philippines (the)","ADM0_PCODE":"PH","date":"2022-11-09","validOn":"2023-11-06","validTo":null,"Shape_Leng":0.343296708461,"Shape_Area":0.00323476213313,"AREA_SQKM":39.3526796386,"psgc_id":"PH1705306011","psgc_code":"1705306011","psgc_name":"Mainit","psgc_status":"matched","match_confidence":1.0,"psgc_type":"barangay","match_method":"exact","sga_member":false},"geometry":{"type":"Polygon","coordinates":[[[117.82780349000006,8.87133518500002],[117.822814719,8.843380723000053],[117.84841889200004,8.817198356000063],[117.83721129700007,8.816241928000068],[117.81423659900008,8.831628695000063],[117.751823381,8.908896751000043],[117.77297214200007,8.924267887000042],[117.82780349000006,8.87133518500002]]]}},{"type":"Feature","properties":{"ADM4_EN":"Malis","ADM4_PCODE":"PH1705306012","ADM4_REF":null,"ADM3_EN":"Brooke's Point","ADM3_PCODE":"PH1705306","ADM2_EN":"Palawan","ADM2_PCODE":"PH17053","ADM1_EN":"Mimaropa Region","ADM1_PCODE":"PH17","ADM0_EN":"Philippines (the)","ADM0_PCODE":"PH","date":"2022-11-09","validOn":"2023-11-06","validTo":null,"Shape_Leng":0.352948512228,"Shape_Area":0.00548314647844,"AREA_SQKM":66.7287850018,"psgc_id":"PH1705306012","psgc_code":"1705306012","psgc_name":"Malis","psgc_status":"matched","match_confidence":1.0,"psgc_type":"barangay","match_method":"exact","sga_member":false},"geometry":{"type":"Polygon","coordinates":[[[117.69956130500009,8.730033379000076],[117.71992611600001,8.68461439300006],[117.68444143200009,8.680603596000026],[117.62265707800009,8.769912612000041],[117.68296764000002,8.806431777000057],[117.69956130500009,8.730033379000076]]]}},{"type":"Feature","properties":{"ADM4_EN":"Mambalot","ADM4_PCODE":"PH1705306013","ADM4_REF":null,"ADM3_EN":"Brooke's Point","ADM3_PCODE":"PH1705306","ADM2_EN":"Palawan","ADM2_PCODE":"PH17053","ADM1_EN":"Mimaropa Region","ADM1_PCODE":"PH17","ADM0_EN":"Philippines (the)","ADM0_PCODE":"PH","date":"2022-11-09","validOn":"2023-11-06","validTo":null,"Shape_Leng":0.428513958304,"Shape_Area":0.00295576748865,"AREA_SQKM":35.9546914485,"psgc_id":"PH1705306013","psgc_code":"1705306013","psgc_name":"Mambalot","psgc_status":"matched","match_confidence":1.0,"psgc_type":"barangay","match_method":"exact","sga_member":false},"geometry":{"type":"Polygon","coordinates":[[[117.840767217,8.979174503000024],[117.9312819700001,8.856024213000069],[117.94039910100003,8.855250803000047],[117.92830712900002,8.843578998000055],[117.90512832400009,8.840809488000048],[117.90967559500007,8.87989501900006],[117.81645223900011,8.95998989900005],[117.840767217,8.979174503000024]]]}},{"type":"Feature","properties":{"ADM4_EN":"Oring-oring","ADM4_PCODE":"PH1705306014","ADM4_REF":null,"ADM3_EN":"Brooke's Point","ADM3_PCODE":"PH1705306","ADM2_EN":"Palawan","ADM2_PCODE":"PH17053","ADM1_EN":"Mimaropa Region","ADM1_PCODE":"PH17","ADM0_EN":"Philippines (the)","ADM0_PCODE":"PH","date":"2022-11-09","validOn":"2023-11-06","validTo":null,"Shape_Leng":0.147347272981,"Shape_Area":0.000793918880078,"AREA_SQKM":9.66152890696,"psgc_id":"PH1705306014","psgc_code":"1705306014","psgc_name":"Oring-oring","psgc_status":"matched","match_confidence":1.0,"psgc_type":"barangay","match_method":"exact","sga_member":false},"geometry":{"type":"Polygon","coordinates":[[[117.76561781500004,8.76450585300006],[117.80848086700007,8.76730427900003],[117.78766017800001,8.729484523000053],[117.76561781500004,8.76450585300006]]]}},{"type":"Feature","properties":{"ADM4_EN":"Pangobilian","ADM4_PCODE":"PH1705306015","ADM4_REF":null,"ADM3_EN":"Brooke's Point","ADM3_PCODE":"PH1705306","ADM2_EN":"Palawan","ADM2_PCODE":"PH17053","ADM1_EN":"Mimaropa Region","ADM1_PCODE":"PH17","ADM0_EN":"Philippines (the)","ADM0_PCODE":"PH","date":"2022-11-09","validOn":"2023-11-06","validTo":null,"Shape_Leng":0.444828768608,"Shape_Area":0.00394913815988,"AREA_SQKM":48.0506241458,"psgc_id":"PH1705306015","psgc_code":"1705306015","psgc_name":"Pangobilian","psgc_status":"matched","match_confidence":1.0,"psgc_type":"barangay","match_method":"exact","sga_member":false},"geometry":{"type":"Polygon","coordinates":[[[117.73194107000006,8.885340788000065],[117.78697171400006,8.823624951000056],[117.80001798400008,8.82180446500007],[117.81878635100009,8.831923134000021],[117.83721129700007,8.816241928000068],[117.84983033800006,8.818818531000034],[117.85881009900004,8.806844037000076],[117.86825972100007,8.810150819000057],[117.86212135500011,8.791501152000023],[117.84253479400002,8.776631940000073],[117.82387415200003,8.79040390800003],[117.81111575500006,8.789983264000057],[117.81114614100011,8.796593753000025],[117.79880520200004,8.798832711000045],[117.79354813900011,8.791815412000062],[117.72721839400003,8.865202502000045],[117.73194107000006,8.885340788000065]]]}},{"type":"Feature","properties":{"ADM4_EN":"Poblacion I","ADM4_PCODE":"PH1705306017","ADM4_REF":null,"ADM3_EN":"Brooke's Point","ADM3_PCODE":"PH1705306","ADM2_EN":"Palawan","ADM2_PCODE":"PH17053","ADM1_EN":"Mimaropa Region","ADM1_PCODE":"PH17","ADM0_EN":"Philippines (the)","ADM0_PCODE":"PH","date":"2022-11-09","validOn":"2023-11-06","validTo":null,"Shape_Leng":0.0521112983787,"Shape_Area":7.35515653695e-05,"AREA_SQKM":0.895033977685,"psgc_id":"PH1705306017","psgc_code":"1705306017","psgc_name":"Poblacion I","psgc_status":"matched","match_confidence":1.0,"psgc_type":"barangay","match_method":"exact","sga_member":false},"geometry":{"type":"Polygon","coordinates":[[[117.83160625700009,8.779186958000025],[117.84053201100005,8.772918539000045],[117.83651333500006,8.768451452000022],[117.82768601400005,8.769989702000032],[117.83160625700009,8.779186958000025]]]}},{"type":"Feature","properties":{"ADM4_EN":"Poblacion II","ADM4_PCODE":"PH1705306018","ADM4_REF":null,"ADM3_EN":"Brooke's Point","ADM3_PCODE":"PH1705306","ADM2_EN":"Palawan","ADM2_PCODE":"PH17053","ADM1_EN":"Mimaropa Region","ADM1_PCODE":"PH17","ADM0_EN":"Philippines (the)","ADM0_PCODE":"PH","date":"2022-11-09","validOn":"2023-11-06","validTo":null,"Shape_Leng":0.0492690760388,"Shape_Area":8.86976968156e-05,"AREA_SQKM":1.07933332961,"psgc_id":"PH1705306018","psgc_code":"1705306018","psgc_name":"Poblacion II","psgc_status":"matched","match_confidence":1.0,"psgc_type":"barangay","match_method":"exact","sga_member":false},"geometry":{"type":"Polygon","coordinates":[[[117.83730221000008,8.781385889000035],[117.84053201100005,8.772918539000045],[117.82691148300012,8.783665751000058],[117.83730221000008,8.781385889000035]]]}},{"type":"Feature","properties":{"ADM4_EN":"Salogon","ADM4_PCODE":"PH1705306023","ADM4_REF":null,"ADM3_EN":"Brooke's Point","ADM3_PCODE":"PH1705306","ADM2_EN":"Palawan","ADM2_PCODE":"PH17053","ADM1_EN":"Mimaropa Region","ADM1_PCODE":"PH17","ADM0_EN":"Philippines (the)","ADM0_PCODE":"PH","date":"2022-11-09","validOn":"2023-11-06","validTo":null,"Shape_Leng":0.296143451041,"Shape_Area":0.00187969968058,"AREA_SQKM":22.8763521255,"psgc_id":"PH1705306023","psgc_code":"1705306023","psgc_name":"Salogon","psgc_status":"matched","match_confidence":1.0,"psgc_type":"barangay","match_method":"exact","sga_member":false},"geometry":{"type":"Polygon","coordinates":[[[117.68296764000002,8.806431777000057],[117.71760404400004,8.729087413000059],[117.73880693000001,8.705280474000062],[117.7421060910001,8.687034469000025],[117.71992611600001,8.68461439300006],[117.71436240300011,8.694310409000025],[117.68296764000002,8.806431777000057]]]}},{"type":"Feature","properties":{"ADM4_EN":"Samareñana","ADM4_PCODE":"PH1705306024","ADM4_REF":"Samarenana","ADM3_EN":"Brooke's Point","ADM3_PCODE":"PH1705306","ADM2_EN":"Palawan","ADM2_PCODE":"PH17053","ADM1_EN":"Mimaropa Region","ADM1_PCODE":"PH17","ADM0_EN":"Philippines (the)","ADM0_PCODE":"PH","date":"2022-11-09","validOn":"2023-11-06","validTo":null,"Shape_Leng":0.338734228062,"Shape_Area":0.00283889489443,"AREA_SQKM":34.5479093332,"psgc_id":"PH1705306024","psgc_code":"1705306024","psgc_name":"Samareñana","psgc_status":"matched","match_confidence":1.0,"psgc_type":"barangay","match_method":"exact","sga_member":false},"geometry":{"type":"Polygon","coordinates":[[[117.72697381600005,8.752724472000068],[117.7475197660001,8.74051049700006],[117.76278610500003,8.715402887000039],[117.76275263900004,8.705974638000043],[117.74524974400003,8.691056809000031],[117.71760404400004,8.729087413000059],[117.68296764000002,8.806431777000057],[117.69587667500002,8.829433719000065],[117.72697381600005,8.752724472000068]]]}},{"type":"Feature","properties":{"ADM4_EN":"Saraza","ADM4_PCODE":"PH1705306025","ADM4_REF":null,"ADM3_EN":"Brooke's Point","ADM3_PCODE":"PH1705306","ADM2_EN":"Palawan","ADM2_PCODE":"PH17053","ADM1_EN":"Mimaropa Region","ADM1_PCODE":"PH17","ADM0_EN":"Philippines (the)","ADM0_PCODE":"PH","date":"2022-11-09","validOn":"2023-11-06","validTo":null,"Shape_Leng":0.371016257643,"Shape_Area":0.00377187894251,"AREA_SQKM":45.8996259569,"psgc_id":"PH1705306025","psgc_code":"1705306025","psgc_name":"Saraza","psgc_status":"matched","match_confidence":1.0,"psgc_type":"barangay","match_method":"exact","sga_member":false},"geometry":{"type":"Polygon","coordinates":[[[117.74694766900006,8.769590787000027],[117.77509335000002,8.757780336000053],[117.78766017800001,8.729484523000053],[117.77931336600011,8.714136960000076],[117.76277732200003,8.70598048000005],[117.75056388300004,8.736731337000037],[117.72697381600005,8.752724472000068],[117.69587667500002,8.829433719000065],[117.71152464700003,8.847603716000037],[117.74694766900006,8.769590787000027]]]}},{"type":"Feature","properties":{"ADM4_EN":"Tubtub","ADM4_PCODE":"PH1705306026","ADM4_REF":null,"ADM3_EN":"Brooke's Point","ADM3_PCODE":"PH1705306","ADM2_EN":"Palawan","ADM2_PCODE":"PH17053","ADM1_EN":"Mimaropa Region","ADM1_PCODE":"PH17","ADM0_EN":"Philippines (the)","ADM0_PCODE":"PH","date":"2022-11-09","validOn":"2023-11-06","validTo":null,"Shape_Leng":0.123444096829,"Shape_Area":0.000720915640628,"AREA_SQKM":8.77249566939,"psgc_id":"PH1705306026","psgc_code":"1705306026","psgc_name":"Tubtub","psgc_status":"matched","match_confidence":1.0,"psgc_type":"barangay","match_method":"exact","sga_member":false},"geometry":{"type":"Polygon","coordinates":[[[117.81114614100011,8.796593753000025],[117.81111575500006,8.789983264000057],[117.82685463100006,8.786493653000036],[117.826804218,8.774217883000063],[117.79379982900002,8.770507032000069],[117.79354813900011,8.791815412000062],[117.79880520200004,8.798832711000045],[117.81114614100011,8.796593753000025]]]}},{"type":"Feature","properties":{"ADM4_EN":"Bogtong","ADM4_PCODE":"PH1705307001","ADM4_REF":null,"ADM3_EN":"Busuanga","ADM3_PCODE":"PH1705307","ADM2_EN":"Palawan","ADM2_PCODE":"PH17053","ADM1_EN":"Mimaropa Region","ADM1_PCODE":"PH17","ADM0_EN":"Philippines (the)","ADM0_PCODE":"PH","date":"2022-11-09","validOn":"2023-11-06","validTo":null,"Shape_Leng":0.323906200637,"Shape_Area":0.00247498559985,"AREA_SQKM":29.8037471228,"psgc_id":"PH1705307001","psgc_code":"1705307001","psgc_name":"Bogtong","psgc_status":"matched","match_confidence":1.0,"psgc_type":"barangay","match_method":"exact","sga_member":false},"geometry":{"type":"MultiPolygon","coordinates":[[[[119.87776383900007,12.05784359100005],[119.87807102900001,12.056761916000028],[119.87729811400004,12.05709239500004],[119.87776383900007,12.05784359100005]]],[[[119.79213249700001,12.05898066900005],[119.79496684800006,12.05133238600007],[119.78457543400009,12.051244190000034],[119.78596749400003,12.054264867000029],[119.79213249700001,12.05898066900005]]],[[[119.87757416400007,12.064888034000035],[119.87815611400003,12.066102407000074],[119.87940620900008,12.065313127000024],[119.87757416400007,12.064888034000035]]],[[[119.83508300800008,12.074890136000022],[119.83532714800003,12.073120118000077],[119.83410644500009,12.073730469000054],[119.83508300800008,12.074890136000022]]],[[[119.87399128400011,12.083245659000056],[119.87669115200003,12.08259487600003],[119.87340206300007,12.081385759000057],[119.87399128400011,12.083245659000056]]],[[[120.004094,12.136295],[119.96044181900004,12.095554783000068],[119.95065946600005,12.075384264000036],[119.9355159160001,12.083500392000076],[119.93027938700004,12.096427050000045],[119.93112028300004,12.106995335000022],[119.99420222800006,12.159472291000043],[120.004094,12.136295]]]]}},{"type":"Feature","properties":{"ADM4_EN":"Buluang","ADM4_PCODE":"PH1705307002","ADM4_REF":null,"ADM3_EN":"Busuanga","ADM3_PCODE":"PH1705307","ADM2_EN":"Palawan","ADM2_PCODE":"PH17053","ADM1_EN":"Mimaropa Region","ADM1_PCODE":"PH17","ADM0_EN":"Philippines (the)","ADM0_PCODE":"PH","date":"2022-11-09","validOn":"2023-11-06","validTo":null,"Shape_Leng":0.816772715485,"Shape_Area":0.00548409743025,"AREA_SQKM":66.0009399865,"psgc_id":"PH1705307002","psgc_code":"1705307002","psgc_name":"Buluang","psgc_status":"matched","match_confidence":1.0,"psgc_type":"barangay","match_method":"exact","sga_member":false},"geometry":{"type":"MultiPolygon","coordinates":[[[[119.84593146600002,12.24119541400006],[119.85396750400002,12.242835765000052],[119.84456737200003,12.239503305000028],[119.84593146600002,12.24119541400006]]],[[[119.85414553100009,12.251652043000036],[119.8534568990001,12.248515172000054],[119.85199097800012,12.24791407400005],[119.85414553100009,12.251652043000036]]],[[[119.86029852600007,12.258429467000042],[119.86104926300004,12.257685752000043],[119.86037272200008,12.25782081500006],[119.86029852600007,12.258429467000042]]],[[[119.8997718600001,12.267726485000026],[119.927929,12.238559],[119.88170800000012,12.209546],[119.86793694800008,12.212588400000072],[119.87549625600002,12.226660388000028],[119.86299543200005,12.237072873000045],[119.85861988400006,12.232504215000063],[119.86068805800005,12.25543271500004],[119.8997718600001,12.267726485000026]]],[[[119.84912109400011,12.32647705100004],[119.84967041000004,12.325500489000035],[119.84887695300006,12.32611084000007],[119.84912109400011,12.32647705100004]]],[[[119.880260238,12.327736430000073],[119.92632409500004,12.31796735200004],[119.92327052500002,12.298269684000047],[119.93985087200008,12.282844694000062],[119.92437935500004,12.276541666000071],[119.92282798200006,12.262987855000063],[119.90863380400003,12.267892544000063],[119.91723617000002,12.273202844000025],[119.91321306200007,12.277471263000052],[119.86684068700004,12.268108098000027],[119.88078488600001,12.288354391000041],[119.86696756800006,12.29006124500006],[119.87327809400006,12.292883524000047],[119.86415420000003,12.310459727000023],[119.880260238,12.327736430000073]]],[[[119.95642262900003,12.344085581000058],[119.9544095550001,12.339417064000031],[119.95150198800002,12.339324225000041],[119.95642262900003,12.344085581000058]]],[[[119.90022447600006,12.367148458000031],[119.9156031870001,12.36704620100005],[119.89545145200009,12.359808314000077],[119.90022447600006,12.367148458000031]]],[[[119.89947509800004,12.380920410000044],[119.89807128900009,12.380676270000038],[119.89868164000006,12.38189697200005],[119.89947509800004,12.380920410000044]]]]}},{"type":"Feature","properties":{"ADM4_EN":"Cheey","ADM4_PCODE":"PH1705307004","ADM4_REF":null,"ADM3_EN":"Busuanga","ADM3_PCODE":"PH1705307","ADM2_EN":"Palawan","ADM2_PCODE":"PH17053","ADM1_EN":"Mimaropa Region","ADM1_PCODE":"PH17","ADM0_EN":"Philippines (the)","ADM0_PCODE":"PH","date":"2022-11-09","validOn":"2023-11-06","validTo":null,"Shape_Leng":0.471825328275,"Shape_Area":0.00725809487681,"AREA_SQKM":87.3726046927,"psgc_id":"PH1705307004","psgc_code":"1705307004","psgc_name":"Cheey","psgc_status":"matched","match_confidence":1.0,"psgc_type":"barangay","match_method":"exact","sga_member":false},"geometry":{"type":"MultiPolygon","coordinates":[[[[120.04852644200002,12.231158122000068],[120.0516861750001,12.232072925000068],[120.04950552000003,12.230209430000059],[120.04852644200002,12.231158122000068]]],[[[120.04737168500003,12.23591827100006],[120.04803268300009,12.239243419000047],[120.04775216900009,12.236314681000067],[120.04737168500003,12.23591827100006]]],[[[119.97420345300009,12.268048591000024],[119.9834738290001,12.259449929000027],[120.01488349500005,12.253915577000043],[120.02209784100012,12.239298060000067],[120.04133707800008,12.234868068000026],[120.06184303200007,12.196308363000071],[120.004094,12.136295],[119.98683238100011,12.18741599200007],[119.95285129600006,12.232780396000067],[119.97420345300009,12.268048591000024]]],[[[120.09113018300002,12.27032646300006],[120.09839629300006,12.267260553000028],[120.09887778400002,12.265418842000031],[120.09113018300002,12.27032646300006]]],[[[120.08912706800004,12.271613012000046],[120.09061985200003,12.271318680000036],[120.09070544500003,12.270686065000064],[120.08912706800004,12.271613012000046]]]]}},{"type":"Feature","properties":{"ADM4_EN":"Concepcion","ADM4_PCODE":"PH1705307005","ADM4_REF":null,"ADM3_EN":"Busuanga","ADM3_PCODE":"PH1705307","ADM2_EN":"Palawan","ADM2_PCODE":"PH17053","ADM1_EN":"Mimaropa Region","ADM1_PCODE":"PH17","ADM0_EN":"Philippines (the)","ADM0_PCODE":"PH","date":"2022-11-09","validOn":"2023-11-06","validTo":null,"Shape_Leng":0.293125423022,"Shape_Area":0.00137305165663,"AREA_SQKM":16.5382803876,"psgc_id":"PH1705307005","psgc_code":"1705307005","psgc_name":"Concepcion","psgc_status":"matched","match_confidence":1.0,"psgc_type":"barangay","match_method":"exact","sga_member":false},"geometry":{"type":"MultiPolygon","coordinates":[[[[119.97940840400008,12.025713308000036],[119.98047423100002,12.02616944600004],[119.98075745100004,12.024856014000022],[119.97940840400008,12.025713308000036]]],[[[120.00321968800006,12.067366781000032],[120.00312535700004,12.026662546000068],[119.98577228300007,12.03131624200006],[119.97279431000004,12.023420964000024],[119.97034466000002,12.054640960000029],[120.0280610860001,12.084221727000056],[120.04227462200004,12.07914463000003],[120.00321968800006,12.067366781000032]]]]}},{"type":"Feature","properties":{"ADM4_EN":"Maglalambay","ADM4_PCODE":"PH1705307006","ADM4_REF":null,"ADM3_EN":"Busuanga","ADM3_PCODE":"PH1705307","ADM2_EN":"Palawan","ADM2_PCODE":"PH17053","ADM1_EN":"Mimaropa Region","ADM1_PCODE":"PH17","ADM0_EN":"Philippines (the)","ADM0_PCODE":"PH","date":"2022-11-09","validOn":"2023-11-06","validTo":null,"Shape_Leng":0.413873773768,"Shape_Area":0.000438239944831,"AREA_SQKM":5.27937882671,"psgc_id":"PH1705307006","psgc_code":"1705307006","psgc_name":"Maglalambay","psgc_status":"matched","match_confidence":1.0,"psgc_type":"barangay","match_method":"exact","sga_member":false},"geometry":{"type":"MultiPolygon","coordinates":[[[[119.83203194100008,11.98145322800002],[119.83258937900007,11.980629917000044],[119.83168162600009,11.98059896600006],[119.83203194100008,11.98145322800002]]],[[[119.83131911900011,11.983793690000027],[119.83281690000001,11.983005676000062],[119.8298359910001,11.982491221000032],[119.83131911900011,11.983793690000027]]],[[[119.88211139600003,11.984993576000022],[119.88788023300003,11.985001347000036],[119.88761245600006,11.981928853000056],[119.88211139600003,11.984993576000022]]],[[[119.85374691400011,11.997256794000066],[119.85391425300008,11.997017568000047],[119.85386460400002,11.996961808000037],[119.85374691400011,11.997256794000066]]],[[[119.8538480520001,11.997188445000063],[119.85405584000011,11.997585959000048],[119.85411469000007,11.996945622000055],[119.8538480520001,11.997188445000063]]],[[[119.84017923400006,12.000360687000068],[119.86303834400007,11.999513721000028],[119.87348449800004,11.993791646000034],[119.85547427400002,11.998684595000043],[119.85337298500008,11.997740047000036],[119.8518162690001,11.989464878000035],[119.83553141700008,11.988170371000024],[119.84017923400006,12.000360687000068]]],[[[119.88327290300003,12.005928551000068],[119.88847346300008,12.006822534000037],[119.88817808100009,12.005315694000046],[119.88327290300003,12.005928551000068]]],[[[119.86633402700011,12.00975420900005],[119.87086889900002,12.010841259000074],[119.87211165600002,12.008121754000058],[119.86633402700011,12.00975420900005]]],[[[119.86734748300012,12.01166052900004],[119.86765641300008,12.011594487000025],[119.86725277800008,12.011339888000066],[119.86734748300012,12.01166052900004]]],[[[119.87958408100008,12.014301741000054],[119.88435028000004,12.008750301000077],[119.87610942200001,12.010925497000073],[119.87958408100008,12.014301741000054]]],[[[119.8956159380001,12.015366866000022],[119.89927024000008,12.018439864000072],[119.89844231000006,12.015060670000025],[119.8956159380001,12.015366866000022]]],[[[119.88863895800012,12.026142210000046],[119.89512736600011,12.021079817000043],[119.88773466700002,12.015840758000024],[119.88536743000009,12.016847540000072],[119.88863895800012,12.026142210000046]]],[[[119.91323982800009,12.028907119000053],[119.9136671760001,12.028632755000046],[119.91357262300005,12.02855554100006],[119.91323982800009,12.028907119000053]]],[[[119.91948883200007,12.030527581000058],[119.92153024100003,12.02196089000006],[119.91850415700003,12.016103754000028],[119.92014980700003,12.022253695000074],[119.91948883200007,12.030527581000058]]],[[[119.90652664100003,12.037222963000033],[119.91237935700008,12.028899370000033],[119.91583803000003,12.02593938700005],[119.91015265600004,12.018835654000043],[119.90652664100003,12.037222963000033]]]]}},{"type":"Feature","properties":{"ADM4_EN":"New Busuanga (Pob.)","ADM4_PCODE":"PH1705307007","ADM4_REF":null,"ADM3_EN":"Busuanga","ADM3_PCODE":"PH1705307","ADM2_EN":"Palawan","ADM2_PCODE":"PH17053","ADM1_EN":"Mimaropa Region","ADM1_PCODE":"PH17","ADM0_EN":"Philippines (the)","ADM0_PCODE":"PH","date":"2022-11-09","validOn":"2023-11-06","validTo":null,"Shape_Leng":0.456428534553,"Shape_Area":0.00208097035244,"AREA_SQKM":25.0508997554,"psgc_id":"PH1705307007","psgc_code":"1705307007","psgc_name":"New Busuanga","psgc_status":"matched","match_confidence":1.0,"psgc_type":"barangay","match_method":"exact","sga_member":false},"geometry":{"type":"MultiPolygon","coordinates":[[[[119.87715556300009,12.182869198000049],[119.88219311000012,12.17441141300003],[119.88075118600011,12.16788484600005],[119.87480127200001,12.171694758000058],[119.87715556300009,12.182869198000049]]],[[[119.87781658600011,12.18685208200003],[119.87769281200008,12.185137662000045],[119.87747273200011,12.185209881000048],[119.87781658600011,12.18685208200003]]],[[[119.95285129600006,12.232780396000067],[119.89877848100002,12.194113375000029],[119.89654349400007,12.202703851000024],[119.88144972400005,12.20461576200006],[119.85281397100005,12.14689433600006],[119.848047672,12.17460014900007],[119.86393195900007,12.193283368000039],[119.86781652200011,12.212483075000023],[119.88170800000012,12.209546],[119.92558748600004,12.239427574000047],[119.95285129600006,12.232780396000067]]]]}},{"type":"Feature","properties":{"ADM4_EN":"Old Busuanga","ADM4_PCODE":"PH1705307008","ADM4_REF":null,"ADM3_EN":"Busuanga","ADM3_PCODE":"PH1705307","ADM2_EN":"Palawan","ADM2_PCODE":"PH17053","ADM1_EN":"Mimaropa Region","ADM1_PCODE":"PH17","ADM0_EN":"Philippines (the)","ADM0_PCODE":"PH","date":"2022-11-09","validOn":"2023-11-06","validTo":null,"Shape_Leng":0.23149940788,"Shape_Area":0.0022099513099,"AREA_SQKM":26.606038812,"psgc_id":"PH1705307008","psgc_code":"1705307008","psgc_name":"Old Busuanga","psgc_status":"matched","match_confidence":1.0,"psgc_type":"barangay","match_method":"exact","sga_member":false},"geometry":{"type":"Polygon","coordinates":[[[119.96865862100003,12.211990262000029],[119.98690867300002,12.187117510000064],[119.9399572430001,12.161889018000068],[119.92592480300004,12.141411624000057],[119.9027309600001,12.161630012000046],[119.96865862100003,12.211990262000029]]]}},{"type":"Feature","properties":{"ADM4_EN":"Panlaitan","ADM4_PCODE":"PH1705307009","ADM4_REF":null,"ADM3_EN":"Busuanga","ADM3_PCODE":"PH1705307","ADM2_EN":"Palawan","ADM2_PCODE":"PH17053","ADM1_EN":"Mimaropa Region","ADM1_PCODE":"PH17","ADM0_EN":"Philippines (the)","ADM0_PCODE":"PH","date":"2022-11-09","validOn":"2023-11-06","validTo":null,"Shape_Leng":0.144746291916,"Shape_Area":0.00018418065686,"AREA_SQKM":2.21778546726,"psgc_id":"PH1705307009","psgc_code":"1705307009","psgc_name":"Panlaitan","psgc_status":"matched","match_confidence":1.0,"psgc_type":"barangay","match_method":"exact","sga_member":false},"geometry":{"type":"MultiPolygon","coordinates":[[[[119.84765207500004,12.102484609000044],[119.851857461,12.10710399800007],[119.85088625800006,12.103819687000055],[119.84765207500004,12.102484609000044]]],[[[119.8451812720001,12.133146383000053],[119.8555582240001,12.11442136900007],[119.85430323800006,12.11279857900007],[119.84431886300001,12.114542243000074],[119.8451812720001,12.133146383000053]]],[[[119.81398216900004,12.144292284000073],[119.81951817800007,12.156423668000059],[119.8159917690001,12.146162551000032],[119.81398216900004,12.144292284000073]]]]}},{"type":"Feature","properties":{"ADM4_EN":"Quezon","ADM4_PCODE":"PH1705307010","ADM4_REF":null,"ADM3_EN":"Busuanga","ADM3_PCODE":"PH1705307","ADM2_EN":"Palawan","ADM2_PCODE":"PH17053","ADM1_EN":"Mimaropa Region","ADM1_PCODE":"PH17","ADM0_EN":"Philippines (the)","ADM0_PCODE":"PH","date":"2022-11-09","validOn":"2023-11-06","validTo":null,"Shape_Leng":0.225326177507,"Shape_Area":0.00164463701605,"AREA_SQKM":19.7946484848,"psgc_id":"PH1705307010","psgc_code":"1705307010","psgc_name":"Quezon","psgc_status":"matched","match_confidence":1.0,"psgc_type":"barangay","match_method":"exact","sga_member":false},"geometry":{"type":"Polygon","coordinates":[[[119.92785407600002,12.271617903000049],[119.94920572800004,12.264343352000026],[119.97382751400005,12.271407381000074],[119.96884000000011,12.251349],[119.95285129600006,12.232780396000067],[119.927929,12.238559],[119.8997718600001,12.267726485000026],[119.91967557500004,12.262106428000038],[119.92785407600002,12.271617903000049]]]}},{"type":"Feature","properties":{"ADM4_EN":"Sagrada","ADM4_PCODE":"PH1705307011","ADM4_REF":null,"ADM3_EN":"Busuanga","ADM3_PCODE":"PH1705307","ADM2_EN":"Palawan","ADM2_PCODE":"PH17053","ADM1_EN":"Mimaropa Region","ADM1_PCODE":"PH17","ADM0_EN":"Philippines (the)","ADM0_PCODE":"PH","date":"2022-11-09","validOn":"2023-11-06","validTo":null,"Shape_Leng":0.447999658304,"Shape_Area":0.00347634699315,"AREA_SQKM":41.8663560361,"psgc_id":"PH1705307011","psgc_code":"1705307011","psgc_name":"Sagrada","psgc_status":"matched","match_confidence":1.0,"psgc_type":"barangay","match_method":"exact","sga_member":false},"geometry":{"type":"MultiPolygon","coordinates":[[[[119.90389859200002,12.047954119000053],[119.905275243,12.046984672000065],[119.9053033450001,12.04622352000007],[119.90389859200002,12.047954119000053]]],[[[119.86761042,12.046501737000028],[119.87032843500003,12.046859122000058],[119.87854704400002,12.047372093000035],[119.88011022900002,12.046826176000025],[119.86761042,12.046501737000028]]],[[[119.89939703000005,12.050765846000047],[119.89533283300011,12.042497592000075],[119.89114786000005,12.04438783200004],[119.89939703000005,12.050765846000047]]],[[[119.9531701300001,12.048493903000065],[119.96067049500004,12.051990280000041],[119.95988097700001,12.04615433400005],[119.9531701300001,12.048493903000065]]],[[[119.90182952500004,12.051282928000035],[119.90415186300004,12.054243573000065],[119.90451296700007,12.053384527000048],[119.90182952500004,12.051282928000035]]],[[[119.96382955600006,12.060977447000027],[119.964386439,12.060646211000062],[119.96403832800002,12.060568913000054],[119.96382955600006,12.060977447000027]]],[[[119.9630607900001,12.06201247000007],[119.96226649800008,12.062018812000076],[119.96250402600003,12.062975016000053],[119.9630607900001,12.06201247000007]]],[[[120.004094,12.136295],[120.0280610860001,12.084221727000056],[119.97047425900007,12.054567582000061],[119.9687146980001,12.065237634000027],[119.9625552330001,12.06310901200004],[119.95889054600002,12.057489779000036],[119.9542865730001,12.05971054500003],[119.95304316500005,12.055160460000025],[119.93844568800012,12.074647048000031],[119.95088633800003,12.073456375000035],[119.96044181900004,12.095554783000068],[120.004094,12.136295]]]]}},{"type":"Feature","properties":{"ADM4_EN":"Salvacion","ADM4_PCODE":"PH1705307012","ADM4_REF":null,"ADM3_EN":"Busuanga","ADM3_PCODE":"PH1705307","ADM2_EN":"Palawan","ADM2_PCODE":"PH17053","ADM1_EN":"Mimaropa Region","ADM1_PCODE":"PH17","ADM0_EN":"Philippines (the)","ADM0_PCODE":"PH","date":"2022-11-09","validOn":"2023-11-06","validTo":null,"Shape_Leng":0.289501289148,"Shape_Area":0.00250489555268,"AREA_SQKM":30.1600544404,"psgc_id":"PH1705307012","psgc_code":"1705307012","psgc_name":"Salvacion","psgc_status":"matched","match_confidence":1.0,"psgc_type":"barangay","match_method":"exact","sga_member":false},"geometry":{"type":"MultiPolygon","coordinates":[[[[119.9204243370001,12.132144985000025],[119.92241734800007,12.12663376100005],[119.92114667200008,12.125295857000026],[119.91750102300011,12.126261938000027],[119.9204243370001,12.132144985000025]]],[[[119.98690867300002,12.187117510000064],[119.99420222800006,12.159472291000043],[119.931274701,12.106631122000067],[119.93187879600009,12.137783270000057],[119.92443714800004,12.136560708000047],[119.92396116200007,12.137001912000073],[119.9362765300001,12.159001752000052],[119.98690867300002,12.187117510000064]]]]}},{"type":"Feature","properties":{"ADM4_EN":"San Isidro","ADM4_PCODE":"PH1705307013","ADM4_REF":null,"ADM3_EN":"Busuanga","ADM3_PCODE":"PH1705307","ADM2_EN":"Palawan","ADM2_PCODE":"PH17053","ADM1_EN":"Mimaropa Region","ADM1_PCODE":"PH17","ADM0_EN":"Philippines (the)","ADM0_PCODE":"PH","date":"2022-11-09","validOn":"2023-11-06","validTo":null,"Shape_Leng":0.227224221093,"Shape_Area":0.000405762422883,"AREA_SQKM":4.88573073865,"psgc_id":"PH1705307013","psgc_code":"1705307013","psgc_name":"San Isidro","psgc_status":"matched","match_confidence":1.0,"psgc_type":"barangay","match_method":"exact","sga_member":false},"geometry":{"type":"MultiPolygon","coordinates":[[[[119.87402346400006,12.115627461000031],[119.87360052300005,12.115550282000072],[119.87380072300004,12.115861796000047],[119.87402346400006,12.115627461000031]]],[[[119.86871337900004,12.115905762000068],[119.8682861320001,12.115478516000053],[119.86810302700007,12.11608886700003],[119.86871337900004,12.115905762000068]]],[[[119.87521935900008,12.117929740000022],[119.87409381300006,12.116083282000034],[119.87419899600002,12.119372311000063],[119.87521935900008,12.117929740000022]]],[[[119.87536332200011,12.12491628500004],[119.8759360030001,12.125013722000062],[119.87584740900002,12.124674997000056],[119.87536332200011,12.12491628500004]]],[[[119.88130247400011,12.13658558000003],[119.88686327500011,12.135680623000042],[119.88611433200003,12.130096432000073],[119.88130247400011,12.13658558000003]]],[[[119.87646322300009,12.157936251000024],[119.8810662090001,12.159177398000054],[119.88145327100005,12.157354371000054],[119.87646322300009,12.157936251000024]]],[[[119.8718589990001,12.167588238000064],[119.87642383000002,12.157397672000059],[119.87315516900003,12.13818083800004],[119.87498748000007,12.124090760000058],[119.87581141200008,12.123810237000043],[119.86681989400006,12.120035194000025],[119.86046807600007,12.125488088000054],[119.86713095000005,12.128552333000073],[119.8718589990001,12.167588238000064]]]]}},{"type":"Feature","properties":{"ADM4_EN":"San Rafael","ADM4_PCODE":"PH1705307014","ADM4_REF":null,"ADM3_EN":"Busuanga","ADM3_PCODE":"PH1705307","ADM2_EN":"Palawan","ADM2_PCODE":"PH17053","ADM1_EN":"Mimaropa Region","ADM1_PCODE":"PH17","ADM0_EN":"Philippines (the)","ADM0_PCODE":"PH","date":"2022-11-09","validOn":"2023-11-06","validTo":null,"Shape_Leng":0.227795821019,"Shape_Area":0.0018066260661,"AREA_SQKM":21.7485350592,"psgc_id":"PH1705307014","psgc_code":"1705307014","psgc_name":"San Rafael","psgc_status":"matched","match_confidence":1.0,"psgc_type":"barangay","match_method":"exact","sga_member":false},"geometry":{"type":"Polygon","coordinates":[[[119.96796502200004,12.212928044000023],[119.9027309600001,12.161630012000046],[119.90066395500003,12.162421885000072],[119.90569018200006,12.179675584000051],[119.89870602300005,12.194218704000036],[119.90926440300007,12.202661768000041],[119.95285129600006,12.232780396000067],[119.96796502200004,12.212928044000023]]]}},{"type":"Feature","properties":{"ADM4_EN":"Santo Niño","ADM4_PCODE":"PH1705307015","ADM4_REF":"Santo Nino","ADM3_EN":"Busuanga","ADM3_PCODE":"PH1705307","ADM2_EN":"Palawan","ADM2_PCODE":"PH17053","ADM1_EN":"Mimaropa Region","ADM1_PCODE":"PH17","ADM0_EN":"Philippines (the)","ADM0_PCODE":"PH","date":"2022-11-09","validOn":"2023-11-06","validTo":null,"Shape_Leng":0.401680618374,"Shape_Area":0.00225926560566,"AREA_SQKM":27.2137694848,"psgc_id":"PH1705307015","psgc_code":"1705307015","psgc_name":"Santo Niño","psgc_status":"matched","match_confidence":1.0,"psgc_type":"barangay","match_method":"exact","sga_member":false},"geometry":{"type":"MultiPolygon","coordinates":[[[[119.94046377100005,12.013291994000042],[119.94299261600008,12.009873601000038],[119.94168569200008,12.006970204000027],[119.94046377100005,12.013291994000042]]],[[[119.95229769000002,12.031175383000061],[119.95050323200007,12.022293270000034],[119.94189058000006,12.01670460400004],[119.94464793500003,12.025817825000047],[119.95229769000002,12.031175383000061]]],[[[120.04227462200004,12.07914463000003],[120.017187368,11.998289251000074],[120.01539106500002,12.004960682000046],[119.996154251,12.001287608000041],[119.97745634400007,12.010165636000067],[119.98624009800005,12.027098616000046],[119.99270572900002,12.019634992000022],[120.00312535700004,12.026662546000068],[120.00321968800006,12.067366781000032],[120.04227462200004,12.07914463000003]]]]}},{"type":"Feature","properties":{"ADM4_EN":"Bantayan (Pob.)","ADM4_PCODE":"PH1705308001","ADM4_REF":null,"ADM3_EN":"Cagayancillo","ADM3_PCODE":"PH1705308","ADM2_EN":"Palawan","ADM2_PCODE":"PH17053","ADM1_EN":"Mimaropa Region","ADM1_PCODE":"PH17","ADM0_EN":"Philippines (the)","ADM0_PCODE":"PH","date":"2022-11-09","validOn":"2023-11-06","validTo":null,"Shape_Leng":0.0288615647955,"Shape_Area":3.19912597072e-05,"AREA_SQKM":0.388436188316,"psgc_id":"PH1705308001","psgc_code":"1705308001","psgc_name":"Bantayan","psgc_status":"matched","match_confidence":1.0,"psgc_type":"barangay","match_method":"exact","sga_member":false},"geometry":{"type":"Polygon","coordinates":[[[121.19000175700012,9.581526740000072],[121.196654222,9.57635349900005],[121.19475068300005,9.573712026000067],[121.19000175700012,9.581526740000072]]]}},{"type":"Feature","properties":{"ADM4_EN":"Calsada (Pob.)","ADM4_PCODE":"PH1705308002","ADM4_REF":null,"ADM3_EN":"Cagayancillo","ADM3_PCODE":"PH1705308","ADM2_EN":"Palawan","ADM2_PCODE":"PH17053","ADM1_EN":"Mimaropa Region","ADM1_PCODE":"PH17","ADM0_EN":"Philippines (the)","ADM0_PCODE":"PH","date":"2022-11-09","validOn":"2023-11-06","validTo":null,"Shape_Leng":0.0287837213575,"Shape_Area":2.64246675457e-05,"AREA_SQKM":0.320844722696,"psgc_id":"PH1705308002","psgc_code":"1705308002","psgc_name":"Calsada","psgc_status":"matched","match_confidence":1.0,"psgc_type":"barangay","match_method":"exact","sga_member":false},"geometry":{"type":"Polygon","coordinates":[[[121.19300982300001,9.584046780000051],[121.19917735800004,9.577974103000031],[121.196654222,9.57635349900005],[121.19300982300001,9.584046780000051]]]}},{"type":"Feature","properties":{"ADM4_EN":"Convento (Pob.)","ADM4_PCODE":"PH1705308003","ADM4_REF":null,"ADM3_EN":"Cagayancillo","ADM3_PCODE":"PH1705308","ADM2_EN":"Palawan","ADM2_PCODE":"PH17053","ADM1_EN":"Mimaropa Region","ADM1_PCODE":"PH17","ADM0_EN":"Philippines (the)","ADM0_PCODE":"PH","date":"2022-11-09","validOn":"2023-11-06","validTo":null,"Shape_Leng":0.0510950202738,"Shape_Area":1.80565794572e-05,"AREA_SQKM":0.219239815906,"psgc_id":"PH1705308003","psgc_code":"1705308003","psgc_name":"Convento","psgc_status":"matched","match_confidence":1.0,"psgc_type":"barangay","match_method":"exact","sga_member":false},"geometry":{"type":"Polygon","coordinates":[[[121.20491378500003,9.587993416000074],[121.19977773700009,9.581596202000071],[121.19941294600005,9.57626024800004],[121.19900861300005,9.58236333800005],[121.20491378500003,9.587993416000074]]]}},{"type":"Feature","properties":{"ADM4_EN":"Lipot North (Pob.)","ADM4_PCODE":"PH1705308004","ADM4_REF":null,"ADM3_EN":"Cagayancillo","ADM3_PCODE":"PH1705308","ADM2_EN":"Palawan","ADM2_PCODE":"PH17053","ADM1_EN":"Mimaropa Region","ADM1_PCODE":"PH17","ADM0_EN":"Philippines (the)","ADM0_PCODE":"PH","date":"2022-11-09","validOn":"2023-11-06","validTo":null,"Shape_Leng":0.00943097099469,"Shape_Area":2.98397005264e-06,"AREA_SQKM":0.0362314554757,"psgc_id":"PH1705308004","psgc_code":"1705308004","psgc_name":"Lipot North","psgc_status":"matched","match_confidence":1.0,"psgc_type":"barangay","match_method":"exact","sga_member":false},"geometry":{"type":"Polygon","coordinates":[[[121.19738422500006,9.576901457000076],[121.19993825100005,9.575901195000029],[121.19951792300003,9.575212290000024],[121.19738422500006,9.576901457000076]]]}},{"type":"Feature","properties":{"ADM4_EN":"Lipot South (Pob.)","ADM4_PCODE":"PH1705308005","ADM4_REF":null,"ADM3_EN":"Cagayancillo","ADM3_PCODE":"PH1705308","ADM2_EN":"Palawan","ADM2_PCODE":"PH17053","ADM1_EN":"Mimaropa Region","ADM1_PCODE":"PH17","ADM0_EN":"Philippines (the)","ADM0_PCODE":"PH","date":"2022-11-09","validOn":"2023-11-06","validTo":null,"Shape_Leng":0.00481344192158,"Shape_Area":1.3840255359e-06,"AREA_SQKM":0.0168049087034,"psgc_id":"PH1705308005","psgc_code":"1705308005","psgc_name":"Lipot South","psgc_status":"matched","match_confidence":1.0,"psgc_type":"barangay","match_method":"exact","sga_member":false},"geometry":{"type":"Polygon","coordinates":[[[121.196654222,9.57635349900005],[121.19815200100004,9.57576171200003],[121.19704020100005,9.575332396000022],[121.196654222,9.57635349900005]]]}},{"type":"Feature","properties":{"ADM4_EN":"Magsaysay","ADM4_PCODE":"PH1705308006","ADM4_REF":null,"ADM3_EN":"Cagayancillo","ADM3_PCODE":"PH1705308","ADM2_EN":"Palawan","ADM2_PCODE":"PH17053","ADM1_EN":"Mimaropa Region","ADM1_PCODE":"PH17","ADM0_EN":"Philippines (the)","ADM0_PCODE":"PH","date":"2022-11-09","validOn":"2023-11-06","validTo":null,"Shape_Leng":0.131118188267,"Shape_Area":0.000268351188615,"AREA_SQKM":3.25884971805,"psgc_id":"PH1705308006","psgc_code":"1705308006","psgc_name":"Magsaysay","psgc_status":"matched","match_confidence":1.0,"psgc_type":"barangay","match_method":"exact","sga_member":false},"geometry":{"type":"MultiPolygon","coordinates":[[[[120.82291128400004,9.28226182800006],[120.81532216100004,9.27563297000006],[120.80694717000006,9.275636089000045],[120.81537818900006,9.280501718000039],[120.82291128400004,9.28226182800006]]],[[[121.1939864950001,9.566542752000032],[121.19433426300009,9.566316995000022],[121.19392327700007,9.566107665000061],[121.1939864950001,9.566542752000032]]],[[[121.19062390600004,9.580570590000036],[121.19479715500006,9.573817123000026],[121.18866082900001,9.56719762800003],[121.18204318000005,9.57057426800003],[121.19062390600004,9.580570590000036]]],[[[121.0068913560001,9.615405404000057],[121.01768021400005,9.61187489200006],[121.01954803900003,9.60911969700004],[121.00533622300009,9.607576443000028],[121.0068913560001,9.615405404000057]]]]}},{"type":"Feature","properties":{"ADM4_EN":"Mampio","ADM4_PCODE":"PH1705308007","ADM4_REF":null,"ADM3_EN":"Cagayancillo","ADM3_PCODE":"PH1705308","ADM2_EN":"Palawan","ADM2_PCODE":"PH17053","ADM1_EN":"Mimaropa Region","ADM1_PCODE":"PH17","ADM0_EN":"Philippines (the)","ADM0_PCODE":"PH","date":"2022-11-09","validOn":"2023-11-06","validTo":null,"Shape_Leng":0.111369988278,"Shape_Area":7.27755799598e-05,"AREA_SQKM":0.883503883025,"psgc_id":"PH1705308007","psgc_code":"1705308007","psgc_name":"Mampio","psgc_status":"matched","match_confidence":1.0,"psgc_type":"barangay","match_method":"exact","sga_member":false},"geometry":{"type":"MultiPolygon","coordinates":[[[[121.2271676470001,9.624028746000022],[121.22669287200006,9.624279367000042],[121.22698064100007,9.624702540000044],[121.2271676470001,9.624028746000022]]],[[[121.22729477700011,9.624910572000033],[121.22777915100005,9.624804163000022],[121.22715329100004,9.624707261000026],[121.22729477700011,9.624910572000033]]],[[[121.22807986700002,9.625777283000048],[121.22760509400007,9.62573874100002],[121.22807179000006,9.626084466000066],[121.22807986700002,9.625777283000048]]],[[[121.22751488300003,9.628041319000033],[121.22709503500005,9.627801073000057],[121.22731928700011,9.628206383000077],[121.22751488300003,9.628041319000033]]],[[[121.23012718700011,9.63121777200007],[121.22981020000009,9.631212770000047],[121.2297946010001,9.631437481000034],[121.23012718700011,9.63121777200007]]],[[[121.22980544900008,9.632134828000062],[121.22945168500007,9.63194130100004],[121.22972953100009,9.632235597000033],[121.22980544900008,9.632134828000062]]],[[[121.23020045700002,9.633264298000029],[121.23005249500011,9.63291386700007],[121.23015977300008,9.633281211000053],[121.23020045700002,9.633264298000029]]],[[[121.2302854730001,9.636159010000029],[121.23061584200002,9.635781476000034],[121.2302042440001,9.636086629000033],[121.2302854730001,9.636159010000029]]],[[[121.22950731800006,9.635692179000046],[121.22915981500012,9.635576158000049],[121.22936162000008,9.636200551000059],[121.22950731800006,9.635692179000046]]],[[[121.22905068700004,9.64468891100006],[121.229133466,9.644538392000072],[121.2290113890001,9.644594346000076],[121.22905068700004,9.64468891100006]]],[[[121.23045128600006,9.645014720000063],[121.22712803700006,9.637214821000043],[121.22622802300009,9.619657137000047],[121.22096122100004,9.619399422000072],[121.22438755500002,9.638557964000029],[121.23045128600006,9.645014720000063]]],[[[121.22889528500002,9.644952683000042],[121.2291642030001,9.644936782000059],[121.2291103230001,9.644756236000035],[121.22889528500002,9.644952683000042]]],[[[121.22929088300009,9.645336555000029],[121.22952777800003,9.645238980000045],[121.22925446300007,9.645187529000054],[121.22929088300009,9.645336555000029]]],[[[121.22959600500008,9.645891841000036],[121.22944050500007,9.645834619000027],[121.22949105000009,9.645961627000077],[121.22959600500008,9.645891841000036]]]]}},{"type":"Feature","properties":{"ADM4_EN":"Nusa","ADM4_PCODE":"PH1705308008","ADM4_REF":null,"ADM3_EN":"Cagayancillo","ADM3_PCODE":"PH1705308","ADM2_EN":"Palawan","ADM2_PCODE":"PH17053","ADM1_EN":"Mimaropa Region","ADM1_PCODE":"PH17","ADM0_EN":"Philippines (the)","ADM0_PCODE":"PH","date":"2022-11-09","validOn":"2023-11-06","validTo":null,"Shape_Leng":0.0799980020883,"Shape_Area":5.39658288654e-05,"AREA_SQKM":0.655110346967,"psgc_id":"PH1705308008","psgc_code":"1705308008","psgc_name":"Nusa","psgc_status":"matched","match_confidence":1.0,"psgc_type":"barangay","match_method":"exact","sga_member":false},"geometry":{"type":"MultiPolygon","coordinates":[[[[121.22951617700005,9.645987924000053],[121.2296905710001,9.645901847000061],[121.22949105000009,9.645961627000077],[121.22951617700005,9.645987924000053]]],[[[121.23638735300005,9.646399514000052],[121.2365970190001,9.646414625000034],[121.23657758900004,9.646278468000048],[121.23638735300005,9.646399514000052]]],[[[121.23642132300006,9.646929599000032],[121.23621480400004,9.646774481000023],[121.23632277900003,9.647020862000034],[121.23642132300006,9.646929599000032]]],[[[121.22975676900012,9.647302968000076],[121.22991311800001,9.646758116000058],[121.22959552300006,9.646820478000052],[121.22975676900012,9.647302968000076]]],[[[121.2334690350001,9.647478351000075],[121.23594090600011,9.645854848000056],[121.23420113400005,9.643877710000027],[121.2334690350001,9.647478351000075]]],[[[121.23687408400008,9.649083002000054],[121.23747467200008,9.648708860000056],[121.2366439330001,9.648448012000074],[121.23687408400008,9.649083002000054]]],[[[121.23858220000011,9.662186890000044],[121.23863339900004,9.650671483000053],[121.23459212600005,9.650971861000073],[121.23102044200004,9.645789346000072],[121.23858220000011,9.662186890000044]]],[[[121.2391735330001,9.662765769000032],[121.23956339400002,9.662855147000073],[121.23947178600008,9.662669133000065],[121.2391735330001,9.662765769000032]]]]}},{"type":"Feature","properties":{"ADM4_EN":"Santa Cruz","ADM4_PCODE":"PH1705308009","ADM4_REF":null,"ADM3_EN":"Cagayancillo","ADM3_PCODE":"PH1705308","ADM2_EN":"Palawan","ADM2_PCODE":"PH17053","ADM1_EN":"Mimaropa Region","ADM1_PCODE":"PH17","ADM0_EN":"Philippines (the)","ADM0_PCODE":"PH","date":"2022-11-09","validOn":"2023-11-06","validTo":null,"Shape_Leng":0.289736742216,"Shape_Area":0.000344612911472,"AREA_SQKM":4.18402231229,"psgc_id":"PH1705308009","psgc_code":"1705308009","psgc_name":"Santa Cruz","psgc_status":"matched","match_confidence":1.0,"psgc_type":"barangay","match_method":"exact","sga_member":false},"geometry":{"type":"MultiPolygon","coordinates":[[[[121.21731874900001,9.587506891000032],[121.21813741900007,9.587580660000071],[121.21826850700006,9.587474548000046],[121.21731874900001,9.587506891000032]]],[[[121.21488634800005,9.587087620000034],[121.21505465200005,9.586886974000038],[121.21364475400003,9.587220752000064],[121.21488634800005,9.587087620000034]]],[[[121.21874979800009,9.587805346000039],[121.21915783300005,9.587700014000063],[121.21874125000011,9.587670532000061],[121.21874979800009,9.587805346000039]]],[[[121.21942488400009,9.588136047000035],[121.21963210400008,9.588064422000059],[121.21936720000008,9.587984382000059],[121.21942488400009,9.588136047000035]]],[[[121.2182347590001,9.602076241000077],[121.22154902900002,9.590164884000046],[121.23199351400001,9.591015887000026],[121.2063729890001,9.586979940000049],[121.2013929960001,9.591359011000065],[121.2182347590001,9.602076241000077]]],[[[121.28095899300001,9.623006081000028],[121.26757902100007,9.60745692200004],[121.25008835100004,9.595925924000028],[121.2407980800001,9.591130777000046],[121.2385395440001,9.592019110000024],[121.28095899300001,9.623006081000028]]],[[[121.29026948800004,9.625442465000049],[121.29048442700002,9.625357658000041],[121.29058706300009,9.62499501000002],[121.29031474200008,9.624736031000054],[121.29026948800004,9.625442465000049]]]]}},{"type":"Feature","properties":{"ADM4_EN":"Tacas (Pob.)","ADM4_PCODE":"PH1705308010","ADM4_REF":null,"ADM3_EN":"Cagayancillo","ADM3_PCODE":"PH1705308","ADM2_EN":"Palawan","ADM2_PCODE":"PH17053","ADM1_EN":"Mimaropa Region","ADM1_PCODE":"PH17","ADM0_EN":"Philippines (the)","ADM0_PCODE":"PH","date":"2022-11-09","validOn":"2023-11-06","validTo":null,"Shape_Leng":0.0407340843202,"Shape_Area":4.77972634334e-05,"AREA_SQKM":0.580339993205,"psgc_id":"PH1705308010","psgc_code":"1705308010","psgc_name":"Tacas","psgc_status":"matched","match_confidence":1.0,"psgc_type":"barangay","match_method":"exact","sga_member":false},"geometry":{"type":"Polygon","coordinates":[[[121.19549034200008,9.586169064000046],[121.20527960100003,9.588514217000068],[121.19810832900009,9.578287623000051],[121.19549034200008,9.586169064000046]]]}},{"type":"Feature","properties":{"ADM4_EN":"Talaga","ADM4_PCODE":"PH1705308011","ADM4_REF":null,"ADM3_EN":"Cagayancillo","ADM3_PCODE":"PH1705308","ADM2_EN":"Palawan","ADM2_PCODE":"PH17053","ADM1_EN":"Mimaropa Region","ADM1_PCODE":"PH17","ADM0_EN":"Philippines (the)","ADM0_PCODE":"PH","date":"2022-11-09","validOn":"2023-11-06","validTo":null,"Shape_Leng":0.100265246585,"Shape_Area":0.000144231017063,"AREA_SQKM":1.75109967661,"psgc_id":"PH1705308011","psgc_code":"1705308011","psgc_name":"Talaga","psgc_status":"matched","match_confidence":1.0,"psgc_type":"barangay","match_method":"exact","sga_member":false},"geometry":{"type":"MultiPolygon","coordinates":[[[[121.23167108000007,9.60122345000002],[121.23221251300004,9.600609702000042],[121.23174441700007,9.60057979000004],[121.23167108000007,9.60122345000002]]],[[[121.22828137200008,9.602086955000061],[121.22890516300004,9.602068287000066],[121.22809469600008,9.601870297000062],[121.22828137200008,9.602086955000061]]],[[[121.22742201300002,9.616518099000075],[121.22819677400003,9.616398453000045],[121.227540567,9.616422949000025],[121.22751021400006,9.615906449000022],[121.22725380700001,9.61611577900004],[121.22742201300002,9.616518099000075]]],[[[121.22776395300002,9.617559244000063],[121.22826851000002,9.61738252400005],[121.22773082700007,9.616705660000036],[121.22776395300002,9.617559244000063]]],[[[121.22666660800007,9.617996966000021],[121.2273200840001,9.618508001000066],[121.22705811900005,9.61778219200005],[121.22666660800007,9.617996966000021]]],[[[121.22216208600003,9.596407838000061],[121.22642081900005,9.615137835000041],[121.23009015800005,9.613002823000045],[121.22216208600003,9.596407838000061]]],[[[121.22731460400007,9.61923925900004],[121.22707197300008,9.619280046000029],[121.22738080200008,9.619782942000029],[121.22731460400007,9.61923925900004]]]]}},{"type":"Feature","properties":{"ADM4_EN":"Wahig (Pob.)","ADM4_PCODE":"PH1705308012","ADM4_REF":null,"ADM3_EN":"Cagayancillo","ADM3_PCODE":"PH1705308","ADM2_EN":"Palawan","ADM2_PCODE":"PH17053","ADM1_EN":"Mimaropa Region","ADM1_PCODE":"PH17","ADM0_EN":"Philippines (the)","ADM0_PCODE":"PH","date":"2022-11-09","validOn":"2023-11-06","validTo":null,"Shape_Leng":0.00451752098107,"Shape_Area":9.95757765218e-07,"AREA_SQKM":0.0120905595145,"psgc_id":"PH1705308012","psgc_code":"1705308012","psgc_name":"Wahig","psgc_status":"matched","match_confidence":1.0,"psgc_type":"barangay","match_method":"exact","sga_member":false},"geometry":{"type":"Polygon","coordinates":[[[121.1959104020001,9.575916091000067],[121.19720145800011,9.575327983000022],[121.19627360900006,9.574841501000037],[121.1959104020001,9.575916091000067]]]}},{"type":"Feature","properties":{"ADM4_EN":"Banuang Daan","ADM4_PCODE":"PH1705309001","ADM4_REF":null,"ADM3_EN":"Coron","ADM3_PCODE":"PH1705309","ADM2_EN":"Palawan","ADM2_PCODE":"PH17053","ADM1_EN":"Mimaropa Region","ADM1_PCODE":"PH17","ADM0_EN":"Philippines (the)","ADM0_PCODE":"PH","date":"2022-11-09","validOn":"2023-11-06","validTo":null,"Shape_Leng":0.460671643451,"Shape_Area":0.00263167785412,"AREA_SQKM":31.709774928,"psgc_id":"PH1705309001","psgc_code":"1705309001","psgc_name":"Banuang Daan","psgc_status":"matched","match_confidence":1.0,"psgc_type":"barangay","match_method":"exact","sga_member":false},"geometry":{"type":"MultiPolygon","coordinates":[[[[120.20284617000004,11.944796499000063],[120.20373812000003,11.946846711000035],[120.20401052500006,11.94450196200006],[120.20284617000004,11.944796499000063]]],[[[120.20564466600001,11.948956036000027],[120.20766440300008,11.948490051000022],[120.20536748400002,11.947423152000056],[120.20564466600001,11.948956036000027]]],[[[120.21301404700012,11.955145125000058],[120.21309417300006,11.954370185000073],[120.21247495700004,11.954842240000062],[120.21301404700012,11.955145125000058]]],[[[120.27807617200006,11.955322266000053],[120.27630615200007,11.955078125000057],[120.27807617200006,11.956481933000077],[120.27807617200006,11.955322266000053]]],[[[120.2756958010001,11.957275391000053],[120.2747192380001,11.955871582000043],[120.274902343,11.957092285000044],[120.2756958010001,11.957275391000053]]],[[[120.26681209100002,11.958338551000054],[120.26705205300004,11.958256212000038],[120.26683193000008,11.95817366700004],[120.26681209100002,11.958338551000054]]],[[[120.22738776500012,11.962271189000035],[120.22771782400002,11.962288074000071],[120.22763450200011,11.96205283300003],[120.22738776500012,11.962271189000035]]],[[[120.22495434000007,11.962015085000075],[120.2270529970001,11.962280445000033],[120.22589440800004,11.960790987000053],[120.22495434000007,11.962015085000075]]],[[[120.22937297500005,11.966465150000033],[120.228847072,11.966193239000063],[120.22916609000004,11.966594929000053],[120.22937297500005,11.966465150000033]]],[[[120.23734385600005,11.981342262000055],[120.23883067700001,11.981010577000063],[120.23871765500007,11.980644260000076],[120.23734385600005,11.981342262000055]]],[[[120.24527796200005,11.98714489200006],[120.27187613100011,11.969103189000066],[120.26647823300004,11.962333217000037],[120.26657448200001,11.955541152000023],[120.27365969000004,11.952383265000037],[120.27650966800002,11.935020214000076],[120.25955142300006,11.941322942000056],[120.23512965200007,11.925740114000064],[120.20492125300007,11.922348341000031],[120.19162196700006,11.93678398000003],[120.19279500700009,11.95298443400003],[120.20267081300005,11.943000193000046],[120.20920904800005,11.94488235600005],[120.21188165900003,11.954210674000024],[120.21366472200009,11.953532494000058],[120.21732261400007,11.958016669000074],[120.21997834500007,11.957297101000051],[120.2235434270001,11.961665026000048],[120.22623137300002,11.959195704000024],[120.24740631600002,11.975962228000071],[120.24527796200005,11.98714489200006]]]]}},{"type":"Feature","properties":{"ADM4_EN":"Bintuan","ADM4_PCODE":"PH1705309002","ADM4_REF":null,"ADM3_EN":"Coron","ADM3_PCODE":"PH1705309","ADM2_EN":"Palawan","ADM2_PCODE":"PH17053","ADM1_EN":"Mimaropa Region","ADM1_PCODE":"PH17","ADM0_EN":"Philippines (the)","ADM0_PCODE":"PH","date":"2022-11-09","validOn":"2023-11-06","validTo":null,"Shape_Leng":1.13005084354,"Shape_Area":0.00628096282925,"AREA_SQKM":75.6655305462,"psgc_id":"PH1705309002","psgc_code":"1705309002","psgc_name":"Bintuan","psgc_status":"matched","match_confidence":1.0,"psgc_type":"barangay","match_method":"exact","sga_member":false},"geometry":{"type":"MultiPolygon","coordinates":[[[[120.04313249200004,11.934205789000032],[120.06169339900009,11.929992904000073],[120.06841962500005,11.916954213000054],[120.04313987700004,11.91742195200004],[120.03346660000011,11.927771863000032],[120.04313249200004,11.934205789000032]]],[[[120.0857879030001,11.957185151000033],[120.08676194100008,11.957583728000031],[120.0870418930001,11.957313959000032],[120.0857879030001,11.957185151000033]]],[[[120.1033077410001,11.962121712000055],[120.10932840700002,11.957161987000063],[120.10912484000005,11.955101352000042],[120.1033077410001,11.962121712000055]]],[[[120.07075195700008,11.963052957000059],[120.07037678000006,11.962933325000051],[120.07038834200011,11.963161853000031],[120.07075195700008,11.963052957000059]]],[[[120.0914087760001,11.973371077000024],[120.092492923,11.972179464000021],[120.09233407400006,11.972024956000041],[120.0914087760001,11.973371077000024]]],[[[120.08599164100008,11.979324856000062],[120.08623843500004,11.979195381000068],[120.08622332000004,11.978997718000073],[120.08599164100008,11.979324856000062]]],[[[120.08547033400009,11.97979777300003],[120.08581520700011,11.979687700000056],[120.08572467600004,11.979492888000038],[120.08547033400009,11.97979777300003]]],[[[120.12024657500001,11.981395478000024],[120.12520394900002,11.979681471000049],[120.12248335900006,11.977868414000056],[120.12024657500001,11.981395478000024]]],[[[120.019292543,11.987221082000076],[120.02702724700009,11.97507263600005],[120.02544751700009,11.971282216000077],[120.00994556500007,11.980227996000053],[120.019292543,11.987221082000076]]],[[[120.06134090500007,11.995306208000045],[120.07500331800009,11.984180448000075],[120.08464989800007,11.958532385000069],[120.07132344400009,11.963843778000069],[120.06598665000001,11.96243168500007],[120.06134090500007,11.995306208000045]]],[[[120.0808503400001,12.000143580000042],[120.0814062500001,11.999742014000049],[120.08138706300008,11.998903838000047],[120.0808503400001,12.000143580000042]]],[[[120.12482772600003,12.028580831000056],[120.12539614900004,12.02864091400005],[120.12538510600007,12.028206684000054],[120.12482772600003,12.028580831000056]]],[[[120.03465270800007,12.050868200000025],[120.09313954200002,12.030781047000062],[120.11196136100011,12.05053881300006],[120.1299239440001,12.030245551000064],[120.12453442100002,12.02893582200005],[120.12404736600001,12.018110078000063],[120.137454176,12.002930973000048],[120.12862351900003,12.002985443000057],[120.12731289900012,11.99124002600007],[120.11436019200005,11.988763322000068],[120.10424442900012,12.002598547000048],[120.09569394900007,12.002748980000035],[120.10638662100007,11.983078092000028],[120.11259423400008,11.978305599000066],[120.11638055100002,11.986382129000049],[120.11929113700012,11.977861568000037],[120.10358386000007,11.972385683000027],[120.099767111,11.960415543000067],[120.09232446300007,11.974210496000069],[120.0803794090001,11.98594638000003],[120.08881116500004,11.998139235000053],[120.05283003700004,12.02018152100004],[120.05832430700002,12.007585151000058],[120.0484448950001,12.00596305700003],[120.04752308200011,11.994854738000072],[120.01792774300009,11.99059782200004],[120.03465270800007,12.050868200000025]]]]}},{"type":"Feature","properties":{"ADM4_EN":"Borac","ADM4_PCODE":"PH1705309003","ADM4_REF":null,"ADM3_EN":"Coron","ADM3_PCODE":"PH1705309","ADM2_EN":"Palawan","ADM2_PCODE":"PH17053","ADM1_EN":"Mimaropa Region","ADM1_PCODE":"PH17","ADM0_EN":"Philippines (the)","ADM0_PCODE":"PH","date":"2022-11-09","validOn":"2023-11-06","validTo":null,"Shape_Leng":0.357771043065,"Shape_Area":0.00434052852719,"AREA_SQKM":52.2785239722,"psgc_id":"PH1705309003","psgc_code":"1705309003","psgc_name":"Borac","psgc_status":"matched","match_confidence":1.0,"psgc_type":"barangay","match_method":"exact","sga_member":false},"geometry":{"type":"Polygon","coordinates":[[[120.24953492700001,12.113460217000068],[120.33961486700002,12.053817128000048],[120.33247752000011,12.042666395000026],[120.30941003300006,12.041446089000033],[120.305944,12.020411],[120.27916710300008,12.039066984000044],[120.278292,12.025441],[120.24536896100005,12.05302610800004],[120.25293742300005,12.072857359000068],[120.24953492700001,12.113460217000068]]]}},{"type":"Feature","properties":{"ADM4_EN":"Buenavista","ADM4_PCODE":"PH1705309004","ADM4_REF":null,"ADM3_EN":"Coron","ADM3_PCODE":"PH1705309","ADM2_EN":"Palawan","ADM2_PCODE":"PH17053","ADM1_EN":"Mimaropa Region","ADM1_PCODE":"PH17","ADM0_EN":"Philippines (the)","ADM0_PCODE":"PH","date":"2022-11-09","validOn":"2023-11-06","validTo":null,"Shape_Leng":0.373007835929,"Shape_Area":0.00114476961199,"AREA_SQKM":13.7833743576,"psgc_id":"PH1705309004","psgc_code":"1705309004","psgc_name":"Buenavista","psgc_status":"matched","match_confidence":1.0,"psgc_type":"barangay","match_method":"exact","sga_member":false},"geometry":{"type":"MultiPolygon","coordinates":[[[[120.26497006300008,12.154342019000069],[120.2672179430001,12.155910335000044],[120.26623538000001,12.154172137000046],[120.26497006300008,12.154342019000069]]],[[[120.25411199400003,12.156657334000045],[120.26480541900003,12.154713423000032],[120.259278472,12.14260041700004],[120.25649607800005,12.142649937000044],[120.25411199400003,12.156657334000045]]],[[[120.25039607000008,12.159087562000025],[120.25082291800004,12.156395262000046],[120.24963753000009,12.156430660000069],[120.25039607000008,12.159087562000025]]],[[[120.23870898200005,12.179768448000061],[120.25108235100004,12.151439888000027],[120.24189473600006,12.14911839000007],[120.25251729400009,12.144182664000027],[120.24552233700001,12.132708924000042],[120.25909147900006,12.124829968000029],[120.24953492700001,12.113460217000068],[120.2248464810001,12.165354892000039],[120.2265995780001,12.180808229000036],[120.23870898200005,12.179768448000061]]],[[[120.25258418300007,12.183480175000057],[120.256971055,12.172759582000026],[120.25387988200009,12.15950729900004],[120.24812240900008,12.170535767000047],[120.25258418300007,12.183480175000057]]]]}},{"type":"Feature","properties":{"ADM4_EN":"Bulalacao","ADM4_PCODE":"PH1705309005","ADM4_REF":null,"ADM3_EN":"Coron","ADM3_PCODE":"PH1705309","ADM2_EN":"Palawan","ADM2_PCODE":"PH17053","ADM1_EN":"Mimaropa Region","ADM1_PCODE":"PH17","ADM0_EN":"Philippines (the)","ADM0_PCODE":"PH","date":"2022-11-09","validOn":"2023-11-06","validTo":null,"Shape_Leng":0.79261171445,"Shape_Area":0.00132368211372,"AREA_SQKM":15.9608936405,"psgc_id":"PH1705309005","psgc_code":"1705309005","psgc_name":"Bulalacao","psgc_status":"matched","match_confidence":1.0,"psgc_type":"barangay","match_method":"exact","sga_member":false},"geometry":{"type":"MultiPolygon","coordinates":[[[[120.10824462500011,11.664713243000051],[120.12269805500011,11.65664977800003],[120.10798067000007,11.64705990300007],[120.10615117100008,11.648036572000024],[120.10824462500011,11.664713243000051]]],[[[120.13577459100009,11.679489983000053],[120.13709092400006,11.678196544000059],[120.13560776800011,11.677961437000022],[120.13577459100009,11.679489983000053]]],[[[120.14929587800009,11.69245201800004],[120.14602143200011,11.683234614000071],[120.14180863400009,11.68239613000003],[120.13929397100003,11.689617744000032],[120.14929587800009,11.69245201800004]]],[[[120.20354944000007,11.70575253100003],[120.2051312750001,11.705213343000025],[120.20329696700003,11.704473947000054],[120.20354944000007,11.70575253100003]]],[[[120.15331191000007,11.726778120000063],[120.15747731800002,11.727118959000052],[120.15450224200004,11.71758555200006],[120.15331191000007,11.726778120000063]]],[[[120.10675442900003,11.731680149000056],[120.1089076180001,11.729712364000022],[120.10527665400002,11.725466106000056],[120.10675442900003,11.731680149000056]]],[[[120.17384733900008,11.73833501300004],[120.17482109600007,11.737133147000065],[120.17330584600006,11.737249891000033],[120.17384733900008,11.73833501300004]]],[[[120.21888925700011,11.768270648000055],[120.22556564900003,11.767081201000053],[120.21896081300008,11.76749140000004],[120.21888925700011,11.768270648000055]]],[[[120.1669753430001,11.771008941000048],[120.16620353700011,11.77025945400004],[120.16617863300007,11.771680481000033],[120.1669753430001,11.771008941000048]]],[[[120.12517094600003,11.771521802000052],[120.12879036400011,11.771326700000031],[120.12566491300004,11.769562027000063],[120.12517094600003,11.771521802000052]]],[[[120.17618271300012,11.775067530000058],[120.17473346500003,11.775267503000066],[120.17572159100007,11.775959580000062],[120.17618271300012,11.775067530000058]]],[[[120.13456032400006,11.781348752000042],[120.13494804800007,11.781274085000064],[120.13428065200003,11.780342817000076],[120.13456032400006,11.781348752000042]]],[[[120.1668436330001,11.781762885000035],[120.19446032300004,11.77456135400007],[120.19737496700009,11.751035884000032],[120.18322440500003,11.751977770000053],[120.17464519300006,11.74203071100004],[120.15203041500001,11.753531758000065],[120.13866013900008,11.75204111100004],[120.14484614000003,11.756427641000073],[120.13472900800002,11.764596315000063],[120.1342793450001,11.780232698000077],[120.14475998600005,11.76291223800007],[120.15483686300001,11.771759754000072],[120.15749252700004,11.763056594000034],[120.16058812300003,11.768421261000071],[120.16449385300007,11.76091460300006],[120.17756371200005,11.76209430800003],[120.1783976800001,11.760125731000073],[120.17566868800009,11.758844275000058],[120.17632646700008,11.757679051000025],[120.17509878600004,11.756814677000023],[120.17524976800007,11.753920006000044],[120.18889833500009,11.757025034000037],[120.17781349400002,11.772130223000033],[120.18307447900008,11.770762673000036],[120.18466018200002,11.773255322000068],[120.1668436330001,11.781762885000035]]],[[[120.13417691100005,11.785068025000044],[120.13470799100003,11.784263966000026],[120.13384161200008,11.784111963000043],[120.13417691100005,11.785068025000044]]]]}},{"type":"Feature","properties":{"ADM4_EN":"Cabugao","ADM4_PCODE":"PH1705309006","ADM4_REF":null,"ADM3_EN":"Coron","ADM3_PCODE":"PH1705309","ADM2_EN":"Palawan","ADM2_PCODE":"PH17053","ADM1_EN":"Mimaropa Region","ADM1_PCODE":"PH17","ADM0_EN":"Philippines (the)","ADM0_PCODE":"PH","date":"2022-11-09","validOn":"2023-11-06","validTo":null,"Shape_Leng":0.648574327932,"Shape_Area":0.00353833974693,"AREA_SQKM":42.6435585583,"psgc_id":"PH1705309006","psgc_code":"1705309006","psgc_name":"Cabugao","psgc_status":"matched","match_confidence":1.0,"psgc_type":"barangay","match_method":"exact","sga_member":false},"geometry":{"type":"MultiPolygon","coordinates":[[[[120.31234207000011,11.821193125000036],[120.3129750380001,11.820901548000052],[120.31294489700008,11.820607249000034],[120.31234207000011,11.821193125000036]]],[[[120.2442361300001,11.83347599800004],[120.24398923400008,11.833205859000032],[120.24405985900012,11.833569365000074],[120.2442361300001,11.83347599800004]]],[[[120.31868564500007,11.845764598000073],[120.32132274500009,11.844341734000068],[120.3209742900001,11.841155737000065],[120.31868564500007,11.845764598000073]]],[[[120.32095802800006,11.847602658000028],[120.32158603300002,11.847551573000032],[120.32156222000003,11.847316529000068],[120.32095802800006,11.847602658000028]]],[[[120.30486555800007,11.837359780000043],[120.32151518600006,11.849174206000043],[120.31713940800012,11.844846845000063],[120.31198587000006,11.825494369000069],[120.30486555800007,11.837359780000043]]],[[[120.27575551100006,11.934119482000028],[120.27675207000004,11.925976569000056],[120.26275097500002,11.91396433600005],[120.25410681300002,11.918912435000038],[120.2487566640001,11.907932501000062],[120.25924752600008,11.869549945000074],[120.258327602,11.857986467000046],[120.24616149100007,11.848116315000027],[120.25408547800009,11.843005899000048],[120.25960836000002,11.81612100500007],[120.26615896600003,11.823069102000034],[120.26210322500003,11.807255118000057],[120.23668757200005,11.846676940000066],[120.23078984800009,11.879778392000048],[120.20492125300007,11.922348341000031],[120.23512965200007,11.925740114000064],[120.25955142300006,11.941322942000056],[120.27575551100006,11.934119482000028]]]]}},{"type":"Feature","properties":{"ADM4_EN":"Decabobo","ADM4_PCODE":"PH1705309008","ADM4_REF":null,"ADM3_EN":"Coron","ADM3_PCODE":"PH1705309","ADM2_EN":"Palawan","ADM2_PCODE":"PH17053","ADM1_EN":"Mimaropa Region","ADM1_PCODE":"PH17","ADM0_EN":"Philippines (the)","ADM0_PCODE":"PH","date":"2022-11-09","validOn":"2023-11-06","validTo":null,"Shape_Leng":0.628884767092,"Shape_Area":0.00175384401688,"AREA_SQKM":21.1170206504,"psgc_id":"PH1705309008","psgc_code":"1705309008","psgc_name":"Decabobo","psgc_status":"matched","match_confidence":1.0,"psgc_type":"barangay","match_method":"exact","sga_member":false},"geometry":{"type":"MultiPolygon","coordinates":[[[[120.18163251200008,12.13747907000004],[120.1838384350001,12.139362604000041],[120.18409834200008,12.139082361000021],[120.18163251200008,12.13747907000004]]],[[[120.15660848100003,12.146833623000077],[120.16145488500001,12.144038623000029],[120.1627022020001,12.141012815000067],[120.15973830000007,12.141472478000026],[120.15660848100003,12.146833623000077]]],[[[120.18803931500008,12.147429165000062],[120.18902038800002,12.14782228100006],[120.18926215500005,12.147274913000047],[120.18803931500008,12.147429165000062]]],[[[120.20924035700011,12.151318901000025],[120.20931766800004,12.151884274000054],[120.20959447100006,12.151142038000046],[120.20924035700011,12.151318901000025]]],[[[120.16345188900004,12.160600165000062],[120.17100745500011,12.158515049000073],[120.171784709,12.153651986000057],[120.1658833140001,12.151244933000044],[120.16345188900004,12.160600165000062]]],[[[120.1487280130001,12.16751565100003],[120.15401186400004,12.16554810100007],[120.15070209700002,12.162466402000064],[120.1487280130001,12.16751565100003]]],[[[120.21597288700002,12.182775991000028],[120.24375,12.130269],[120.24233281900001,12.121020480000027],[120.22010077300001,12.122742814000048],[120.1868004580001,12.136528536000071],[120.21409676300004,12.13267286000007],[120.21561357900009,12.144971860000055],[120.20560544600005,12.16197821000003],[120.21597288700002,12.182775991000028]]],[[[120.13841642800003,12.199445995000076],[120.1766391970001,12.161586055000043],[120.19152416300005,12.160679172000073],[120.20090095900002,12.147145726000076],[120.19414124800005,12.143025029000057],[120.19670292800004,12.148791924000022],[120.147876343,12.175056794000056],[120.15006286800008,12.186604592000037],[120.13841642800003,12.199445995000076]]]]}},{"type":"Feature","properties":{"ADM4_EN":"Decalachao","ADM4_PCODE":"PH1705309009","ADM4_REF":null,"ADM3_EN":"Coron","ADM3_PCODE":"PH1705309","ADM2_EN":"Palawan","ADM2_PCODE":"PH17053","ADM1_EN":"Mimaropa Region","ADM1_PCODE":"PH17","ADM0_EN":"Philippines (the)","ADM0_PCODE":"PH","date":"2022-11-09","validOn":"2023-11-06","validTo":null,"Shape_Leng":0.619978905939,"Shape_Area":0.0151965920836,"AREA_SQKM":183.000693627,"psgc_id":"PH1705309009","psgc_code":"1705309009","psgc_name":"Decalachao","psgc_status":"matched","match_confidence":1.0,"psgc_type":"barangay","match_method":"exact","sga_member":false},"geometry":{"type":"MultiPolygon","coordinates":[[[[120.14497543100003,12.18170705600005],[120.14569839800004,12.181993232000025],[120.14554318100011,12.181396363000033],[120.14497543100003,12.18170705600005]]],[[[120.0865773490001,12.17295037100007],[120.09822719100009,12.176932386000033],[120.12731398300002,12.147509198000023],[120.14762484200003,12.140952230000039],[120.14117011700012,12.134767657000054],[120.14709119200006,12.128871411000034],[120.1537237010001,12.135040804000027],[120.16978490300005,12.119711542000061],[120.1640858930001,12.091515268000023],[120.14082,12.081365],[120.09313954200002,12.030781047000062],[120.03465270800007,12.050868200000025],[120.04227462200004,12.07914463000003],[120.0280610860001,12.084221727000056],[120.004094,12.136295],[120.05439174900005,12.18284574300003],[120.0865773490001,12.17295037100007]]]]}},{"type":"Feature","properties":{"ADM4_EN":"Guadalupe","ADM4_PCODE":"PH1705309010","ADM4_REF":null,"ADM3_EN":"Coron","ADM3_PCODE":"PH1705309","ADM2_EN":"Palawan","ADM2_PCODE":"PH17053","ADM1_EN":"Mimaropa Region","ADM1_PCODE":"PH17","ADM0_EN":"Philippines (the)","ADM0_PCODE":"PH","date":"2022-11-09","validOn":"2023-11-06","validTo":null,"Shape_Leng":0.30793936331,"Shape_Area":0.00358689953744,"AREA_SQKM":43.203300069,"psgc_id":"PH1705309010","psgc_code":"1705309010","psgc_name":"Guadalupe","psgc_status":"matched","match_confidence":1.0,"psgc_type":"barangay","match_method":"exact","sga_member":false},"geometry":{"type":"MultiPolygon","coordinates":[[[[120.15384359600012,12.022034255000051],[120.15451614200003,12.021727868000028],[120.15385304100005,12.021658278000075],[120.15384359600012,12.022034255000051]]],[[[120.21403507100001,12.058915768000077],[120.1739430230001,12.026466329000073],[120.16212521800003,12.032350603000054],[120.1574477910001,12.02088034600007],[120.1299239440001,12.030245551000064],[120.11196136100011,12.05053881300006],[120.14082,12.081365],[120.15944691700008,12.08977584300004],[120.18596,12.060891],[120.21403507100001,12.058915768000077]]]]}},{"type":"Feature","properties":{"ADM4_EN":"Lajala","ADM4_PCODE":"PH1705309011","ADM4_REF":null,"ADM3_EN":"Coron","ADM3_PCODE":"PH1705309","ADM2_EN":"Palawan","ADM2_PCODE":"PH17053","ADM1_EN":"Mimaropa Region","ADM1_PCODE":"PH17","ADM0_EN":"Philippines (the)","ADM0_PCODE":"PH","date":"2022-11-09","validOn":"2023-11-06","validTo":null,"Shape_Leng":0.470417352133,"Shape_Area":0.000997002997605,"AREA_SQKM":12.011869905,"psgc_id":"PH1705309011","psgc_code":"1705309011","psgc_name":"Lajala","psgc_status":"matched","match_confidence":1.0,"psgc_type":"barangay","match_method":"exact","sga_member":false},"geometry":{"type":"MultiPolygon","coordinates":[[[[120.16414834200009,11.960965936000036],[120.16507068200008,11.956086223000057],[120.15656889000002,11.959487170000045],[120.16414834200009,11.960965936000036]]],[[[120.17998436900007,11.963862212000038],[120.18046938700002,11.962948012000027],[120.17949579300011,11.96323327500005],[120.17998436900007,11.963862212000038]]],[[[120.15039489000003,11.973408328000062],[120.15062525100006,11.973091575000069],[120.14992685000004,11.973025537000069],[120.15039489000003,11.973408328000062]]],[[[120.14977330900001,11.972768694000024],[120.1524048980001,11.972102987000028],[120.14983172500001,11.97057750700003],[120.14977330900001,11.972768694000024]]],[[[120.19678044400007,11.98016179900003],[120.20115266200003,11.982513668000024],[120.20090213700007,11.97993675500004],[120.19678044400007,11.98016179900003]]],[[[120.1619396210001,11.985319828000058],[120.16344494400005,11.986207643000057],[120.16413986900011,11.985443438000061],[120.1619396210001,11.985319828000058]]],[[[120.151886009,11.986716299000022],[120.154072788,11.987320604000047],[120.15273539600003,11.985673102000021],[120.151886009,11.986716299000022]]],[[[120.1702046150001,11.988185714000053],[120.17085641300002,11.987377124000034],[120.16976305800006,11.987693849000038],[120.1702046150001,11.988185714000053]]],[[[120.18030328300006,11.992650570000023],[120.19619082800011,11.98182633600004],[120.1975375180001,11.968202597000072],[120.18547328500006,11.965823508000028],[120.17180079100001,11.975117273000023],[120.17850801800012,11.979541991000076],[120.17740229800006,11.98216629600006],[120.1604593830001,11.967799029000048],[120.15409574700004,11.975386699000069],[120.1396782060001,11.969840526000041],[120.13053873100012,11.974791289000052],[120.13339942400012,11.992259513000022],[120.1472648990001,11.984715225000059],[120.16616367800009,11.982403823000027],[120.18030328300006,11.992650570000023]]],[[[120.14196651200007,11.995250180000028],[120.14419753600009,11.996088263000047],[120.14438762000009,11.99258913400007],[120.14196651200007,11.995250180000028]]]]}},{"type":"Feature","properties":{"ADM4_EN":"Malawig","ADM4_PCODE":"PH1705309012","ADM4_REF":null,"ADM3_EN":"Coron","ADM3_PCODE":"PH1705309","ADM2_EN":"Palawan","ADM2_PCODE":"PH17053","ADM1_EN":"Mimaropa Region","ADM1_PCODE":"PH17","ADM0_EN":"Philippines (the)","ADM0_PCODE":"PH","date":"2022-11-09","validOn":"2023-11-06","validTo":null,"Shape_Leng":0.320429513381,"Shape_Area":0.000663274142056,"AREA_SQKM":7.98438011039,"psgc_id":"PH1705309012","psgc_code":"1705309012","psgc_name":"Malawig","psgc_status":"matched","match_confidence":1.0,"psgc_type":"barangay","match_method":"exact","sga_member":false},"geometry":{"type":"MultiPolygon","coordinates":[[[[120.24188686900004,12.202487552000036],[120.2426511220001,12.202288330000044],[120.24117377100004,12.202376198000024],[120.24188686900004,12.202487552000036]]],[[[120.24069933200008,12.214674108000054],[120.2434964580001,12.207211259000076],[120.24268631100006,12.204430642000034],[120.24121931900004,12.203158631000065],[120.24069933200008,12.214674108000054]]],[[[120.20481896500007,12.220029565000061],[120.20529202700004,12.219708721000075],[120.20462119800004,12.21968004200005],[120.20481896500007,12.220029565000061]]],[[[120.21718357400005,12.226327584000046],[120.2235183470001,12.198298567000052],[120.24275007500012,12.200040190000038],[120.23868007500005,12.181492499000058],[120.2265995780001,12.180808229000036],[120.22566286100005,12.171919545000037],[120.21597288700002,12.182775991000028],[120.21466082800009,12.213327582000034],[120.20555596400004,12.218406486000049],[120.21718357400005,12.226327584000046]]],[[[120.25933558700001,12.298358982000025],[120.2622991500001,12.29749118500007],[120.2592945240001,12.297998795000069],[120.25933558700001,12.298358982000025]]],[[[120.2700551690001,12.33444200100007],[120.269688502,12.334327788000053],[120.26951136500008,12.33458216300005],[120.2700551690001,12.33444200100007]]],[[[120.27214184900004,12.33576087800003],[120.2771516890001,12.331853766000052],[120.27639847900002,12.329666470000063],[120.27209519100006,12.328799102000062],[120.27214184900004,12.33576087800003]]],[[[120.27061345900006,12.340043324000021],[120.271043888,12.33978359300005],[120.27064417800011,12.339265940000075],[120.27061345900006,12.340043324000021]]],[[[120.2713198780001,12.342007117000037],[120.27163697700007,12.342044593000026],[120.27155618000006,12.341835453000044],[120.2713198780001,12.342007117000037]]],[[[120.26211084400006,12.353821991000075],[120.27063314300005,12.347832284000049],[120.27065691100006,12.342548195000063],[120.26275882700008,12.347449245000064],[120.26211084400006,12.353821991000075]]]]}},{"type":"Feature","properties":{"ADM4_EN":"Marcilla","ADM4_PCODE":"PH1705309013","ADM4_REF":null,"ADM3_EN":"Coron","ADM3_PCODE":"PH1705309","ADM2_EN":"Palawan","ADM2_PCODE":"PH17053","ADM1_EN":"Mimaropa Region","ADM1_PCODE":"PH17","ADM0_EN":"Philippines (the)","ADM0_PCODE":"PH","date":"2022-11-09","validOn":"2023-11-06","validTo":null,"Shape_Leng":0.478779962604,"Shape_Area":0.00230816158568,"AREA_SQKM":27.8054494626,"psgc_id":"PH1705309013","psgc_code":"1705309013","psgc_name":"Marcilla","psgc_status":"matched","match_confidence":1.0,"psgc_type":"barangay","match_method":"exact","sga_member":false},"geometry":{"type":"MultiPolygon","coordinates":[[[[120.31890869200004,11.964721679000036],[120.31451416000004,11.964477540000075],[120.31347656300011,11.968078613000046],[120.31890869200004,11.964721679000036]]],[[[120.30627441400009,11.976074219000054],[120.30609130800008,11.97509765600006],[120.30572509700005,11.976074219000054],[120.30627441400009,11.976074219000054]]],[[[120.30548095600011,11.978088379000042],[120.30529785200008,11.977111816000047],[120.30487060500002,11.978088379000042],[120.30548095600011,11.978088379000042]]],[[[120.3850708010001,11.991699219000054],[120.38171386700003,11.99108886700003],[120.38452148400006,11.995117188000052],[120.3850708010001,11.991699219000054]]],[[[120.30894415600005,12.029902246000063],[120.32510281500004,12.037757880000072],[120.33027356000002,12.01662695400006],[120.33383879400003,12.022044354000059],[120.34050420500012,12.012747869000066],[120.3310088390001,12.000972285000046],[120.33586680600001,11.992390422000028],[120.32339747500009,11.999889085000063],[120.31594539700006,12.00133519800005],[120.299834142,11.993701997000073],[120.30251726000006,11.982337936000022],[120.28852385900007,11.984504727000058],[120.26775073800002,12.003612458000077],[120.27870155900007,12.010186886000042],[120.27916710300008,12.039066984000044],[120.305944,12.020411],[120.30941003300006,12.041446089000033],[120.30894415600005,12.029902246000063]]],[[[120.35724549500003,12.043691344000024],[120.35998645600012,12.03007418900006],[120.35888256100009,12.028171764000035],[120.35352938100004,12.038624988000038],[120.35724549500003,12.043691344000024]]]]}},{"type":"Feature","properties":{"ADM4_EN":"Barangay I (Pob.)","ADM4_PCODE":"PH1705309016","ADM4_REF":null,"ADM3_EN":"Coron","ADM3_PCODE":"PH1705309","ADM2_EN":"Palawan","ADM2_PCODE":"PH17053","ADM1_EN":"Mimaropa Region","ADM1_PCODE":"PH17","ADM0_EN":"Philippines (the)","ADM0_PCODE":"PH","date":"2022-11-09","validOn":"2023-11-06","validTo":null,"Shape_Leng":0.0702651704024,"Shape_Area":0.000126928563679,"AREA_SQKM":1.52910556444,"psgc_id":"PH1705309016","psgc_code":"1705309016","psgc_name":"Barangay I","psgc_status":"matched","match_confidence":1.0,"psgc_type":"barangay","match_method":"exact","sga_member":false},"geometry":{"type":"MultiPolygon","coordinates":[[[[120.20959811000012,11.995982755000057],[120.2104324280001,11.995469652000054],[120.20986409800003,11.995425070000067],[120.20959811000012,11.995982755000057]]],[[[120.22198960500009,12.007577754000067],[120.21883364400003,11.998322364000046],[120.2062168970001,11.995621748000076],[120.20844408800008,12.006003337000038],[120.22198960500009,12.007577754000067]]]]}},{"type":"Feature","properties":{"ADM4_EN":"Barangay II (Pob.)","ADM4_PCODE":"PH1705309017","ADM4_REF":null,"ADM3_EN":"Coron","ADM3_PCODE":"PH1705309","ADM2_EN":"Palawan","ADM2_PCODE":"PH17053","ADM1_EN":"Mimaropa Region","ADM1_PCODE":"PH17","ADM0_EN":"Philippines (the)","ADM0_PCODE":"PH","date":"2022-11-09","validOn":"2023-11-06","validTo":null,"Shape_Leng":0.0255924350109,"Shape_Area":9.5463384742e-06,"AREA_SQKM":0.115006845274,"psgc_id":"PH1705309017","psgc_code":"1705309017","psgc_name":"Barangay II","psgc_status":"matched","match_confidence":1.0,"psgc_type":"barangay","match_method":"exact","sga_member":false},"geometry":{"type":"Polygon","coordinates":[[[120.203767,11.99874],[120.20374394600003,11.995985948000055],[120.20605379400001,11.993764601000066],[120.20314947800011,11.994832861000077],[120.203767,11.99874]]]}},{"type":"Feature","properties":{"ADM4_EN":"Barangay III (Pob.)","ADM4_PCODE":"PH1705309018","ADM4_REF":null,"ADM3_EN":"Coron","ADM3_PCODE":"PH1705309","ADM2_EN":"Palawan","ADM2_PCODE":"PH17053","ADM1_EN":"Mimaropa Region","ADM1_PCODE":"PH17","ADM0_EN":"Philippines (the)","ADM0_PCODE":"PH","date":"2022-11-09","validOn":"2023-11-06","validTo":null,"Shape_Leng":0.014262302886,"Shape_Area":6.46570565553e-06,"AREA_SQKM":0.0778936090775,"psgc_id":"PH1705309018","psgc_code":"1705309018","psgc_name":"Barangay III","psgc_status":"matched","match_confidence":1.0,"psgc_type":"barangay","match_method":"exact","sga_member":false},"geometry":{"type":"MultiPolygon","coordinates":[[[[120.20203961300001,11.997796601000061],[120.20168646500008,11.997522598000046],[120.2015554520001,11.99762225400002],[120.20169554000006,11.997798461000059],[120.20203961300001,11.997796601000061]]],[[[120.20247474100006,11.997688348000054],[120.20388599400007,11.998215602000073],[120.20314947800011,11.994832861000077],[120.20126644800007,11.996119855000074],[120.20247474100006,11.997688348000054]]]]}},{"type":"Feature","properties":{"ADM4_EN":"Barangay IV (Pob.)","ADM4_PCODE":"PH1705309019","ADM4_REF":null,"ADM3_EN":"Coron","ADM3_PCODE":"PH1705309","ADM2_EN":"Palawan","ADM2_PCODE":"PH17053","ADM1_EN":"Mimaropa Region","ADM1_PCODE":"PH17","ADM0_EN":"Philippines (the)","ADM0_PCODE":"PH","date":"2022-11-09","validOn":"2023-11-06","validTo":null,"Shape_Leng":0.024863567438,"Shape_Area":2.27954034139e-05,"AREA_SQKM":0.274614828647,"psgc_id":"PH1705309019","psgc_code":"1705309019","psgc_name":"Barangay IV","psgc_status":"matched","match_confidence":1.0,"psgc_type":"barangay","match_method":"exact","sga_member":false},"geometry":{"type":"Polygon","coordinates":[[[120.20333838200008,12.005625192000025],[120.205483,11.999172],[120.20237939700007,11.998741303000031],[120.20333838200008,12.005625192000025]]]}},{"type":"Feature","properties":{"ADM4_EN":"Barangay V (Pob.)","ADM4_PCODE":"PH1705309020","ADM4_REF":null,"ADM3_EN":"Coron","ADM3_PCODE":"PH1705309","ADM2_EN":"Palawan","ADM2_PCODE":"PH17053","ADM1_EN":"Mimaropa Region","ADM1_PCODE":"PH17","ADM0_EN":"Philippines (the)","ADM0_PCODE":"PH","date":"2022-11-09","validOn":"2023-11-06","validTo":null,"Shape_Leng":0.117245372518,"Shape_Area":0.000160714545924,"AREA_SQKM":1.93609465658,"psgc_id":"PH1705309020","psgc_code":"1705309020","psgc_name":"Barangay V","psgc_status":"matched","match_confidence":1.0,"psgc_type":"barangay","match_method":"exact","sga_member":false},"geometry":{"type":"MultiPolygon","coordinates":[[[[120.18989297700011,11.999551340000039],[120.19237749100012,11.999856118000025],[120.1924414560001,11.999109848000046],[120.18989297700011,11.999551340000039]]],[[[120.18437536300007,12.007020234000038],[120.18583965300002,12.007145984000033],[120.1857155240001,12.006245056000068],[120.18437536300007,12.007020234000038]]],[[[120.19229107100011,12.015651073000072],[120.2021208650001,11.997802934000049],[120.1917554800001,12.000878816000068],[120.18859739600009,12.006580954000071],[120.18530992300009,12.007964078000043],[120.18400669900007,12.00727682400003],[120.19229107100011,12.015651073000072]]]]}},{"type":"Feature","properties":{"ADM4_EN":"San Jose","ADM4_PCODE":"PH1705309022","ADM4_REF":null,"ADM3_EN":"Coron","ADM3_PCODE":"PH1705309","ADM2_EN":"Palawan","ADM2_PCODE":"PH17053","ADM1_EN":"Mimaropa Region","ADM1_PCODE":"PH17","ADM0_EN":"Philippines (the)","ADM0_PCODE":"PH","date":"2022-11-09","validOn":"2023-11-06","validTo":null,"Shape_Leng":0.296236807379,"Shape_Area":0.000745691454609,"AREA_SQKM":8.97720999288,"psgc_id":"PH1705309022","psgc_code":"1705309022","psgc_name":"San Jose","psgc_status":"matched","match_confidence":1.0,"psgc_type":"barangay","match_method":"exact","sga_member":false},"geometry":{"type":"MultiPolygon","coordinates":[[[[120.13309536000008,12.183571335000067],[120.132687658,12.186583230000053],[120.13535598800001,12.183006743000021],[120.13309536000008,12.183571335000067]]],[[[120.136136125,12.202086455000028],[120.13604409900006,12.202040379000039],[120.13600171900009,12.202222556000038],[120.136136125,12.202086455000028]]],[[[120.13538966700003,12.202685184000075],[120.13588898900002,12.20272036800003],[120.13586807400009,12.202239938000048],[120.13538966700003,12.202685184000075]]],[[[120.13373814700003,12.203111146000026],[120.13420975500003,12.203098227000055],[120.1341283800001,12.202961564000077],[120.13373814700003,12.203111146000026]]],[[[120.08772986400004,12.203011385000025],[120.10914686500007,12.194316032000074],[120.1087807880001,12.187176915000066],[120.09373892700012,12.193731540000044],[120.08952749900004,12.189479194000057],[120.09909480200008,12.182154299000047],[120.08662897700003,12.173085792000052],[120.05439174900005,12.18284574300003],[120.0676690890001,12.193746908000037],[120.07624161800004,12.189041727000074],[120.08772986400004,12.203011385000025]]],[[[120.130527701,12.205929365000031],[120.13136566800006,12.206629803000055],[120.13151052900002,12.206001525000033],[120.130527701,12.205929365000031]]],[[[120.10491943400007,12.227905273000033],[120.10412597600009,12.22631835900006],[120.10369873000002,12.228881836000028],[120.10491943400007,12.227905273000033]]],[[[120.08539566500008,12.236138910000022],[120.090727678,12.234203255000068],[120.08898041700002,12.231509318000064],[120.08539566500008,12.236138910000022]]]]}},{"type":"Feature","properties":{"ADM4_EN":"San Nicolas","ADM4_PCODE":"PH1705309023","ADM4_REF":null,"ADM3_EN":"Coron","ADM3_PCODE":"PH1705309","ADM2_EN":"Palawan","ADM2_PCODE":"PH17053","ADM1_EN":"Mimaropa Region","ADM1_PCODE":"PH17","ADM0_EN":"Philippines (the)","ADM0_PCODE":"PH","date":"2022-11-09","validOn":"2023-11-06","validTo":null,"Shape_Leng":0.344745917542,"Shape_Area":0.00529110689011,"AREA_SQKM":63.7209850495,"psgc_id":"PH1705309023","psgc_code":"1705309023","psgc_name":"San Nicolas","psgc_status":"matched","match_confidence":1.0,"psgc_type":"barangay","match_method":"exact","sga_member":false},"geometry":{"type":"Polygon","coordinates":[[[120.18893476700009,12.135637699000029],[120.24953492700001,12.113460217000068],[120.25293742300005,12.072857359000068],[120.24536896100005,12.05302610800004],[120.18596,12.060891],[120.15944691700008,12.08977584300004],[120.16936871200005,12.101056757000038],[120.16951038600007,12.119796273000077],[120.19025711000006,12.121277735000035],[120.17949122700009,12.129631517000064],[120.18893476700009,12.135637699000029]]]}},{"type":"Feature","properties":{"ADM4_EN":"Tagumpay","ADM4_PCODE":"PH1705309024","ADM4_REF":null,"ADM3_EN":"Coron","ADM3_PCODE":"PH1705309","ADM2_EN":"Palawan","ADM2_PCODE":"PH17053","ADM1_EN":"Mimaropa Region","ADM1_PCODE":"PH17","ADM0_EN":"Philippines (the)","ADM0_PCODE":"PH","date":"2022-11-09","validOn":"2023-11-06","validTo":null,"Shape_Leng":0.338219661608,"Shape_Area":0.00190123397581,"AREA_SQKM":22.902860479,"psgc_id":"PH1705309024","psgc_code":"1705309024","psgc_name":"Tagumpay","psgc_status":"matched","match_confidence":1.0,"psgc_type":"barangay","match_method":"exact","sga_member":false},"geometry":{"type":"MultiPolygon","coordinates":[[[[120.23048466800003,11.98276336300006],[120.23109558500005,11.983481726000036],[120.23121587000003,11.983333099000049],[120.23048466800003,11.98276336300006]]],[[[120.22968066200008,11.983738026000026],[120.22999877900008,11.984177714000054],[120.229959215,11.983683842000062],[120.22968066200008,11.983738026000026]]],[[[120.22971394500007,11.985302789000059],[120.22975660400004,11.984752618000073],[120.22945643000003,11.984998337000036],[120.22971394500007,11.985302789000059]]],[[[120.2321170670001,11.985163401000023],[120.23257674500007,11.985279073000072],[120.23259839500008,11.984894582000038],[120.2321170670001,11.985163401000023]]],[[[120.23170457100002,11.98517915800005],[120.2312258720001,11.985443425000028],[120.2312716880001,11.985533060000023],[120.23170457100002,11.98517915800005]]],[[[120.22942324700011,11.98573086600004],[120.22943272700002,11.98561032300006],[120.22941219000006,11.985486689000027],[120.22942324700011,11.98573086600004]]],[[[120.27870155900007,12.010186886000042],[120.25157460200012,12.006635994000021],[120.2247258640001,11.982188622000024],[120.21781957100006,11.993675839000048],[120.2102435380001,11.99310796800006],[120.2342221990001,12.011219870000048],[120.24536896100005,12.05302610800004],[120.278292,12.025441],[120.27870155900007,12.010186886000042]]]]}},{"type":"Feature","properties":{"ADM4_EN":"Tara","ADM4_PCODE":"PH1705309025","ADM4_REF":null,"ADM3_EN":"Coron","ADM3_PCODE":"PH1705309","ADM2_EN":"Palawan","ADM2_PCODE":"PH17053","ADM1_EN":"Mimaropa Region","ADM1_PCODE":"PH17","ADM0_EN":"Philippines (the)","ADM0_PCODE":"PH","date":"2022-11-09","validOn":"2023-11-06","validTo":null,"Shape_Leng":0.340776428429,"Shape_Area":0.00059339509025,"AREA_SQKM":7.14167632452,"psgc_id":"PH1705309025","psgc_code":"1705309025","psgc_name":"Tara","psgc_status":"matched","match_confidence":1.0,"psgc_type":"barangay","match_method":"exact","sga_member":false},"geometry":{"type":"MultiPolygon","coordinates":[[[[120.39392089800003,12.159484864000035],[120.39428710900006,12.160888672000056],[120.39587402300003,12.159729004000042],[120.39392089800003,12.159484864000035]]],[[[120.3909301760001,12.163513184000067],[120.39031982400002,12.162902833000032],[120.39031982400002,12.163513184000067],[120.3909301760001,12.163513184000067]]],[[[120.3848367600001,12.188327394000055],[120.38782806200004,12.187833082000054],[120.38762483000005,12.185951203000059],[120.3848367600001,12.188327394000055]]],[[[120.39398062700002,12.206951063000076],[120.39973891200009,12.201797181000074],[120.40081087700003,12.194755711000028],[120.39398062700002,12.206951063000076]]],[[[120.382324218,12.224670410000044],[120.38189697200005,12.223510743000077],[120.38128662100007,12.224487305000025],[120.382324218,12.224670410000044]]],[[[120.38453579600002,12.231934907000038],[120.39799093900001,12.232543451000026],[120.39518099700001,12.209329682000032],[120.38453579600002,12.231934907000038]]],[[[120.36048053600007,12.24793130300003],[120.35955135400002,12.254798435000055],[120.36511205500005,12.242041879000055],[120.36048053600007,12.24793130300003]]],[[[120.35146087300006,12.289414699000076],[120.35353017200009,12.288930462000053],[120.35292239600005,12.287668582000038],[120.35146087300006,12.289414699000076]]],[[[120.35885334700004,12.305993553000064],[120.35853348,12.305736701000058],[120.3585282470001,12.306223027000044],[120.35885334700004,12.305993553000064]]],[[[120.34178675100009,12.306749933000049],[120.3437865620001,12.304261088000032],[120.34235254200007,12.30451473100004],[120.34178675100009,12.306749933000049]]],[[[120.34870982000007,12.306912428000032],[120.36835705600004,12.296369068000047],[120.37436249200005,12.262054148000061],[120.36097961200005,12.272515664000025],[120.36416578800004,12.280362070000024],[120.34870982000007,12.306912428000032]]]]}},{"type":"Feature","properties":{"ADM4_EN":"Turda","ADM4_PCODE":"PH1705309026","ADM4_REF":null,"ADM3_EN":"Coron","ADM3_PCODE":"PH1705309","ADM2_EN":"Palawan","ADM2_PCODE":"PH17053","ADM1_EN":"Mimaropa Region","ADM1_PCODE":"PH17","ADM0_EN":"Philippines (the)","ADM0_PCODE":"PH","date":"2022-11-09","validOn":"2023-11-06","validTo":null,"Shape_Leng":0.458078362889,"Shape_Area":0.0022630001723,"AREA_SQKM":27.2525339766,"psgc_id":"PH1705309026","psgc_code":"1705309026","psgc_name":"Turda","psgc_status":"matched","match_confidence":1.0,"psgc_type":"barangay","match_method":"exact","sga_member":false},"geometry":{"type":"MultiPolygon","coordinates":[[[[120.3377075190001,12.079101563000052],[120.33648681600005,12.076293946000021],[120.33648681600005,12.078674316000047],[120.3377075190001,12.079101563000052]]],[[[120.3072680890001,12.105284191000067],[120.3097000250001,12.103686008000068],[120.30631546300003,12.103710837000051],[120.3072680890001,12.105284191000067]]],[[[120.30097616800003,12.119263257000057],[120.3012795410001,12.118815568000059],[120.30086989600011,12.119173756000066],[120.30097616800003,12.119263257000057]]],[[[120.273839382,12.144301712000072],[120.28723034400002,12.113719735000075],[120.30494015400006,12.117338191000044],[120.30151829600004,12.105460106000066],[120.30750235500011,12.097864461000029],[120.33283382200011,12.091641167000034],[120.32592812500002,12.082461946000024],[120.33589454800006,12.073636676000035],[120.34098486700009,12.05772227600005],[120.33962302700002,12.053546600000061],[120.24953492700001,12.113460217000068],[120.273839382,12.144301712000072]]]]}},{"type":"Feature","properties":{"ADM4_EN":"Barangay VI (Pob.)","ADM4_PCODE":"PH1705309032","ADM4_REF":null,"ADM3_EN":"Coron","ADM3_PCODE":"PH1705309","ADM2_EN":"Palawan","ADM2_PCODE":"PH17053","ADM1_EN":"Mimaropa Region","ADM1_PCODE":"PH17","ADM0_EN":"Philippines (the)","ADM0_PCODE":"PH","date":"2022-11-09","validOn":"2023-11-06","validTo":null,"Shape_Leng":0.352399652292,"Shape_Area":0.00276229932984,"AREA_SQKM":33.2741701845,"psgc_id":"PH1705309032","psgc_code":"1705309032","psgc_name":"Barangay VI","psgc_status":"matched","match_confidence":1.0,"psgc_type":"barangay","match_method":"exact","sga_member":false},"geometry":{"type":"MultiPolygon","coordinates":[[[[120.14697522200004,12.01988822900006],[120.16157234200011,12.008059485000047],[120.18274729900008,12.002630348000025],[120.17591682500006,11.996296888000074],[120.14697522200004,12.01988822900006]]],[[[120.24536896100005,12.05302610800004],[120.23156618900009,12.007929528000034],[120.20093,12.005005],[120.19229107100011,12.015651073000072],[120.18198090200008,12.006872079000061],[120.17511969800012,12.014063711000063],[120.17416022400005,12.02663586500006],[120.21403507100001,12.058915768000077],[120.24536896100005,12.05302610800004]]]]}},{"type":"Feature","properties":{"ADM4_EN":"Balading","ADM4_PCODE":"PH1705310001","ADM4_REF":null,"ADM3_EN":"Cuyo","ADM3_PCODE":"PH1705310","ADM2_EN":"Palawan","ADM2_PCODE":"PH17053","ADM1_EN":"Mimaropa Region","ADM1_PCODE":"PH17","ADM0_EN":"Philippines (the)","ADM0_PCODE":"PH","date":"2022-11-09","validOn":"2023-11-06","validTo":null,"Shape_Leng":0.0787608111473,"Shape_Area":0.000163058153157,"AREA_SQKM":1.97234554103,"psgc_id":"PH1705310001","psgc_code":"1705310001","psgc_name":"Balading","psgc_status":"matched","match_confidence":1.0,"psgc_type":"barangay","match_method":"exact","sga_member":false},"geometry":{"type":"Polygon","coordinates":[[[120.97530209800004,10.827541877000044],[120.972057,10.817237],[120.9716727010001,10.807570852000026],[120.95758187700005,10.82001952500002],[120.96176459600008,10.827257228000065],[120.97530209800004,10.827541877000044]]]}},{"type":"Feature","properties":{"ADM4_EN":"Bangcal (Pob.)","ADM4_PCODE":"PH1705310002","ADM4_REF":null,"ADM3_EN":"Cuyo","ADM3_PCODE":"PH1705310","ADM2_EN":"Palawan","ADM2_PCODE":"PH17053","ADM1_EN":"Mimaropa Region","ADM1_PCODE":"PH17","ADM0_EN":"Philippines (the)","ADM0_PCODE":"PH","date":"2022-11-09","validOn":"2023-11-06","validTo":null,"Shape_Leng":0.0289282322227,"Shape_Area":5.03415075815e-05,"AREA_SQKM":0.608865631196,"psgc_id":"PH1705310002","psgc_code":"1705310002","psgc_name":"Bangcal","psgc_status":"matched","match_confidence":1.0,"psgc_type":"barangay","match_method":"exact","sga_member":false},"geometry":{"type":"Polygon","coordinates":[[[121.00911876900011,10.854704834000074],[121.01782454300007,10.848976330000028],[121.01136621400008,10.847670251000068],[121.00911876900011,10.854704834000074]]]}},{"type":"Feature","properties":{"ADM4_EN":"Cabigsing (Pob.)","ADM4_PCODE":"PH1705310003","ADM4_REF":null,"ADM3_EN":"Cuyo","ADM3_PCODE":"PH1705310","ADM2_EN":"Palawan","ADM2_PCODE":"PH17053","ADM1_EN":"Mimaropa Region","ADM1_PCODE":"PH17","ADM0_EN":"Philippines (the)","ADM0_PCODE":"PH","date":"2022-11-09","validOn":"2023-11-06","validTo":null,"Shape_Leng":0.0299394959965,"Shape_Area":2.46989437442e-05,"AREA_SQKM":0.298731026885,"psgc_id":"PH1705310003","psgc_code":"1705310003","psgc_name":"Cabigsing","psgc_status":"matched","match_confidence":1.0,"psgc_type":"barangay","match_method":"exact","sga_member":false},"geometry":{"type":"Polygon","coordinates":[[[121.00780470500001,10.851423203000024],[121.01100181200002,10.845748935000074],[121.00610149600004,10.843334262000042],[121.00780470500001,10.851423203000024]]]}},{"type":"Feature","properties":{"ADM4_EN":"Caburian","ADM4_PCODE":"PH1705310004","ADM4_REF":null,"ADM3_EN":"Cuyo","ADM3_PCODE":"PH1705310","ADM2_EN":"Palawan","ADM2_PCODE":"PH17053","ADM1_EN":"Mimaropa Region","ADM1_PCODE":"PH17","ADM0_EN":"Philippines (the)","ADM0_PCODE":"PH","date":"2022-11-09","validOn":"2023-11-06","validTo":null,"Shape_Leng":0.0462644307525,"Shape_Area":0.000110998341208,"AREA_SQKM":1.34261548405,"psgc_id":"PH1705310004","psgc_code":"1705310004","psgc_name":"Caburian","psgc_status":"matched","match_confidence":1.0,"psgc_type":"barangay","match_method":"exact","sga_member":false},"geometry":{"type":"Polygon","coordinates":[[[120.98139243900005,10.829770488000065],[120.98498065400008,10.819832658000053],[120.972068,10.817262],[120.97530209800004,10.827541877000044],[120.98139243900005,10.829770488000065]]]}},{"type":"Feature","properties":{"ADM4_EN":"Caponayan","ADM4_PCODE":"PH1705310005","ADM4_REF":null,"ADM3_EN":"Cuyo","ADM3_PCODE":"PH1705310","ADM2_EN":"Palawan","ADM2_PCODE":"PH17053","ADM1_EN":"Mimaropa Region","ADM1_PCODE":"PH17","ADM0_EN":"Philippines (the)","ADM0_PCODE":"PH","date":"2022-11-09","validOn":"2023-11-06","validTo":null,"Shape_Leng":0.123113514543,"Shape_Area":0.000236870959551,"AREA_SQKM":2.86601974467,"psgc_id":"PH1705310005","psgc_code":"1705310005","psgc_name":"Caponayan","psgc_status":"matched","match_confidence":1.0,"psgc_type":"barangay","match_method":"exact","sga_member":false},"geometry":{"type":"MultiPolygon","coordinates":[[[[120.8869693370001,10.694987019000052],[120.88600620400007,10.69298759700007],[120.88598588700006,10.694125863000068],[120.8869693370001,10.694987019000052]]],[[[120.96321173000001,10.703141086000073],[120.9658303330001,10.70397745200006],[120.964150517,10.701885749000041],[120.96321173000001,10.703141086000073]]],[[[120.88797573900001,10.707102003000045],[120.89095644600002,10.706639512000038],[120.89089457700004,10.70452690600007],[120.88797573900001,10.707102003000045]]],[[[120.77447509800004,10.71868896500007],[120.77288818400007,10.719299317000036],[120.77447509800004,10.71990966800007],[120.77447509800004,10.71868896500007]]],[[[120.77447509800004,10.722717285000044],[120.77410888600002,10.721679688000052],[120.77392578100012,10.722290039000029],[120.77447509800004,10.722717285000044]]],[[[120.78926574000002,10.727276173000064],[120.79517854700009,10.725591103000056],[120.79587651300005,10.72047770000006],[120.78926574000002,10.727276173000064]]],[[[120.90005692000011,10.739189042000021],[120.90942424000002,10.732777935000058],[120.90226768100001,10.722398612000063],[120.89208449800003,10.734106433000022],[120.90005692000011,10.739189042000021]]]]}},{"type":"Feature","properties":{"ADM4_EN":"Catadman (Pob.)","ADM4_PCODE":"PH1705310006","ADM4_REF":null,"ADM3_EN":"Cuyo","ADM3_PCODE":"PH1705310","ADM2_EN":"Palawan","ADM2_PCODE":"PH17053","ADM1_EN":"Mimaropa Region","ADM1_PCODE":"PH17","ADM0_EN":"Philippines (the)","ADM0_PCODE":"PH","date":"2022-11-09","validOn":"2023-11-06","validTo":null,"Shape_Leng":0.0373736017128,"Shape_Area":5.70620822517e-05,"AREA_SQKM":0.690133067828,"psgc_id":"PH1705310006","psgc_code":"1705310006","psgc_name":"Catadman","psgc_status":"matched","match_confidence":1.0,"psgc_type":"barangay","match_method":"exact","sga_member":false},"geometry":{"type":"Polygon","coordinates":[[[121.01624135400004,10.863165318000028],[121.01896057500005,10.857685693000064],[121.00911876900011,10.854704834000074],[121.00914356300007,10.858876685000041],[121.01624135400004,10.863165318000028]]]}},{"type":"Feature","properties":{"ADM4_EN":"Funda","ADM4_PCODE":"PH1705310007","ADM4_REF":null,"ADM3_EN":"Cuyo","ADM3_PCODE":"PH1705310","ADM2_EN":"Palawan","ADM2_PCODE":"PH17053","ADM1_EN":"Mimaropa Region","ADM1_PCODE":"PH17","ADM0_EN":"Philippines (the)","ADM0_PCODE":"PH","date":"2022-11-09","validOn":"2023-11-06","validTo":null,"Shape_Leng":0.0520204569434,"Shape_Area":0.000107491269151,"AREA_SQKM":1.30023335108,"psgc_id":"PH1705310007","psgc_code":"1705310007","psgc_name":"Funda","psgc_status":"matched","match_confidence":1.0,"psgc_type":"barangay","match_method":"exact","sga_member":false},"geometry":{"type":"Polygon","coordinates":[[[120.98484375200007,10.819672961000038],[120.98578530800012,10.811989961000052],[120.97169332400006,10.80757085700003],[120.972068,10.817262],[120.98484375200007,10.819672961000038]]]}},{"type":"Feature","properties":{"ADM4_EN":"Lagaoriao (Pob.)","ADM4_PCODE":"PH1705310008","ADM4_REF":null,"ADM3_EN":"Cuyo","ADM3_PCODE":"PH1705310","ADM2_EN":"Palawan","ADM2_PCODE":"PH17053","ADM1_EN":"Mimaropa Region","ADM1_PCODE":"PH17","ADM0_EN":"Philippines (the)","ADM0_PCODE":"PH","date":"2022-11-09","validOn":"2023-11-06","validTo":null,"Shape_Leng":0.0586367699645,"Shape_Area":0.000125318961117,"AREA_SQKM":1.51576595554,"psgc_id":"PH1705310008","psgc_code":"1705310008","psgc_name":"Lagaoriao","psgc_status":"matched","match_confidence":1.0,"psgc_type":"barangay","match_method":"exact","sga_member":false},"geometry":{"type":"Polygon","coordinates":[[[121.01234583400003,10.84507710400004],[121.02324262400009,10.837250248000032],[121.02800127100011,10.829171787000064],[121.01238265800009,10.837632719000055],[121.01234583400003,10.84507710400004]]]}},{"type":"Feature","properties":{"ADM4_EN":"Lubid","ADM4_PCODE":"PH1705310009","ADM4_REF":null,"ADM3_EN":"Cuyo","ADM3_PCODE":"PH1705310","ADM2_EN":"Palawan","ADM2_PCODE":"PH17053","ADM1_EN":"Mimaropa Region","ADM1_PCODE":"PH17","ADM0_EN":"Philippines (the)","ADM0_PCODE":"PH","date":"2022-11-09","validOn":"2023-11-06","validTo":null,"Shape_Leng":0.121270429897,"Shape_Area":0.000267657189807,"AREA_SQKM":3.23584834253,"psgc_id":"PH1705310009","psgc_code":"1705310009","psgc_name":"Lubid","psgc_status":"matched","match_confidence":1.0,"psgc_type":"barangay","match_method":"exact","sga_member":false},"geometry":{"type":"MultiPolygon","coordinates":[[[[120.723918894,10.971570295000049],[120.73407366900005,10.965931860000069],[120.72631453800011,10.953233960000034],[120.71850712100002,10.965223861000027],[120.723918894,10.971570295000049]]],[[[120.77248792600005,11.005481917000054],[120.77422567100007,11.000148349000028],[120.76385905900008,10.997549460000073],[120.76374884900008,10.999708561000034],[120.77248792600005,11.005481917000054]]],[[[120.86558891600009,11.03948271400003],[120.87240905500005,11.039832212000022],[120.87031726400005,11.037506741000072],[120.86558891600009,11.03948271400003]]],[[[120.69440571300004,11.102368409000064],[120.69751096000005,11.103764221000063],[120.69746765500008,11.10244233000003],[120.69440571300004,11.102368409000064]]]]}},{"type":"Feature","properties":{"ADM4_EN":"Manamoc","ADM4_PCODE":"PH1705310010","ADM4_REF":null,"ADM3_EN":"Cuyo","ADM3_PCODE":"PH1705310","ADM2_EN":"Palawan","ADM2_PCODE":"PH17053","ADM1_EN":"Mimaropa Region","ADM1_PCODE":"PH17","ADM0_EN":"Philippines (the)","ADM0_PCODE":"PH","date":"2022-11-09","validOn":"2023-11-06","validTo":null,"Shape_Leng":0.289530327586,"Shape_Area":0.000633589223128,"AREA_SQKM":7.65153357528,"psgc_id":"PH1705310010","psgc_code":"1705310010","psgc_name":"Manamoc","psgc_status":"matched","match_confidence":1.0,"psgc_type":"barangay","match_method":"exact","sga_member":false},"geometry":{"type":"MultiPolygon","coordinates":[[[[120.68637134200003,11.210390550000056],[120.68952190400012,11.21159426500003],[120.68725090800001,11.208574997000028],[120.68637134200003,11.210390550000056]]],[[[120.75259208700004,11.212374115000046],[120.76033634200007,11.218568250000033],[120.7621973470001,11.21370730700005],[120.75259208700004,11.212374115000046]]],[[[120.67714783200006,11.318520016000036],[120.69642755900009,11.318122816000027],[120.6992474540001,11.301638401000048],[120.6889892690001,11.290196556000069],[120.6744088150001,11.300695164000047],[120.68581617600012,11.296041346000038],[120.68129159600005,11.305290729000035],[120.67147784200006,11.304676405000066],[120.67714783200006,11.318520016000036]]],[[[120.72166095400007,11.361888773000032],[120.7400149880001,11.346837399000037],[120.73983700100007,11.346015432000058],[120.72083567200002,11.355686938000076],[120.72166095400007,11.361888773000032]]]]}},{"type":"Feature","properties":{"ADM4_EN":"Maringian","ADM4_PCODE":"PH1705310011","ADM4_REF":null,"ADM3_EN":"Cuyo","ADM3_PCODE":"PH1705310","ADM2_EN":"Palawan","ADM2_PCODE":"PH17053","ADM1_EN":"Mimaropa Region","ADM1_PCODE":"PH17","ADM0_EN":"Philippines (the)","ADM0_PCODE":"PH","date":"2022-11-09","validOn":"2023-11-06","validTo":null,"Shape_Leng":0.120458892759,"Shape_Area":0.000285883457352,"AREA_SQKM":3.45757428051,"psgc_id":"PH1705310011","psgc_code":"1705310011","psgc_name":"Maringian","psgc_status":"matched","match_confidence":1.0,"psgc_type":"barangay","match_method":"exact","sga_member":false},"geometry":{"type":"MultiPolygon","coordinates":[[[[120.88356553100004,10.815931515000045],[120.88640064300012,10.815726765000022],[120.88494038100009,10.814380304000053],[120.88356553100004,10.815931515000045]]],[[[121.03258189600001,10.871713541000076],[121.04020081200008,10.860060084000054],[121.0303304360001,10.848828895000054],[121.01716768500012,10.86130941600004],[121.03258189600001,10.871713541000076]]],[[[120.93543355800011,10.875411204000045],[120.94072485600009,10.87379149000003],[120.93575261600006,10.87235873800006],[120.93543355800011,10.875411204000045]]]]}},{"type":"Feature","properties":{"ADM4_EN":"Lungsod (Pob.)","ADM4_PCODE":"PH1705310012","ADM4_REF":null,"ADM3_EN":"Cuyo","ADM3_PCODE":"PH1705310","ADM2_EN":"Palawan","ADM2_PCODE":"PH17053","ADM1_EN":"Mimaropa Region","ADM1_PCODE":"PH17","ADM0_EN":"Philippines (the)","ADM0_PCODE":"PH","date":"2022-11-09","validOn":"2023-11-06","validTo":null,"Shape_Leng":0.0772026485409,"Shape_Area":0.000227151701755,"AREA_SQKM":2.74742311811,"psgc_id":"PH1705310012","psgc_code":"1705310012","psgc_name":"Lungsod","psgc_status":"matched","match_confidence":1.0,"psgc_type":"barangay","match_method":"exact","sga_member":false},"geometry":{"type":"Polygon","coordinates":[[[121.02034146200003,10.850846402000059],[121.03480674700006,10.841886226000042],[121.02800127100011,10.829171787000064],[121.01136621400008,10.847670251000068],[121.02034146200003,10.850846402000059]]]}},{"type":"Feature","properties":{"ADM4_EN":"Pawa","ADM4_PCODE":"PH1705310014","ADM4_REF":null,"ADM3_EN":"Cuyo","ADM3_PCODE":"PH1705310","ADM2_EN":"Palawan","ADM2_PCODE":"PH17053","ADM1_EN":"Mimaropa Region","ADM1_PCODE":"PH17","ADM0_EN":"Philippines (the)","ADM0_PCODE":"PH","date":"2022-11-09","validOn":"2023-11-06","validTo":null,"Shape_Leng":0.120294754368,"Shape_Area":0.000520814695438,"AREA_SQKM":6.29981326858,"psgc_id":"PH1705310014","psgc_code":"1705310014","psgc_name":"Pawa","psgc_status":"matched","match_confidence":1.0,"psgc_type":"barangay","match_method":"exact","sga_member":false},"geometry":{"type":"Polygon","coordinates":[[[121.03413265300003,10.831620865000048],[121.03265067200005,10.810089730000072],[121.01329150400011,10.804403222000076],[121.01212448100011,10.823577034000039],[121.03413265300003,10.831620865000048]]]}},{"type":"Feature","properties":{"ADM4_EN":"San Carlos","ADM4_PCODE":"PH1705310015","ADM4_REF":null,"ADM3_EN":"Cuyo","ADM3_PCODE":"PH1705310","ADM2_EN":"Palawan","ADM2_PCODE":"PH17053","ADM1_EN":"Mimaropa Region","ADM1_PCODE":"PH17","ADM0_EN":"Philippines (the)","ADM0_PCODE":"PH","date":"2022-11-09","validOn":"2023-11-06","validTo":null,"Shape_Leng":0.137667351437,"Shape_Area":0.000290899304713,"AREA_SQKM":3.51893600567,"psgc_id":"PH1705310015","psgc_code":"1705310015","psgc_name":"San Carlos","psgc_status":"matched","match_confidence":1.0,"psgc_type":"barangay","match_method":"exact","sga_member":false},"geometry":{"type":"MultiPolygon","coordinates":[[[[121.06265606900001,10.751186226000073],[121.06988733600008,10.753894364000075],[121.06926859200007,10.75031],[121.06265606900001,10.751186226000073]]],[[[121.03808866400004,10.82218247000003],[121.03960498100002,10.798677054000052],[121.01920173200006,10.801761725000063],[121.03808866400004,10.82218247000003]]]]}},{"type":"Feature","properties":{"ADM4_EN":"Suba","ADM4_PCODE":"PH1705310016","ADM4_REF":null,"ADM3_EN":"Cuyo","ADM3_PCODE":"PH1705310","ADM2_EN":"Palawan","ADM2_PCODE":"PH17053","ADM1_EN":"Mimaropa Region","ADM1_PCODE":"PH17","ADM0_EN":"Philippines (the)","ADM0_PCODE":"PH","date":"2022-11-09","validOn":"2023-11-06","validTo":null,"Shape_Leng":0.110027292643,"Shape_Area":0.000324475182299,"AREA_SQKM":3.92470032281,"psgc_id":"PH1705310016","psgc_code":"1705310016","psgc_name":"Suba","psgc_status":"matched","match_confidence":1.0,"psgc_type":"barangay","match_method":"exact","sga_member":false},"geometry":{"type":"Polygon","coordinates":[[[121.00906806000012,10.843449125000063],[121.02452709400006,10.827242195000053],[121.00918746000002,10.816801806000058],[121.00464923000004,10.827628230000073],[120.99452787900009,10.829827455000043],[121.00906806000012,10.843449125000063]]]}},{"type":"Feature","properties":{"ADM4_EN":"Tenga-tenga (Pob.)","ADM4_PCODE":"PH1705310017","ADM4_REF":null,"ADM3_EN":"Cuyo","ADM3_PCODE":"PH1705310","ADM2_EN":"Palawan","ADM2_PCODE":"PH17053","ADM1_EN":"Mimaropa Region","ADM1_PCODE":"PH17","ADM0_EN":"Philippines (the)","ADM0_PCODE":"PH","date":"2022-11-09","validOn":"2023-11-06","validTo":null,"Shape_Leng":0.0281850556906,"Shape_Area":1.67922134843e-05,"AREA_SQKM":0.203094933171,"psgc_id":"PH1705310017","psgc_code":"1705310017","psgc_name":"Tenga-tenga","psgc_status":"matched","match_confidence":1.0,"psgc_type":"barangay","match_method":"exact","sga_member":false},"geometry":{"type":"Polygon","coordinates":[[[121.0047317320001,10.85713875600004],[121.00867501400012,10.85082729100003],[121.00389604500003,10.852031975000045],[121.0047317320001,10.85713875600004]]]}},{"type":"Feature","properties":{"ADM4_EN":"Tocadan (Pob.)","ADM4_PCODE":"PH1705310018","ADM4_REF":null,"ADM3_EN":"Cuyo","ADM3_PCODE":"PH1705310","ADM2_EN":"Palawan","ADM2_PCODE":"PH17053","ADM1_EN":"Mimaropa Region","ADM1_PCODE":"PH17","ADM0_EN":"Philippines (the)","ADM0_PCODE":"PH","date":"2022-11-09","validOn":"2023-11-06","validTo":null,"Shape_Leng":0.0639610084838,"Shape_Area":9.58038593932e-05,"AREA_SQKM":1.15872408054,"psgc_id":"PH1705310018","psgc_code":"1705310018","psgc_name":"Tocadan","psgc_status":"matched","match_confidence":1.0,"psgc_type":"barangay","match_method":"exact","sga_member":false},"geometry":{"type":"Polygon","coordinates":[[[121.01397799000006,10.854585480000026],[121.03420405200006,10.847777625000049],[121.03534080700001,10.842466018000039],[121.01397799000006,10.854585480000026]]]}},{"type":"Feature","properties":{"ADM4_EN":"Bacao","ADM4_PCODE":"PH1705311001","ADM4_REF":null,"ADM3_EN":"Dumaran","ADM3_PCODE":"PH1705311","ADM2_EN":"Palawan","ADM2_PCODE":"PH17053","ADM1_EN":"Mimaropa Region","ADM1_PCODE":"PH17","ADM0_EN":"Philippines (the)","ADM0_PCODE":"PH","date":"2022-11-09","validOn":"2023-11-06","validTo":null,"Shape_Leng":0.163536791712,"Shape_Area":0.00136132617997,"AREA_SQKM":16.4851233198,"psgc_id":"PH1705311001","psgc_code":"1705311001","psgc_name":"Bacao","psgc_status":"matched","match_confidence":1.0,"psgc_type":"barangay","match_method":"exact","sga_member":false},"geometry":{"type":"Polygon","coordinates":[[[119.8319132370001,10.486501223000062],[119.82956465300003,10.449179624000067],[119.80426437900007,10.44141167500004],[119.79489135900008,10.45412572400005],[119.80156000000011,10.49026],[119.8319132370001,10.486501223000062]]]}},{"type":"Feature","properties":{"ADM4_EN":"Bohol","ADM4_PCODE":"PH1705311002","ADM4_REF":null,"ADM3_EN":"Dumaran","ADM3_PCODE":"PH1705311","ADM2_EN":"Palawan","ADM2_PCODE":"PH17053","ADM1_EN":"Mimaropa Region","ADM1_PCODE":"PH17","ADM0_EN":"Philippines (the)","ADM0_PCODE":"PH","date":"2022-11-09","validOn":"2023-11-06","validTo":null,"Shape_Leng":0.378818682212,"Shape_Area":0.00357007211587,"AREA_SQKM":43.2265577075,"psgc_id":"PH1705311002","psgc_code":"1705311002","psgc_name":"Bohol","psgc_status":"matched","match_confidence":1.0,"psgc_type":"barangay","match_method":"exact","sga_member":false},"geometry":{"type":"Polygon","coordinates":[[[119.86925535700004,10.548877889000039],[119.89989675600009,10.541153429000076],[119.89572726900008,10.520715834000043],[119.9053305110001,10.521596266000074],[119.90379619500004,10.508480381000027],[119.924053748,10.483608700000048],[119.91385649100005,10.474649009000075],[119.90282372800004,10.483618972000045],[119.88926063800011,10.478049205000048],[119.83647556900007,10.48958828800005],[119.86925535700004,10.548877889000039]]]}},{"type":"Feature","properties":{"ADM4_EN":"Calasag","ADM4_PCODE":"PH1705311003","ADM4_REF":null,"ADM3_EN":"Dumaran","ADM3_PCODE":"PH1705311","ADM2_EN":"Palawan","ADM2_PCODE":"PH17053","ADM1_EN":"Mimaropa Region","ADM1_PCODE":"PH17","ADM0_EN":"Philippines (the)","ADM0_PCODE":"PH","date":"2022-11-09","validOn":"2023-11-06","validTo":null,"Shape_Leng":0.0716671798835,"Shape_Area":0.00015569544357,"AREA_SQKM":1.88541947485,"psgc_id":"PH1705311003","psgc_code":"1705311003","psgc_name":"Calasag","psgc_status":"matched","match_confidence":1.0,"psgc_type":"barangay","match_method":"exact","sga_member":false},"geometry":{"type":"Polygon","coordinates":[[[119.87183034100008,10.471283314000061],[119.87411888800011,10.46092509600004],[119.86248948600007,10.458708874000024],[119.85676566300003,10.465834793000056],[119.87183034100008,10.471283314000061]]]}},{"type":"Feature","properties":{"ADM4_EN":"Capayas","ADM4_PCODE":"PH1705311004","ADM4_REF":null,"ADM3_EN":"Dumaran","ADM3_PCODE":"PH1705311","ADM2_EN":"Palawan","ADM2_PCODE":"PH17053","ADM1_EN":"Mimaropa Region","ADM1_PCODE":"PH17","ADM0_EN":"Philippines (the)","ADM0_PCODE":"PH","date":"2022-11-09","validOn":"2023-11-06","validTo":null,"Shape_Leng":0.279912608982,"Shape_Area":0.00350701956215,"AREA_SQKM":42.4660919782,"psgc_id":"PH1705311004","psgc_code":"1705311004","psgc_name":"Capayas","psgc_status":"matched","match_confidence":1.0,"psgc_type":"barangay","match_method":"exact","sga_member":false},"geometry":{"type":"Polygon","coordinates":[[[119.64046493500007,10.524832692000075],[119.645387,10.497585],[119.66279596200002,10.477206485000067],[119.65292698400003,10.461074127000074],[119.61567545500009,10.43602747500006],[119.59696971800008,10.518365506000066],[119.64046493500007,10.524832692000075]]]}},{"type":"Feature","properties":{"ADM4_EN":"Catep","ADM4_PCODE":"PH1705311005","ADM4_REF":null,"ADM3_EN":"Dumaran","ADM3_PCODE":"PH1705311","ADM2_EN":"Palawan","ADM2_PCODE":"PH17053","ADM1_EN":"Mimaropa Region","ADM1_PCODE":"PH17","ADM0_EN":"Philippines (the)","ADM0_PCODE":"PH","date":"2022-11-09","validOn":"2023-11-06","validTo":null,"Shape_Leng":0.116946595575,"Shape_Area":0.00064904967634,"AREA_SQKM":7.85973601764,"psgc_id":"PH1705311005","psgc_code":"1705311005","psgc_name":"Catep","psgc_status":"matched","match_confidence":1.0,"psgc_type":"barangay","match_method":"exact","sga_member":false},"geometry":{"type":"Polygon","coordinates":[[[119.83624267200003,10.484124154000028],[119.86032095200005,10.464004801000044],[119.86248948600007,10.458708874000024],[119.83029159400007,10.450882318000026],[119.83624267200003,10.484124154000028]]]}},{"type":"Feature","properties":{"ADM4_EN":"Culasian","ADM4_PCODE":"PH1705311006","ADM4_REF":null,"ADM3_EN":"Dumaran","ADM3_PCODE":"PH1705311","ADM2_EN":"Palawan","ADM2_PCODE":"PH17053","ADM1_EN":"Mimaropa Region","ADM1_PCODE":"PH17","ADM0_EN":"Philippines (the)","ADM0_PCODE":"PH","date":"2022-11-09","validOn":"2023-11-06","validTo":null,"Shape_Leng":0.256517293338,"Shape_Area":0.0019312223189,"AREA_SQKM":23.3777655977,"psgc_id":"PH1705311006","psgc_code":"1705311006","psgc_name":"Culasian","psgc_status":"matched","match_confidence":1.0,"psgc_type":"barangay","match_method":"exact","sga_member":false},"geometry":{"type":"Polygon","coordinates":[[[119.64069675000007,10.61881820700006],[119.6398090140001,10.604797304000044],[119.65479485600008,10.607599389000029],[119.66307091400006,10.573777299000028],[119.65786881100007,10.557623511000031],[119.64170415000001,10.558249923000062],[119.60817756600011,10.576797869000075],[119.64069675000007,10.61881820700006]]]}},{"type":"Feature","properties":{"ADM4_EN":"Danleg","ADM4_PCODE":"PH1705311007","ADM4_REF":null,"ADM3_EN":"Dumaran","ADM3_PCODE":"PH1705311","ADM2_EN":"Palawan","ADM2_PCODE":"PH17053","ADM1_EN":"Mimaropa Region","ADM1_PCODE":"PH17","ADM0_EN":"Philippines (the)","ADM0_PCODE":"PH","date":"2022-11-09","validOn":"2023-11-06","validTo":null,"Shape_Leng":0.292153076829,"Shape_Area":0.00238167312414,"AREA_SQKM":28.8345689281,"psgc_id":"PH1705311007","psgc_code":"1705311007","psgc_name":"Danleg","psgc_status":"matched","match_confidence":1.0,"psgc_type":"barangay","match_method":"exact","sga_member":false},"geometry":{"type":"Polygon","coordinates":[[[119.64170415000001,10.558249923000062],[119.66652511000007,10.56145332400007],[119.673852667,10.556275649000042],[119.67391903600003,10.540541398000073],[119.6806800390001,10.546319714000049],[119.69574985800011,10.539072160000046],[119.671344,10.515955],[119.64293938100002,10.510837421000076],[119.63810747000002,10.52895324800005],[119.62966877800011,10.526779416000068],[119.61962926400008,10.571187735000024],[119.64170415000001,10.558249923000062]]]}},{"type":"Feature","properties":{"ADM4_EN":"Dumaran (Pob.)","ADM4_PCODE":"PH1705311008","ADM4_REF":null,"ADM3_EN":"Dumaran","ADM3_PCODE":"PH1705311","ADM2_EN":"Palawan","ADM2_PCODE":"PH17053","ADM1_EN":"Mimaropa Region","ADM1_PCODE":"PH17","ADM0_EN":"Philippines (the)","ADM0_PCODE":"PH","date":"2022-11-09","validOn":"2023-11-06","validTo":null,"Shape_Leng":0.622624780108,"Shape_Area":0.00332586151081,"AREA_SQKM":40.2667873719,"psgc_id":"PH1705311008","psgc_code":"1705311008","psgc_name":"Dumaran","psgc_status":"matched","match_confidence":1.0,"psgc_type":"barangay","match_method":"exact","sga_member":false},"geometry":{"type":"MultiPolygon","coordinates":[[[[119.72515768400001,10.535391767000021],[119.72968778300003,10.534579053000073],[119.72462636600005,10.533790554000063],[119.72515768400001,10.535391767000021]]],[[[119.73200110300002,10.547925607000025],[119.7406059860001,10.538959333000037],[119.73951225600001,10.533781766000061],[119.73165905500002,10.536668605000045],[119.73200110300002,10.547925607000025]]],[[[119.76220219200002,10.565169540000056],[119.78492362800012,10.557351643000061],[119.7909830960001,10.545862322000062],[119.82977324100011,10.549589456000035],[119.79406065900002,10.531116521000058],[119.80156000000011,10.49026],[119.76733872300008,10.487999380000076],[119.76313426600007,10.531826559000024],[119.75521195100009,10.532959750000032],[119.74943871300002,10.517620429000033],[119.74230588900002,10.524947690000033],[119.74357209900006,10.542276216000062],[119.75174684700005,10.545475029000045],[119.74905986300007,10.553769657000032],[119.7461285390001,10.547541273000036],[119.74255505100007,10.550047431000053],[119.76220219200002,10.565169540000056]]],[[[119.74231944600001,10.56581568100006],[119.74697596600004,10.559747103000063],[119.74063154600003,10.55742904300007],[119.74231944600001,10.56581568100006]]],[[[119.74283608000007,10.582465983000077],[119.7494899730001,10.581641458000036],[119.74562650500002,10.57408083100006],[119.74283608000007,10.582465983000077]]]]}},{"type":"Feature","properties":{"ADM4_EN":"Itangil","ADM4_PCODE":"PH1705311009","ADM4_REF":null,"ADM3_EN":"Dumaran","ADM3_PCODE":"PH1705311","ADM2_EN":"Palawan","ADM2_PCODE":"PH17053","ADM1_EN":"Mimaropa Region","ADM1_PCODE":"PH17","ADM0_EN":"Philippines (the)","ADM0_PCODE":"PH","date":"2022-11-09","validOn":"2023-11-06","validTo":null,"Shape_Leng":0.348211243778,"Shape_Area":0.00477633942212,"AREA_SQKM":57.8201407135,"psgc_id":"PH1705311009","psgc_code":"1705311009","psgc_name":"Itangil","psgc_status":"matched","match_confidence":1.0,"psgc_type":"barangay","match_method":"exact","sga_member":false},"geometry":{"type":"Polygon","coordinates":[[[119.5693329180001,10.624754873000029],[119.58307109000009,10.59129487100006],[119.6075596070001,10.581600249000076],[119.60993994300009,10.573819739000044],[119.58087195300004,10.575768093000022],[119.57784214000003,10.542492438000068],[119.555041,10.544768],[119.553461,10.518155],[119.50470761100007,10.558198178000055],[119.53574,10.602901],[119.5693329180001,10.624754873000029]]]}},{"type":"Feature","properties":{"ADM4_EN":"Ilian","ADM4_PCODE":"PH1705311010","ADM4_REF":null,"ADM3_EN":"Dumaran","ADM3_PCODE":"PH1705311","ADM2_EN":"Palawan","ADM2_PCODE":"PH17053","ADM1_EN":"Mimaropa Region","ADM1_PCODE":"PH17","ADM0_EN":"Philippines (the)","ADM0_PCODE":"PH","date":"2022-11-09","validOn":"2023-11-06","validTo":null,"Shape_Leng":0.540906526794,"Shape_Area":0.00538673041376,"AREA_SQKM":65.2307296526,"psgc_id":"PH1705311010","psgc_code":"1705311010","psgc_name":"Ilian","psgc_status":"matched","match_confidence":1.0,"psgc_type":"barangay","match_method":"exact","sga_member":false},"geometry":{"type":"Polygon","coordinates":[[[119.57784214000003,10.542492438000068],[119.58028066200006,10.513832648000061],[119.59696971800008,10.518365506000066],[119.61567545500009,10.43602747500006],[119.58669841000005,10.42245923300004],[119.5699406650001,10.372597281000026],[119.5501705260001,10.41242830300007],[119.58282385200005,10.427791550000052],[119.5865481730001,10.438999348000038],[119.57241993900004,10.43623038000004],[119.56805957300003,10.451451490000068],[119.57446621400004,10.457869809000044],[119.5639671030001,10.46679703600006],[119.55078894200005,10.509181499000022],[119.555041,10.544768],[119.57784214000003,10.542492438000068]]]}},{"type":"Feature","properties":{"ADM4_EN":"Magsaysay","ADM4_PCODE":"PH1705311011","ADM4_REF":null,"ADM3_EN":"Dumaran","ADM3_PCODE":"PH1705311","ADM2_EN":"Palawan","ADM2_PCODE":"PH17053","ADM1_EN":"Mimaropa Region","ADM1_PCODE":"PH17","ADM0_EN":"Philippines (the)","ADM0_PCODE":"PH","date":"2022-11-09","validOn":"2023-11-06","validTo":null,"Shape_Leng":0.316738499057,"Shape_Area":0.00294249239572,"AREA_SQKM":35.6153457893,"psgc_id":"PH1705311011","psgc_code":"1705311011","psgc_name":"Magsaysay","psgc_status":"matched","match_confidence":1.0,"psgc_type":"barangay","match_method":"exact","sga_member":false},"geometry":{"type":"MultiPolygon","coordinates":[[[[119.62253717200008,10.659062881000068],[119.63984572100003,10.634509102000038],[119.6257230330001,10.620574844000032],[119.64069674900009,10.61884287600003],[119.6075596070001,10.581600249000076],[119.58307109000009,10.59129487100006],[119.57536372600009,10.618824536000034],[119.62253717200008,10.659062881000068]]],[[[119.62257915600003,10.659313024000028],[119.62415171400005,10.659712058000025],[119.62274883400005,10.659110935000058],[119.62257915600003,10.659313024000028]]]]}},{"type":"Feature","properties":{"ADM4_EN":"San Juan","ADM4_PCODE":"PH1705311012","ADM4_REF":null,"ADM3_EN":"Dumaran","ADM3_PCODE":"PH1705311","ADM2_EN":"Palawan","ADM2_PCODE":"PH17053","ADM1_EN":"Mimaropa Region","ADM1_PCODE":"PH17","ADM0_EN":"Philippines (the)","ADM0_PCODE":"PH","date":"2022-11-09","validOn":"2023-11-06","validTo":null,"Shape_Leng":0.162207154649,"Shape_Area":0.00115390602168,"AREA_SQKM":13.973138221,"psgc_id":"PH1705311012","psgc_code":"1705311012","psgc_name":"San Juan","psgc_status":"matched","match_confidence":1.0,"psgc_type":"barangay","match_method":"exact","sga_member":false},"geometry":{"type":"Polygon","coordinates":[[[119.80156000000011,10.49026],[119.79722308300006,10.451318959000048],[119.77315257300006,10.450594196000054],[119.76203512000006,10.465195512000037],[119.77044345400009,10.472679213000049],[119.76766968400011,10.488164899000026],[119.80156000000011,10.49026]]]}},{"type":"Feature","properties":{"ADM4_EN":"Santa Teresita","ADM4_PCODE":"PH1705311013","ADM4_REF":null,"ADM3_EN":"Dumaran","ADM3_PCODE":"PH1705311","ADM2_EN":"Palawan","ADM2_PCODE":"PH17053","ADM1_EN":"Mimaropa Region","ADM1_PCODE":"PH17","ADM0_EN":"Philippines (the)","ADM0_PCODE":"PH","date":"2022-11-09","validOn":"2023-11-06","validTo":null,"Shape_Leng":0.422775145178,"Shape_Area":0.00219629753003,"AREA_SQKM":26.592745125,"psgc_id":"PH1705311013","psgc_code":"1705311013","psgc_name":"Santa Teresita","psgc_status":"matched","match_confidence":1.0,"psgc_type":"barangay","match_method":"exact","sga_member":false},"geometry":{"type":"MultiPolygon","coordinates":[[[[119.70233892200008,10.542371586000058],[119.7055471110001,10.537774625000054],[119.69244159400012,10.52681757800002],[119.69641568300005,10.519872127000042],[119.7086565730001,10.531566087000044],[119.71691341300004,10.508013457000061],[119.70023392400003,10.49369350400002],[119.69455545900007,10.502370634000044],[119.67679518500006,10.49260724800007],[119.67745789700007,10.491256329000066],[119.66701554100007,10.483809778000023],[119.66689341800009,10.480983507000076],[119.66427897400001,10.477843275000055],[119.6630516780001,10.477165783000032],[119.66254078500003,10.477206960000046],[119.64293938100002,10.510837421000076],[119.671344,10.515955],[119.70233892200008,10.542371586000058]]],[[[119.70434445400008,10.548298974000033],[119.7063401150001,10.548947003000023],[119.70597731900011,10.54808525900006],[119.70434445400008,10.548298974000033]]],[[[119.70320176100006,10.559985933000064],[119.70843282400006,10.556187426000065],[119.7026068240001,10.554704424000022],[119.70320176100006,10.559985933000064]]],[[[119.71826408800007,10.565150131000053],[119.71826758500004,10.561066562000065],[119.71652776500002,10.562873108000076],[119.71826408800007,10.565150131000053]]],[[[119.7109796420001,10.573117265000064],[119.71266093700001,10.573369175000039],[119.71131636500002,10.572507423000047],[119.7109796420001,10.573117265000064]]]]}},{"type":"Feature","properties":{"ADM4_EN":"Santo Tomas","ADM4_PCODE":"PH1705311014","ADM4_REF":null,"ADM3_EN":"Dumaran","ADM3_PCODE":"PH1705311","ADM2_EN":"Palawan","ADM2_PCODE":"PH17053","ADM1_EN":"Mimaropa Region","ADM1_PCODE":"PH17","ADM0_EN":"Philippines (the)","ADM0_PCODE":"PH","date":"2022-11-09","validOn":"2023-11-06","validTo":null,"Shape_Leng":0.310403877629,"Shape_Area":0.00332850715441,"AREA_SQKM":40.3005903238,"psgc_id":"PH1705311014","psgc_code":"1705311014","psgc_name":"Santo Tomas","psgc_status":"matched","match_confidence":1.0,"psgc_type":"barangay","match_method":"exact","sga_member":false},"geometry":{"type":"Polygon","coordinates":[[[119.83301573300002,10.549531272000024],[119.86925535700004,10.548877889000039],[119.83644719400002,10.489696682000044],[119.85543514500011,10.484970782000062],[119.86589951600001,10.471088457000064],[119.85676566300003,10.465834793000056],[119.8319132370001,10.486501223000062],[119.80156000000011,10.49026],[119.79406065900002,10.531116521000058],[119.83301573300002,10.549531272000024]]]}},{"type":"Feature","properties":{"ADM4_EN":"Tanatanaon","ADM4_PCODE":"PH1705311015","ADM4_REF":null,"ADM3_EN":"Dumaran","ADM3_PCODE":"PH1705311","ADM2_EN":"Palawan","ADM2_PCODE":"PH17053","ADM1_EN":"Mimaropa Region","ADM1_PCODE":"PH17","ADM0_EN":"Philippines (the)","ADM0_PCODE":"PH","date":"2022-11-09","validOn":"2023-11-06","validTo":null,"Shape_Leng":0.299713139847,"Shape_Area":0.00424755563234,"AREA_SQKM":51.4272413241,"psgc_id":"PH1705311015","psgc_code":"1705311015","psgc_name":"Tanatanaon","psgc_status":"matched","match_confidence":1.0,"psgc_type":"barangay","match_method":"exact","sga_member":false},"geometry":{"type":"Polygon","coordinates":[[[119.553461,10.518155],[119.54901128100005,10.506628695000074],[119.52417000500009,10.50354881900006],[119.5076750400001,10.484992212000066],[119.49476635000008,10.483782113000075],[119.444861,10.534022],[119.50470761100007,10.558198178000055],[119.553461,10.518155]]]}},{"type":"Feature","properties":{"ADM4_EN":"Santa Maria","ADM4_PCODE":"PH1705311016","ADM4_REF":null,"ADM3_EN":"Dumaran","ADM3_PCODE":"PH1705311","ADM2_EN":"Palawan","ADM2_PCODE":"PH17053","ADM1_EN":"Mimaropa Region","ADM1_PCODE":"PH17","ADM0_EN":"Philippines (the)","ADM0_PCODE":"PH","date":"2022-11-09","validOn":"2023-11-06","validTo":null,"Shape_Leng":0.204371039286,"Shape_Area":0.00254515169233,"AREA_SQKM":30.8130219391,"psgc_id":"PH1705311016","psgc_code":"1705311016","psgc_name":"Santa Maria","psgc_status":"matched","match_confidence":1.0,"psgc_type":"barangay","match_method":"exact","sga_member":false},"geometry":{"type":"Polygon","coordinates":[[[119.5949558320001,10.57894354900003],[119.61962926400008,10.571187735000024],[119.62966877800011,10.526779416000068],[119.58028066200006,10.513832648000061],[119.57548557300004,10.569862414000056],[119.5949558320001,10.57894354900003]]]}},{"type":"Feature","properties":{"ADM4_EN":"Bagong Bayan","ADM4_PCODE":"PH1705312001","ADM4_REF":null,"ADM3_EN":"El Nido (Bacuit)","ADM3_PCODE":"PH1705312","ADM2_EN":"Palawan","ADM2_PCODE":"PH17053","ADM1_EN":"Mimaropa Region","ADM1_PCODE":"PH17","ADM0_EN":"Philippines (the)","ADM0_PCODE":"PH","date":"2022-11-09","validOn":"2023-11-06","validTo":null,"Shape_Leng":0.272083401587,"Shape_Area":0.00179825274415,"AREA_SQKM":21.7375800786,"psgc_id":"PH1705312001","psgc_code":"1705312001","psgc_name":"Bagong Bayan","psgc_status":"matched","match_confidence":1.0,"psgc_type":"barangay","match_method":"exact","sga_member":false},"geometry":{"type":"Polygon","coordinates":[[[119.48362226400002,11.053720559000055],[119.41413797000007,10.983210640000038],[119.39730122100002,10.989146951000066],[119.40485264100005,11.003602268000066],[119.4006,11.022476],[119.420503,11.0206],[119.42400594600008,11.008824881000066],[119.46985120600004,11.054272763000029],[119.48362226400002,11.053720559000055]]]}},{"type":"Feature","properties":{"ADM4_EN":"Buena Suerte Pob. (Barangay 2)","ADM4_PCODE":"PH1705312002","ADM4_REF":null,"ADM3_EN":"El Nido (Bacuit)","ADM3_PCODE":"PH1705312","ADM2_EN":"Palawan","ADM2_PCODE":"PH17053","ADM1_EN":"Mimaropa Region","ADM1_PCODE":"PH17","ADM0_EN":"Philippines (the)","ADM0_PCODE":"PH","date":"2022-11-09","validOn":"2023-11-06","validTo":null,"Shape_Leng":0.460855529594,"Shape_Area":0.00111181375013,"AREA_SQKM":13.430858037,"psgc_id":"PH1705312002","psgc_code":"1705312002","psgc_name":"Buena Suerte Pob.","psgc_status":"matched","match_confidence":1.0,"psgc_type":"barangay","match_method":"exact","sga_member":false},"geometry":{"type":"MultiPolygon","coordinates":[[[[119.3813861860001,11.189175651000028],[119.39044700000011,11.180651],[119.38572704800004,11.16684437300006],[119.37501467900006,11.179357990000028],[119.3813861860001,11.189175651000028]]],[[[119.33459423600004,11.20491570400003],[119.34070756400001,11.200628251000069],[119.33650121700009,11.194366412000022],[119.33459423600004,11.20491570400003]]],[[[119.3781697170001,11.210028226000077],[119.37949428900004,11.208459713000025],[119.37812952800004,11.208203222000066],[119.3781697170001,11.210028226000077]]],[[[119.36469510400002,11.231978927000057],[119.366119851,11.231400363000034],[119.3652765380001,11.230792364000024],[119.36469510400002,11.231978927000057]]],[[[119.3475004280001,11.247065373000055],[119.35537907100002,11.245158243000049],[119.3596267800001,11.218941972000039],[119.3704702770001,11.217350267000029],[119.37657691900006,11.226016714000025],[119.37497291300008,11.212541715000043],[119.38052717300002,11.194464973000038],[119.34411513300006,11.208995042000026],[119.33922028000006,11.222453990000076],[119.34667411700002,11.226832824000041],[119.3475004280001,11.247065373000055]]],[[[119.35675360500011,11.249025730000028],[119.35566692000009,11.248749601000043],[119.3563264180001,11.249525763000065],[119.35675360500011,11.249025730000028]]],[[[119.35014191000005,11.272276420000026],[119.35839047500008,11.25926559100003],[119.35779084900003,11.254086069000039],[119.34743668500005,11.26526268300006],[119.35014191000005,11.272276420000026]]],[[[119.34567597400007,11.274246921000042],[119.34601236600008,11.273986235000052],[119.3456183940001,11.27422593500006],[119.34567597400007,11.274246921000042]]],[[[119.34197327800007,11.273756133000063],[119.34462922300008,11.273929820000035],[119.34408379600006,11.271967092000068],[119.34197327800007,11.273756133000063]]],[[[119.34293578100005,11.275676137000062],[119.3433801110001,11.275487655000063],[119.3428618480001,11.275614293000046],[119.34293578100005,11.275676137000062]]]]}},{"type":"Feature","properties":{"ADM4_EN":"Barotuan","ADM4_PCODE":"PH1705312003","ADM4_REF":null,"ADM3_EN":"El Nido (Bacuit)","ADM3_PCODE":"PH1705312","ADM2_EN":"Palawan","ADM2_PCODE":"PH17053","ADM1_EN":"Mimaropa Region","ADM1_PCODE":"PH17","ADM0_EN":"Philippines (the)","ADM0_PCODE":"PH","date":"2022-11-09","validOn":"2023-11-06","validTo":null,"Shape_Leng":0.224036775437,"Shape_Area":0.00210981203553,"AREA_SQKM":25.4796704004,"psgc_id":"PH1705312003","psgc_code":"1705312003","psgc_name":"Barotuan","psgc_status":"matched","match_confidence":1.0,"psgc_type":"barangay","match_method":"exact","sga_member":false},"geometry":{"type":"Polygon","coordinates":[[[119.48133082000004,11.320903780000037],[119.49538782600007,11.268298022000067],[119.48254758000007,11.273922476000052],[119.47099664400002,11.26796532800006],[119.445165,11.294902],[119.42790900000011,11.296686],[119.43310930300004,11.317570404000037],[119.48133082000004,11.320903780000037]]]}},{"type":"Feature","properties":{"ADM4_EN":"Bebeladan","ADM4_PCODE":"PH1705312004","ADM4_REF":null,"ADM3_EN":"El Nido (Bacuit)","ADM3_PCODE":"PH1705312","ADM2_EN":"Palawan","ADM2_PCODE":"PH17053","ADM1_EN":"Mimaropa Region","ADM1_PCODE":"PH17","ADM0_EN":"Philippines (the)","ADM0_PCODE":"PH","date":"2022-11-09","validOn":"2023-11-06","validTo":null,"Shape_Leng":1.46738777893,"Shape_Area":0.00482993005314,"AREA_SQKM":58.3737860471,"psgc_id":"PH1705312004","psgc_code":"1705312004","psgc_name":"Bebeladan","psgc_status":"matched","match_confidence":1.0,"psgc_type":"barangay","match_method":"exact","sga_member":false},"geometry":{"type":"MultiPolygon","coordinates":[[[[119.3547752820001,11.013666827000065],[119.35521551700003,11.01515052600007],[119.35590949200002,11.01438556200003],[119.3547752820001,11.013666827000065]]],[[[119.3048153850001,11.039815662000024],[119.30487124600006,11.039206179000075],[119.30452382300007,11.039545338000039],[119.3048153850001,11.039815662000024]]],[[[119.30321059900007,11.042307227000038],[119.3044877530001,11.042185347000043],[119.30464163600004,11.039693123000063],[119.30321059900007,11.042307227000038]]],[[[119.30340904800005,11.046082009000031],[119.30691870800001,11.047263576000034],[119.30458427000008,11.044120914000075],[119.30340904800005,11.046082009000031]]],[[[119.32364554500009,11.056815246000042],[119.32447475200001,11.056302292000055],[119.323551382,11.055563843000073],[119.32364554500009,11.056815246000042]]],[[[119.37255825300008,11.069827708000048],[119.37501656600011,11.063850187000071],[119.37198568600002,11.060160039000039],[119.36925159200007,11.06184423600007],[119.37255825300008,11.069827708000048]]],[[[119.3411791200001,11.095902394000063],[119.34055857800001,11.094400452000059],[119.34046890400009,11.096438301000035],[119.3411791200001,11.095902394000063]]],[[[119.35632814600001,11.101244550000047],[119.35687362400006,11.099648047000073],[119.35597360000008,11.099656910000022],[119.35632814600001,11.101244550000047]]],[[[119.32577096400007,11.106395247000023],[119.33585008500006,11.105180006000069],[119.34047715400004,11.084691164000049],[119.34461154700011,11.090422369000066],[119.3544869210001,11.088647535000064],[119.34615230300005,11.073807398000042],[119.36943981800005,11.04488694400004],[119.381844795,11.048306075000028],[119.39959208500011,11.031373444000053],[119.40558950500008,11.045159305000027],[119.420503,11.0206],[119.4006,11.022476],[119.40372286800005,11.003527060000067],[119.39026070400007,11.006444867000027],[119.38140667400012,10.999603377000028],[119.34468800400009,11.023910611000076],[119.3443443540001,11.033228593000047],[119.33364366100011,11.02837783800004],[119.32825134000007,11.04020231100003],[119.34439659600002,11.054643412000075],[119.33776355700002,11.058204476000071],[119.33221181600004,11.050403299000038],[119.32346976600002,11.05792956700003],[119.32577096400007,11.106395247000023]]],[[[119.30497805700008,11.111241972000073],[119.30655743600005,11.107127666000054],[119.306384535,11.106465208000031],[119.30497805700008,11.111241972000073]]],[[[119.32659452500002,11.115764114000058],[119.33544062100009,11.116698666000048],[119.33673172800002,11.112875174000067],[119.32659452500002,11.115764114000058]]],[[[119.24823936300004,11.12434582700007],[119.26029711300009,11.121691121000026],[119.26125848800007,11.111691558000075],[119.24823936300004,11.12434582700007]]],[[[119.33012093100001,11.128006439000046],[119.33542089700006,11.131190919000062],[119.33674759400003,11.126223080000045],[119.33012093100001,11.128006439000046]]],[[[119.31532800200011,11.133526957000072],[119.32051039900011,11.135360886000058],[119.3144072230001,11.128694321000069],[119.31532800200011,11.133526957000072]]],[[[119.24908447200005,11.12689209000007],[119.23791503900009,11.136718750000057],[119.23791503900009,11.140319825000063],[119.24847412100007,11.133911133000026],[119.24908447200005,11.12689209000007]]],[[[119.31776729400008,11.137806089000037],[119.31923162800001,11.139228875000072],[119.31916503600007,11.137593034000076],[119.31776729400008,11.137806089000037]]],[[[119.31814019500007,11.140739599000028],[119.3179879170001,11.140444384000034],[119.31794021600001,11.140809802000035],[119.31814019500007,11.140739599000028]]],[[[119.3199266470001,11.159263923000026],[119.32643668600008,11.153062946000034],[119.31858787300007,11.156069665000075],[119.3219678160001,11.143474209000033],[119.30519879600001,11.143391093000048],[119.3096150990001,11.155722625000067],[119.3199266470001,11.159263923000026]]],[[[119.29185838500007,11.179751875000022],[119.2923469750001,11.178699152000036],[119.29167927200001,11.178209716000026],[119.29185838500007,11.179751875000022]]],[[[119.28257847900011,11.190285473000074],[119.28327429700005,11.190412560000027],[119.28295403700008,11.189431714000023],[119.28257847900011,11.190285473000074]]],[[[119.2817950860001,11.19185439100005],[119.28209050700002,11.191785928000058],[119.28213727900004,11.191507068000021],[119.2817950860001,11.19185439100005]]],[[[119.27010350800003,11.20450168800005],[119.27042022700005,11.203298447000066],[119.2696312920001,11.204807496000058],[119.27010350800003,11.20450168800005]]],[[[119.274605199,11.213173684000026],[119.27780273300004,11.197571829000026],[119.28396121700007,11.186226005000037],[119.29149044400003,11.179346343000077],[119.28282228000012,11.16351196200003],[119.28303324100011,11.13605758600005],[119.274605199,11.213173684000026]]],[[[119.29216697600009,11.216597788000058],[119.29804234100004,11.204213442000025],[119.29732405800007,11.194438584000068],[119.29252575800001,11.199744569000075],[119.29216697600009,11.216597788000058]]],[[[119.25921472000005,11.226420523000058],[119.26651633200004,11.21959798100005],[119.26810465900007,11.20437843700006],[119.27309137800012,11.200553117000027],[119.27038198200012,11.188122822000025],[119.25465979100011,11.207982978000075],[119.25921472000005,11.226420523000058]]]]}},{"type":"Feature","properties":{"ADM4_EN":"Corong-corong Pob. (Barangay 4)","ADM4_PCODE":"PH1705312005","ADM4_REF":null,"ADM3_EN":"El Nido (Bacuit)","ADM3_PCODE":"PH1705312","ADM2_EN":"Palawan","ADM2_PCODE":"PH17053","ADM1_EN":"Mimaropa Region","ADM1_PCODE":"PH17","ADM0_EN":"Philippines (the)","ADM0_PCODE":"PH","date":"2022-11-09","validOn":"2023-11-06","validTo":null,"Shape_Leng":0.300456164127,"Shape_Area":0.00176122568791,"AREA_SQKM":21.2795923676,"psgc_id":"PH1705312005","psgc_code":"1705312005","psgc_name":"Corong-corong Pob.","psgc_status":"matched","match_confidence":1.0,"psgc_type":"barangay","match_method":"exact","sga_member":false},"geometry":{"type":"MultiPolygon","coordinates":[[[[119.38979582400009,11.144269590000022],[119.39093278300004,11.145983890000025],[119.39144182700011,11.144462545000067],[119.38979582400009,11.144269590000022]]],[[[119.45991833800008,11.180752966000057],[119.4567672500001,11.150177381000049],[119.42737650200002,11.159764363000022],[119.423083399,11.148742576000075],[119.40512041800002,11.145559469000034],[119.40592655300009,11.135445512000047],[119.39543661300002,11.138226411000062],[119.39303139200001,11.17561332200006],[119.42640239100001,11.179128172000048],[119.43122412200012,11.169276404000072],[119.43638164400011,11.179578229000072],[119.45991833800008,11.180752966000057]]]]}},{"type":"Feature","properties":{"ADM4_EN":"Mabini","ADM4_PCODE":"PH1705312006","ADM4_REF":null,"ADM3_EN":"El Nido (Bacuit)","ADM3_PCODE":"PH1705312","ADM2_EN":"Palawan","ADM2_PCODE":"PH17053","ADM1_EN":"Mimaropa Region","ADM1_PCODE":"PH17","ADM0_EN":"Philippines (the)","ADM0_PCODE":"PH","date":"2022-11-09","validOn":"2023-11-06","validTo":null,"Shape_Leng":0.340455548389,"Shape_Area":0.00328949411151,"AREA_SQKM":39.7512917113,"psgc_id":"PH1705312006","psgc_code":"1705312006","psgc_name":"Mabini","psgc_status":"matched","match_confidence":1.0,"psgc_type":"barangay","match_method":"exact","sga_member":false},"geometry":{"type":"Polygon","coordinates":[[[119.51620786700005,11.148103954000021],[119.49991413200007,11.13294344700006],[119.51391880200003,11.096636680000074],[119.46985120600004,11.054272763000029],[119.46660142700011,11.126178785000036],[119.45772090300011,11.14586801300004],[119.506336,11.15732],[119.51620786700005,11.148103954000021]]]}},{"type":"Feature","properties":{"ADM4_EN":"Manlag","ADM4_PCODE":"PH1705312007","ADM4_REF":null,"ADM3_EN":"El Nido (Bacuit)","ADM3_PCODE":"PH1705312","ADM2_EN":"Palawan","ADM2_PCODE":"PH17053","ADM1_EN":"Mimaropa Region","ADM1_PCODE":"PH17","ADM0_EN":"Philippines (the)","ADM0_PCODE":"PH","date":"2022-11-09","validOn":"2023-11-06","validTo":null,"Shape_Leng":0.391082929476,"Shape_Area":0.00369679590562,"AREA_SQKM":44.6735068192,"psgc_id":"PH1705312007","psgc_code":"1705312007","psgc_name":"Manlag","psgc_status":"matched","match_confidence":1.0,"psgc_type":"barangay","match_method":"exact","sga_member":false},"geometry":{"type":"MultiPolygon","coordinates":[[[[119.40101591100006,11.105661703000067],[119.40488355200011,11.103246140000067],[119.40543532800007,11.09884429400006],[119.40101591100006,11.105661703000067]]],[[[119.390793142,11.119823705000044],[119.39406480500008,11.123961266000038],[119.3946793660001,11.119203993000042],[119.390793142,11.119823705000044]]],[[[119.4186041690001,11.135587142000077],[119.41929631100004,11.135118329000022],[119.41873793600007,11.134864650000054],[119.4186041690001,11.135587142000077]]],[[[119.42737650200002,11.159764363000022],[119.46324460500011,11.149605184000052],[119.45772090300011,11.14586801300004],[119.46660142700011,11.126178785000036],[119.46985120600004,11.054272763000029],[119.41846265900006,11.096629414000063],[119.41417345800005,11.110259842000062],[119.42450990600003,11.109236587000055],[119.42022262900002,11.129577595000057],[119.42889314100012,11.136295859000029],[119.42236729500007,11.147009247000028],[119.42737650200002,11.159764363000022]]]]}},{"type":"Feature","properties":{"ADM4_EN":"Masagana Pob. (Barangay 3)","ADM4_PCODE":"PH1705312008","ADM4_REF":null,"ADM3_EN":"El Nido (Bacuit)","ADM3_PCODE":"PH1705312","ADM2_EN":"Palawan","ADM2_PCODE":"PH17053","ADM1_EN":"Mimaropa Region","ADM1_PCODE":"PH17","ADM0_EN":"Philippines (the)","ADM0_PCODE":"PH","date":"2022-11-09","validOn":"2023-11-06","validTo":null,"Shape_Leng":0.0564557223555,"Shape_Area":0.000140284599035,"AREA_SQKM":1.69483883321,"psgc_id":"PH1705312008","psgc_code":"1705312008","psgc_name":"Masagana Pob.","psgc_status":"matched","match_confidence":1.0,"psgc_type":"barangay","match_method":"exact","sga_member":false},"geometry":{"type":"Polygon","coordinates":[[[119.39772869600006,11.19390171200007],[119.40256815700002,11.17928753700005],[119.39587714900006,11.173784284000021],[119.38984171800007,11.180495103000055],[119.39772869600006,11.19390171200007]]]}},{"type":"Feature","properties":{"ADM4_EN":"New Ibajay","ADM4_PCODE":"PH1705312009","ADM4_REF":null,"ADM3_EN":"El Nido (Bacuit)","ADM3_PCODE":"PH1705312","ADM2_EN":"Palawan","ADM2_PCODE":"PH17053","ADM1_EN":"Mimaropa Region","ADM1_PCODE":"PH17","ADM0_EN":"Philippines (the)","ADM0_PCODE":"PH","date":"2022-11-09","validOn":"2023-11-06","validTo":null,"Shape_Leng":0.404213138637,"Shape_Area":0.00491247131398,"AREA_SQKM":59.3494288747,"psgc_id":"PH1705312009","psgc_code":"1705312009","psgc_name":"New Ibajay","psgc_status":"matched","match_confidence":1.0,"psgc_type":"barangay","match_method":"exact","sga_member":false},"geometry":{"type":"MultiPolygon","coordinates":[[[[119.53912113100012,11.166189021000037],[119.54241891400011,11.167275069000027],[119.54049073500005,11.164552683000068],[119.53912113100012,11.166189021000037]]],[[[119.54927693200011,11.173826090000034],[119.55127105600002,11.16666280100003],[119.54144078000002,11.157004329000074],[119.54276498900003,11.164343809000059],[119.54927693200011,11.173826090000034]]],[[[119.524824,11.197569],[119.53956835000008,11.19477547100007],[119.54137031700009,11.18635512000003],[119.51649172200007,11.14805478900007],[119.506336,11.15732],[119.47306363300004,11.148660111000027],[119.45247192700003,11.15574934500006],[119.46131442400008,11.161456660000056],[119.45952173600006,11.20681322400003],[119.47706186100004,11.236299720000034],[119.524824,11.197569]]]]}},{"type":"Feature","properties":{"ADM4_EN":"Pasadeña","ADM4_PCODE":"PH1705312010","ADM4_REF":"Pasadena","ADM3_EN":"El Nido (Bacuit)","ADM3_PCODE":"PH1705312","ADM2_EN":"Palawan","ADM2_PCODE":"PH17053","ADM1_EN":"Mimaropa Region","ADM1_PCODE":"PH17","ADM0_EN":"Philippines (the)","ADM0_PCODE":"PH","date":"2022-11-09","validOn":"2023-11-06","validTo":null,"Shape_Leng":0.350894040113,"Shape_Area":0.00448048941534,"AREA_SQKM":54.1181308891,"psgc_id":"PH1705312010","psgc_code":"1705312010","psgc_name":"Pasadeña","psgc_status":"matched","match_confidence":1.0,"psgc_type":"barangay","match_method":"exact","sga_member":false},"geometry":{"type":"MultiPolygon","coordinates":[[[[119.40836324000009,11.249282808000032],[119.40954372200008,11.25046837800005],[119.4092990580001,11.249251963000063],[119.40836324000009,11.249282808000032]]],[[[119.41894483200008,11.294358588000023],[119.445165,11.294902],[119.47099664400002,11.26796532800006],[119.48254758000007,11.273922476000052],[119.49538782600007,11.268298022000067],[119.45952173600006,11.20681322400003],[119.41688497100006,11.216362165000021],[119.4226598350001,11.233796916000074],[119.41202628500002,11.248285181000028],[119.42062039100006,11.25694495700003],[119.41641615600008,11.282031244000052],[119.41894483200008,11.294358588000023]]]]}},{"type":"Feature","properties":{"ADM4_EN":"Maligaya Pob. (Barangay 1)","ADM4_PCODE":"PH1705312011","ADM4_REF":null,"ADM3_EN":"El Nido (Bacuit)","ADM3_PCODE":"PH1705312","ADM2_EN":"Palawan","ADM2_PCODE":"PH17053","ADM1_EN":"Mimaropa Region","ADM1_PCODE":"PH17","ADM0_EN":"Philippines (the)","ADM0_PCODE":"PH","date":"2022-11-09","validOn":"2023-11-06","validTo":null,"Shape_Leng":0.0386894757467,"Shape_Area":6.47536399586e-05,"AREA_SQKM":0.782342072035,"psgc_id":"PH1705312011","psgc_code":"1705312011","psgc_name":"Maligaya Pob.","psgc_status":"matched","match_confidence":1.0,"psgc_type":"barangay","match_method":"exact","sga_member":false},"geometry":{"type":"Polygon","coordinates":[[[119.38878070800001,11.179502540000044],[119.39547278400005,11.172231809000039],[119.38905034000004,11.166282464000062],[119.38878070800001,11.179502540000044]]]}},{"type":"Feature","properties":{"ADM4_EN":"San Fernando","ADM4_PCODE":"PH1705312012","ADM4_REF":null,"ADM3_EN":"El Nido (Bacuit)","ADM3_PCODE":"PH1705312","ADM2_EN":"Palawan","ADM2_PCODE":"PH17053","ADM1_EN":"Mimaropa Region","ADM1_PCODE":"PH17","ADM0_EN":"Philippines (the)","ADM0_PCODE":"PH","date":"2022-11-09","validOn":"2023-11-06","validTo":null,"Shape_Leng":0.267422344985,"Shape_Area":0.001836537784,"AREA_SQKM":22.1788618646,"psgc_id":"PH1705312012","psgc_code":"1705312012","psgc_name":"San Fernando","psgc_status":"matched","match_confidence":1.0,"psgc_type":"barangay","match_method":"exact","sga_member":false},"geometry":{"type":"MultiPolygon","coordinates":[[[[119.547860377,11.340811917000053],[119.55397232700011,11.340005139000027],[119.55372568500002,11.319492954000054],[119.56177141400008,11.311534392000056],[119.52638621100004,11.29853685300003],[119.49538782600007,11.268298022000067],[119.48395155000003,11.307061377000025],[119.50006481100002,11.302117785000064],[119.525142748,11.324907996000036],[119.5383454680001,11.322224814000037],[119.547860377,11.340811917000053]]],[[[119.54575181500002,11.344701626000074],[119.54687077000006,11.34273907100004],[119.54472251800007,11.343293883000058],[119.54575181500002,11.344701626000074]]]]}},{"type":"Feature","properties":{"ADM4_EN":"Sibaltan","ADM4_PCODE":"PH1705312013","ADM4_REF":null,"ADM3_EN":"El Nido (Bacuit)","ADM3_PCODE":"PH1705312","ADM2_EN":"Palawan","ADM2_PCODE":"PH17053","ADM1_EN":"Mimaropa Region","ADM1_PCODE":"PH17","ADM0_EN":"Philippines (the)","ADM0_PCODE":"PH","date":"2022-11-09","validOn":"2023-11-06","validTo":null,"Shape_Leng":0.270274025195,"Shape_Area":0.00313709239088,"AREA_SQKM":37.8889403056,"psgc_id":"PH1705312013","psgc_code":"1705312013","psgc_name":"Sibaltan","psgc_status":"matched","match_confidence":1.0,"psgc_type":"barangay","match_method":"exact","sga_member":false},"geometry":{"type":"Polygon","coordinates":[[[119.56350083400002,11.312650037000026],[119.56697153200003,11.274511884000049],[119.55520686000011,11.239724024000054],[119.54494061700007,11.239880205000077],[119.54462021600011,11.246791019000057],[119.53608289600004,11.241318291000027],[119.49538782600007,11.268298022000067],[119.52638621100004,11.29853685300003],[119.56350083400002,11.312650037000026]]]}},{"type":"Feature","properties":{"ADM4_EN":"Teneguiban","ADM4_PCODE":"PH1705312014","ADM4_REF":null,"ADM3_EN":"El Nido (Bacuit)","ADM3_PCODE":"PH1705312","ADM2_EN":"Palawan","ADM2_PCODE":"PH17053","ADM1_EN":"Mimaropa Region","ADM1_PCODE":"PH17","ADM0_EN":"Philippines (the)","ADM0_PCODE":"PH","date":"2022-11-09","validOn":"2023-11-06","validTo":null,"Shape_Leng":0.601008298902,"Shape_Area":0.00392133855439,"AREA_SQKM":47.3462584544,"psgc_id":"PH1705312014","psgc_code":"1705312014","psgc_name":"Teneguiban","psgc_status":"matched","match_confidence":1.0,"psgc_type":"barangay","match_method":"exact","sga_member":false},"geometry":{"type":"MultiPolygon","coordinates":[[[[119.53636521500005,11.374978944000077],[119.54248649800002,11.371750817000077],[119.53759404900006,11.364890648000028],[119.5257624620001,11.365473388000055],[119.53636521500005,11.374978944000077]]],[[[119.45480122100003,11.38508297900006],[119.455524179,11.384917536000046],[119.45510563900007,11.384490253000024],[119.45480122100003,11.38508297900006]]],[[[119.45346536800002,11.388192240000024],[119.45654419800007,11.389918719000036],[119.4554795250001,11.385310609000044],[119.45346536800002,11.388192240000024]]],[[[119.51398002300004,11.40268442100006],[119.51492707000011,11.401431178000053],[119.5131492480001,11.401148920000026],[119.51398002300004,11.40268442100006]]],[[[119.51889100400001,11.410788204000028],[119.51862826500007,11.409579195000049],[119.51801558500006,11.41066396900004],[119.51889100400001,11.410788204000028]]],[[[119.463869498,11.422836628000027],[119.46668815600003,11.421574768000028],[119.46391190000008,11.421800708000035],[119.463869498,11.422836628000027]]],[[[119.47685016300011,11.425364440000067],[119.48747239200009,11.424227806000033],[119.49370787900011,11.413743423000028],[119.50525985900003,11.415181769000071],[119.5092435900001,11.334180323000055],[119.52564396100001,11.325169131000052],[119.50006481100002,11.302117785000064],[119.48395155000003,11.307061377000025],[119.48246396800005,11.337852504000068],[119.47389618000011,11.342738844000053],[119.47587989800002,11.358200671000077],[119.46850505700002,11.359308546000022],[119.47719408300009,11.375326020000045],[119.4689608110001,11.401658981000026],[119.47984302000009,11.40742399800007],[119.47685016300011,11.425364440000067]]],[[[119.49914253300005,11.444983333000039],[119.50660774000005,11.438772029000063],[119.5029210570001,11.421813770000028],[119.49577647300009,11.43798984600005],[119.49914253300005,11.444983333000039]]]]}},{"type":"Feature","properties":{"ADM4_EN":"Villa Libertad","ADM4_PCODE":"PH1705312015","ADM4_REF":null,"ADM3_EN":"El Nido (Bacuit)","ADM3_PCODE":"PH1705312","ADM2_EN":"Palawan","ADM2_PCODE":"PH17053","ADM1_EN":"Mimaropa Region","ADM1_PCODE":"PH17","ADM0_EN":"Philippines (the)","ADM0_PCODE":"PH","date":"2022-11-09","validOn":"2023-11-06","validTo":null,"Shape_Leng":0.21501322808,"Shape_Area":0.00201550031017,"AREA_SQKM":24.3491614505,"psgc_id":"PH1705312015","psgc_code":"1705312015","psgc_name":"Villa Libertad","psgc_status":"matched","match_confidence":1.0,"psgc_type":"barangay","match_method":"exact","sga_member":false},"geometry":{"type":"Polygon","coordinates":[[[119.42025,11.220135],[119.45952173600006,11.20681322400003],[119.45991833800008,11.180914126000062],[119.43638164400011,11.179578229000072],[119.43122412200012,11.169276404000072],[119.42640239100001,11.179128172000048],[119.40256815700002,11.17928753700005],[119.39615963800009,11.19587200500007],[119.41466431300012,11.207391145000031],[119.42025,11.220135]]]}},{"type":"Feature","properties":{"ADM4_EN":"Villa Paz","ADM4_PCODE":"PH1705312016","ADM4_REF":null,"ADM3_EN":"El Nido (Bacuit)","ADM3_PCODE":"PH1705312","ADM2_EN":"Palawan","ADM2_PCODE":"PH17053","ADM1_EN":"Mimaropa Region","ADM1_PCODE":"PH17","ADM0_EN":"Philippines (the)","ADM0_PCODE":"PH","date":"2022-11-09","validOn":"2023-11-06","validTo":null,"Shape_Leng":0.26962831417,"Shape_Area":0.00309291386698,"AREA_SQKM":37.3609089756,"psgc_id":"PH1705312016","psgc_code":"1705312016","psgc_name":"Villa Paz","psgc_status":"matched","match_confidence":1.0,"psgc_type":"barangay","match_method":"exact","sga_member":false},"geometry":{"type":"Polygon","coordinates":[[[119.53608289600004,11.241318291000027],[119.54462021600011,11.246791019000057],[119.54494061700007,11.239880205000077],[119.55532294000011,11.239428972000042],[119.55497589400011,11.219216713000037],[119.54059948300005,11.196969889000059],[119.52840748800008,11.192773852000073],[119.47706186100004,11.236299720000034],[119.49538782600007,11.268298022000067],[119.53608289600004,11.241318291000027]]]}},{"type":"Feature","properties":{"ADM4_EN":"Bucana","ADM4_PCODE":"PH1705312017","ADM4_REF":null,"ADM3_EN":"El Nido (Bacuit)","ADM3_PCODE":"PH1705312","ADM2_EN":"Palawan","ADM2_PCODE":"PH17053","ADM1_EN":"Mimaropa Region","ADM1_PCODE":"PH17","ADM0_EN":"Philippines (the)","ADM0_PCODE":"PH","date":"2022-11-09","validOn":"2023-11-06","validTo":null,"Shape_Leng":0.400832543861,"Shape_Area":0.00176768979894,"AREA_SQKM":21.3455757173,"psgc_id":"PH1705312017","psgc_code":"1705312017","psgc_name":"Bucana","psgc_status":"matched","match_confidence":1.0,"psgc_type":"barangay","match_method":"exact","sga_member":false},"geometry":{"type":"MultiPolygon","coordinates":[[[[119.42652207000003,11.330440073000034],[119.42697888300006,11.329642173000025],[119.42597540100007,11.330178179000029],[119.42652207000003,11.330440073000034]]],[[[119.4510343180001,11.34850472000005],[119.47587989800002,11.358200671000077],[119.48131338500002,11.321028863000038],[119.43310930300004,11.317570404000037],[119.4328650860001,11.302178181000045],[119.41947545900007,11.29464377100004],[119.418079841,11.309067322000033],[119.41244612500009,11.30987656000002],[119.41008966200002,11.311964185000022],[119.427729956,11.321144333000063],[119.42625849300009,11.340170707000027],[119.44177111700003,11.343547594000029],[119.45148006000011,11.33260976400004],[119.4510343180001,11.34850472000005]]],[[[119.4172265410001,11.367336781000063],[119.41459466000003,11.356338148000077],[119.4063437850001,11.349898726000049],[119.40494473100011,11.358621679000066],[119.4172265410001,11.367336781000063]]]]}},{"type":"Feature","properties":{"ADM4_EN":"Aberawan","ADM4_PCODE":"PH1705312018","ADM4_REF":null,"ADM3_EN":"El Nido (Bacuit)","ADM3_PCODE":"PH1705312","ADM2_EN":"Palawan","ADM2_PCODE":"PH17053","ADM1_EN":"Mimaropa Region","ADM1_PCODE":"PH17","ADM0_EN":"Philippines (the)","ADM0_PCODE":"PH","date":"2022-11-09","validOn":"2023-11-06","validTo":null,"Shape_Leng":0.338619481835,"Shape_Area":0.00255484213214,"AREA_SQKM":30.8795410191,"psgc_id":"PH1705312018","psgc_code":"1705312018","psgc_name":"Aberawan","psgc_status":"matched","match_confidence":1.0,"psgc_type":"barangay","match_method":"exact","sga_member":false},"geometry":{"type":"MultiPolygon","coordinates":[[[[119.38600984900006,11.071036110000023],[119.38632741000004,11.071209510000074],[119.3864871610001,11.071035407000068],[119.38600984900006,11.071036110000023]]],[[[119.38569253900005,11.07170771400007],[119.38527539200004,11.071265916000073],[119.3852747630001,11.071527272000026],[119.38569253900005,11.07170771400007]]],[[[119.39097541100011,11.076033663000032],[119.3905421070001,11.075437972000032],[119.39031216100011,11.076442287000077],[119.39097541100011,11.076033663000032]]],[[[119.38550463100012,11.076254659000028],[119.38449937700011,11.076076516000057],[119.38484974500011,11.076861561000044],[119.38550463100012,11.076254659000028]]],[[[119.42261777100009,11.08761118700005],[119.46985120600004,11.054272763000029],[119.42400594600008,11.008824881000066],[119.4105407720001,11.032581740000069],[119.41789242000004,11.037134103000028],[119.41551672900005,11.077134300000068],[119.42261777100009,11.08761118700005]]],[[[119.392306415,11.098549238000032],[119.40697763100002,11.085682124000073],[119.40483966500005,11.073536527000044],[119.38743376500008,11.090674903000036],[119.392306415,11.098549238000032]]]]}},{"type":"Feature","properties":{"ADM4_EN":"Barangonan (Iloc)","ADM4_PCODE":"PH1705313001","ADM4_REF":null,"ADM3_EN":"Linapacan","ADM3_PCODE":"PH1705313","ADM2_EN":"Palawan","ADM2_PCODE":"PH17053","ADM1_EN":"Mimaropa Region","ADM1_PCODE":"PH17","ADM0_EN":"Philippines (the)","ADM0_PCODE":"PH","date":"2022-11-09","validOn":"2023-11-06","validTo":null,"Shape_Leng":0.222847519159,"Shape_Area":0.000845397557638,"AREA_SQKM":10.2092107288,"psgc_id":"PH1705313001","psgc_code":"1705313001","psgc_name":"Barangonan","psgc_status":"matched","match_confidence":1.0,"psgc_type":"barangay","match_method":"exact","sga_member":false},"geometry":{"type":"MultiPolygon","coordinates":[[[[119.6903665210001,11.32562673600006],[119.69623169600004,11.310800432000065],[119.68597965200001,11.28909718400007],[119.656209697,11.299212951000072],[119.6652748890001,11.312735146000023],[119.67594217900012,11.307693358000051],[119.68075186100009,11.322294253000052],[119.6903665210001,11.32562673600006]]],[[[119.70056526600001,11.350915046000068],[119.71411191000004,11.343924860000072],[119.7073004230001,11.336352436000027],[119.6976700250001,11.335618736000072],[119.70056526600001,11.350915046000068]]]]}},{"type":"Feature","properties":{"ADM4_EN":"Cabunlawan","ADM4_PCODE":"PH1705313002","ADM4_REF":null,"ADM3_EN":"Linapacan","ADM3_PCODE":"PH1705313","ADM2_EN":"Palawan","ADM2_PCODE":"PH17053","ADM1_EN":"Mimaropa Region","ADM1_PCODE":"PH17","ADM0_EN":"Philippines (the)","ADM0_PCODE":"PH","date":"2022-11-09","validOn":"2023-11-06","validTo":null,"Shape_Leng":0.177015010399,"Shape_Area":0.000492504929354,"AREA_SQKM":5.94638229595,"psgc_id":"PH1705313002","psgc_code":"1705313002","psgc_name":"Cabunlawan","psgc_status":"matched","match_confidence":1.0,"psgc_type":"barangay","match_method":"exact","sga_member":false},"geometry":{"type":"MultiPolygon","coordinates":[[[[120.26837346000002,11.235328691000063],[120.27385250600003,11.236462442000061],[120.27051029100005,11.233305839000025],[120.26837346000002,11.235328691000063]]],[[[120.23380446700003,11.296803864000026],[120.23238873700006,11.295474980000051],[120.2322779430001,11.297027868000043],[120.23380446700003,11.296803864000026]]],[[[120.09481512900004,11.342697005000048],[120.09513377200005,11.343018803000064],[120.09529861900012,11.342846222000048],[120.09481512900004,11.342697005000048]]],[[[120.09129248700003,11.344241564000072],[120.09186004900005,11.344319877000032],[120.09166257000004,11.343994985000052],[120.09129248700003,11.344241564000072]]],[[[120.08985885600009,11.392219754000052],[120.11256944500008,11.38088695500005],[120.1086379940001,11.364391055000056],[120.090857217,11.365766810000025],[120.09436770500008,11.38432331100006],[120.07887666400006,11.388518359000045],[120.08985885600009,11.392219754000052]]]]}},{"type":"Feature","properties":{"ADM4_EN":"Calibangbangan","ADM4_PCODE":"PH1705313003","ADM4_REF":null,"ADM3_EN":"Linapacan","ADM3_PCODE":"PH1705313","ADM2_EN":"Palawan","ADM2_PCODE":"PH17053","ADM1_EN":"Mimaropa Region","ADM1_PCODE":"PH17","ADM0_EN":"Philippines (the)","ADM0_PCODE":"PH","date":"2022-11-09","validOn":"2023-11-06","validTo":null,"Shape_Leng":0.429242750391,"Shape_Area":0.000633045910062,"AREA_SQKM":7.64106057503,"psgc_id":"PH1705313003","psgc_code":"1705313003","psgc_name":"Calibangbangan","psgc_status":"matched","match_confidence":1.0,"psgc_type":"barangay","match_method":"exact","sga_member":false},"geometry":{"type":"MultiPolygon","coordinates":[[[[119.66441412900008,11.398651877000077],[119.66653987100005,11.398251926000057],[119.66602951900006,11.397505242000022],[119.66441412900008,11.398651877000077]]],[[[119.64204393700004,11.435386812000047],[119.64805633100002,11.412780475000034],[119.66742187300008,11.418868847000056],[119.65716429100007,11.40479457300006],[119.65952456200012,11.395527583000046],[119.64649784400001,11.402793664000058],[119.63284739500011,11.430595398000037],[119.64204393700004,11.435386812000047]]],[[[119.64455422000003,11.451286433000064],[119.64724450000006,11.450819250000052],[119.64759479600002,11.449511287000064],[119.64455422000003,11.451286433000064]]],[[[119.66963181400001,11.462254574000042],[119.66917018200002,11.462102136000055],[119.6690951060001,11.462365169000066],[119.66963181400001,11.462254574000042]]],[[[119.6660524020001,11.464721693000058],[119.66649134800002,11.463934417000075],[119.66590976900011,11.46468494100003],[119.6660524020001,11.464721693000058]]],[[[119.66296170100009,11.466029023000033],[119.66309644700004,11.46794495000006],[119.66531627100005,11.465266327000052],[119.66296170100009,11.466029023000033]]],[[[119.64214727400008,11.473043508000046],[119.64279983600011,11.472520521000035],[119.64153139300004,11.473113109000053],[119.64214727400008,11.473043508000046]]],[[[119.65451275100008,11.48109749200006],[119.66250344200012,11.47899004900006],[119.65945452900007,11.469913719000033],[119.65378925000005,11.474472682000055],[119.65451275100008,11.48109749200006]]],[[[119.651243571,11.482857574000036],[119.65350937800008,11.48412300900003],[119.65397334700003,11.483080863000055],[119.651243571,11.482857574000036]]],[[[119.66583655800002,11.487870776000022],[119.66549882700008,11.487712141000031],[119.66538863700009,11.488043094000034],[119.66583655800002,11.487870776000022]]],[[[119.67245853400004,11.488488327000027],[119.66762337300008,11.476628750000032],[119.66655633500011,11.47623072700003],[119.6663352600001,11.486560524000026],[119.66565755500005,11.48844946500003],[119.67245853400004,11.488488327000027]]],[[[119.6733813730001,11.48937677300006],[119.67330107400005,11.488862599000072],[119.67280191500004,11.489019838000047],[119.6733813730001,11.48937677300006]]],[[[119.67124459600007,11.515408078000064],[119.67939981500001,11.512130806000073],[119.67696247200001,11.50293952800007],[119.69048780300011,11.50253258500004],[119.68406786500009,11.486714021000068],[119.66861239700006,11.501775520000024],[119.67124459600007,11.515408078000064]]]]}},{"type":"Feature","properties":{"ADM4_EN":"Decabaitot","ADM4_PCODE":"PH1705313004","ADM4_REF":null,"ADM3_EN":"Linapacan","ADM3_PCODE":"PH1705313","ADM2_EN":"Palawan","ADM2_PCODE":"PH17053","ADM1_EN":"Mimaropa Region","ADM1_PCODE":"PH17","ADM0_EN":"Philippines (the)","ADM0_PCODE":"PH","date":"2022-11-09","validOn":"2023-11-06","validTo":null,"Shape_Leng":0.129791024448,"Shape_Area":0.000270275027136,"AREA_SQKM":3.26013583664,"psgc_id":"PH1705313004","psgc_code":"1705313004","psgc_name":"Decabaitot","psgc_status":"matched","match_confidence":1.0,"psgc_type":"barangay","match_method":"exact","sga_member":false},"geometry":{"type":"MultiPolygon","coordinates":[[[[119.97427280700003,11.631900074000043],[119.97504998300008,11.632366533000038],[119.97514536200003,11.631348956000068],[119.97427280700003,11.631900074000043]]],[[[119.97319144900007,11.633889554000064],[119.97366537200003,11.633468136000033],[119.97368973100004,11.63294903800005],[119.97331079900005,11.633113040000069],[119.97319144900007,11.633889554000064]]],[[[119.94965831000002,11.653863970000032],[119.96322291000001,11.648624513000073],[119.96666479500004,11.654584670000077],[119.97102527600009,11.632888979000029],[119.96002590900002,11.635811491000027],[119.94965831000002,11.653863970000032]]]]}},{"type":"Feature","properties":{"ADM4_EN":"Maroyogroyog","ADM4_PCODE":"PH1705313006","ADM4_REF":null,"ADM3_EN":"Linapacan","ADM3_PCODE":"PH1705313","ADM2_EN":"Palawan","ADM2_PCODE":"PH17053","ADM1_EN":"Mimaropa Region","ADM1_PCODE":"PH17","ADM0_EN":"Philippines (the)","ADM0_PCODE":"PH","date":"2022-11-09","validOn":"2023-11-06","validTo":null,"Shape_Leng":0.713519573537,"Shape_Area":0.00230528920863,"AREA_SQKM":27.8255411106,"psgc_id":"PH1705313006","psgc_code":"1705313006","psgc_name":"Maroyogroyog","psgc_status":"matched","match_confidence":1.0,"psgc_type":"barangay","match_method":"exact","sga_member":false},"geometry":{"type":"MultiPolygon","coordinates":[[[[119.80122601700009,11.45194129600003],[119.80109295700004,11.451987743000075],[119.80118591700011,11.452034192000042],[119.80122601700009,11.45194129600003]]],[[[119.81358720000003,11.454030045000025],[119.81342183700008,11.453955733000043],[119.81347689900008,11.454071745000022],[119.81358720000003,11.454030045000025]]],[[[119.75691690200006,11.474516890000075],[119.75653542200007,11.472071835000065],[119.75578775600002,11.475015633000055],[119.75691690200006,11.474516890000075]]],[[[119.71024743400005,11.476746621000075],[119.7128902290001,11.476464521000025],[119.71328369500009,11.473808432000055],[119.71024743400005,11.476746621000075]]],[[[119.70964509700002,11.478357816000027],[119.71025646600003,11.477780189000043],[119.71008671300001,11.477667285000052],[119.70964509700002,11.478357816000027]]],[[[119.71357811200005,11.478007674000025],[119.71360205200006,11.47996676300005],[119.71465298500004,11.478987137000047],[119.71357811200005,11.478007674000025]]],[[[119.71246852800004,11.48056914600005],[119.71308229300007,11.480127694000032],[119.71278546100007,11.479893831000027],[119.71246852800004,11.48056914600005]]],[[[119.72844933100009,11.48029944700005],[119.7286595270001,11.481434078000063],[119.72872438500008,11.480790438000042],[119.72844933100009,11.48029944700005]]],[[[119.7760153370001,11.493499413000052],[119.79114269800004,11.484099635000064],[119.78375610800003,11.479338598000027],[119.79646861300012,11.464400400000045],[119.79427214900011,11.455807325000023],[119.8012005170001,11.451833703000034],[119.81289754700003,11.45214493100002],[119.81545113200002,11.45549324600006],[119.80709645000002,11.464510849000021],[119.80718719000004,11.47059043400003],[119.80762501800007,11.471999769000035],[119.80810997200001,11.471978413000045],[119.82603145500002,11.445725156000037],[119.78050678500006,11.432258491000027],[119.77431167100008,11.423129610000046],[119.73605804600004,11.456201951000025],[119.72308373800001,11.452640334000023],[119.71201615100006,11.464343857000074],[119.71278321600005,11.473041254000066],[119.72824385600006,11.479243998000072],[119.72800641200001,11.465313648000063],[119.7390595380001,11.466399184000068],[119.76171507600009,11.43860872600004],[119.77060405100008,11.437115449000032],[119.76670061000004,11.458239329000037],[119.78257329000007,11.452530161000027],[119.78628541400008,11.458603313000026],[119.78479364400005,11.468431095000028],[119.76725440900009,11.469692],[119.7634428660001,11.477179212000067],[119.77753512200002,11.478848282000058],[119.7760153370001,11.493499413000052]]],[[[119.77823638500001,11.494314230000043],[119.777660706,11.494314580000037],[119.77794678200007,11.494621418000065],[119.77823638500001,11.494314230000043]]],[[[119.77558601100009,11.495718321000027],[119.77580083700002,11.494812488000036],[119.77502507600002,11.496950855000023],[119.77558601100009,11.495718321000027]]],[[[119.75525797800003,11.514458877000038],[119.75527855500002,11.513687098000048],[119.75501627400001,11.51415544300005],[119.75525797800003,11.514458877000038]]],[[[119.73184456000001,11.527528142000051],[119.73261992300002,11.528076652000038],[119.73237538400008,11.527476845000024],[119.73184456000001,11.527528142000051]]]]}},{"type":"Feature","properties":{"ADM4_EN":"Nangalao","ADM4_PCODE":"PH1705313007","ADM4_REF":null,"ADM3_EN":"Linapacan","ADM3_PCODE":"PH1705313","ADM2_EN":"Palawan","ADM2_PCODE":"PH17053","ADM1_EN":"Mimaropa Region","ADM1_PCODE":"PH17","ADM0_EN":"Philippines (the)","ADM0_PCODE":"PH","date":"2022-11-09","validOn":"2023-11-06","validTo":null,"Shape_Leng":0.225919553906,"Shape_Area":0.000496778513378,"AREA_SQKM":5.99647045084,"psgc_id":"PH1705313007","psgc_code":"1705313007","psgc_name":"Nangalao","psgc_status":"matched","match_confidence":1.0,"psgc_type":"barangay","match_method":"exact","sga_member":false},"geometry":{"type":"MultiPolygon","coordinates":[[[[120.13500818700004,11.410274637000043],[120.1412350060001,11.410119254000051],[120.14399900500007,11.409493957000052],[120.14465622600005,11.408293945000025],[120.13500818700004,11.410274637000043]]],[[[120.17933202100005,11.430958943000064],[120.17110205400002,11.415341308000052],[120.16898950900008,11.414573546000042],[120.16921881400003,11.421312830000034],[120.17933202100005,11.430958943000064]]],[[[120.18044235100001,11.432492507000063],[120.18102099100008,11.43167346100006],[120.18007010000008,11.432115835000047],[120.18044235100001,11.432492507000063]]],[[[120.18490784200003,11.463403189000076],[120.19799300800003,11.450100514000042],[120.1523648430001,11.43152546300007],[120.16169478900008,11.436052389000054],[120.18490784200003,11.463403189000076]]]]}},{"type":"Feature","properties":{"ADM4_EN":"New Culaylayan","ADM4_PCODE":"PH1705313008","ADM4_REF":null,"ADM3_EN":"Linapacan","ADM3_PCODE":"PH1705313","ADM2_EN":"Palawan","ADM2_PCODE":"PH17053","ADM1_EN":"Mimaropa Region","ADM1_PCODE":"PH17","ADM0_EN":"Philippines (the)","ADM0_PCODE":"PH","date":"2022-11-09","validOn":"2023-11-06","validTo":null,"Shape_Leng":0.364451142249,"Shape_Area":0.00114312862741,"AREA_SQKM":13.799259642,"psgc_id":"PH1705313008","psgc_code":"1705313008","psgc_name":"New Culaylayan","psgc_status":"matched","match_confidence":1.0,"psgc_type":"barangay","match_method":"exact","sga_member":false},"geometry":{"type":"MultiPolygon","coordinates":[[[[119.70298768900011,11.391705259000048],[119.70321686800003,11.391337104000058],[119.70272554900009,11.391525019000028],[119.70298768900011,11.391705259000048]]],[[[119.71645253000008,11.402373349000072],[119.72483079100004,11.412538013000074],[119.72139075400003,11.39904301200005],[119.71645253000008,11.402373349000072]]],[[[119.7063038770001,11.424133639000047],[119.71151474500004,11.425011090000055],[119.7117483610001,11.424094582000066],[119.7063038770001,11.424133639000047]]],[[[119.70537148800008,11.428075577000072],[119.70509810300007,11.427889642000025],[119.70510740200007,11.428296146000037],[119.70537148800008,11.428075577000072]]],[[[119.70591938000007,11.437484377000033],[119.7094623480001,11.435810256000025],[119.70569384100008,11.435170250000056],[119.70591938000007,11.437484377000033]]],[[[119.7171963080001,11.443576115000042],[119.72235249500011,11.44312472100006],[119.71938411500003,11.440775578000057],[119.7171963080001,11.443576115000042]]],[[[119.73605804600004,11.456201951000025],[119.77842178300011,11.419452105000062],[119.77432885100006,11.413658350000048],[119.78103201200008,11.404715835000047],[119.77419435900003,11.394782063000036],[119.76133861900007,11.403286975000071],[119.758109611,11.421749073000058],[119.75170679500002,11.424411763000023],[119.7476626880001,11.416466874000037],[119.72700752500009,11.433046754000031],[119.72850818600011,11.445386331000066],[119.73407589300007,11.441249494000033],[119.738722961,11.447890484000027],[119.72308373800001,11.452640334000023],[119.73605804600004,11.456201951000025]]]]}},{"type":"Feature","properties":{"ADM4_EN":"Pical","ADM4_PCODE":"PH1705313009","ADM4_REF":null,"ADM3_EN":"Linapacan","ADM3_PCODE":"PH1705313","ADM2_EN":"Palawan","ADM2_PCODE":"PH17053","ADM1_EN":"Mimaropa Region","ADM1_PCODE":"PH17","ADM0_EN":"Philippines (the)","ADM0_PCODE":"PH","date":"2022-11-09","validOn":"2023-11-06","validTo":null,"Shape_Leng":0.364783132622,"Shape_Area":0.00114897362746,"AREA_SQKM":13.877441571,"psgc_id":"PH1705313009","psgc_code":"1705313009","psgc_name":"Pical","psgc_status":"matched","match_confidence":1.0,"psgc_type":"barangay","match_method":"exact","sga_member":false},"geometry":{"type":"MultiPolygon","coordinates":[[[[119.67712725800004,11.239231353000037],[119.68498258700004,11.245527013000071],[119.68544987700011,11.23701152600006],[119.67712725800004,11.239231353000037]]],[[[119.71433708100005,11.257295553000063],[119.73053704200004,11.254306032000045],[119.69637482300004,11.228700121000031],[119.70179228100005,11.247936034000077],[119.71433708100005,11.257295553000063]]],[[[119.69730345000005,11.262464729000044],[119.69536800500009,11.261485436000044],[119.69718318200012,11.263724183000022],[119.69730345000005,11.262464729000044]]],[[[119.62801687100011,11.263156987000059],[119.63556294500006,11.256764076000024],[119.6236896050001,11.231108557000027],[119.61983309400011,11.23772976400005],[119.62801687100011,11.263156987000059]]],[[[119.656209697,11.299212951000072],[119.68592463700008,11.289230949000057],[119.67738377900002,11.263056228000039],[119.66536446400005,11.269662496000024],[119.656209697,11.299212951000072]]]]}},{"type":"Feature","properties":{"ADM4_EN":"San Miguel (Pob.)","ADM4_PCODE":"PH1705313010","ADM4_REF":null,"ADM3_EN":"Linapacan","ADM3_PCODE":"PH1705313","ADM2_EN":"Palawan","ADM2_PCODE":"PH17053","ADM1_EN":"Mimaropa Region","ADM1_PCODE":"PH17","ADM0_EN":"Philippines (the)","ADM0_PCODE":"PH","date":"2022-11-09","validOn":"2023-11-06","validTo":null,"Shape_Leng":1.23879368383,"Shape_Area":0.00382490001971,"AREA_SQKM":46.1631271803,"psgc_id":"PH1705313010","psgc_code":"1705313010","psgc_name":"San Miguel","psgc_status":"matched","match_confidence":1.0,"psgc_type":"barangay","match_method":"exact","sga_member":false},"geometry":{"type":"MultiPolygon","coordinates":[[[[119.83365878100005,11.457968481000023],[119.8334352600001,11.457993584000064],[119.8334770460001,11.458099961000073],[119.83365878100005,11.457968481000023]]],[[[119.83318620700004,11.458859683000071],[119.83279982200008,11.458690570000044],[119.83274991100006,11.45915966900003],[119.83318620700004,11.458859683000071]]],[[[119.83563243100002,11.46955538700007],[119.8359336310001,11.469313769000053],[119.83569921500009,11.469261321000033],[119.83563243100002,11.46955538700007]]],[[[119.8875122070001,11.471496582000043],[119.88787841800001,11.470520020000038],[119.88708496100003,11.470886231000065],[119.8875122070001,11.471496582000043]]],[[[119.88568115200007,11.472717286000034],[119.8840942380001,11.471679687000062],[119.88452148400006,11.472717286000034],[119.88568115200007,11.472717286000034]]],[[[119.83314092400008,11.473104036000052],[119.83307290900007,11.472769034000066],[119.83278263800003,11.472927040000059],[119.83314092400008,11.473104036000052]]],[[[119.88182932000007,11.474111108000045],[119.88280083500001,11.473970411000039],[119.88267531200006,11.473578559000032],[119.88182932000007,11.474111108000045]]],[[[119.8710949870001,11.475511789000052],[119.87789028800012,11.47764317800005],[119.87922282800002,11.47180135900004],[119.8710949870001,11.475511789000052]]],[[[119.87529436500006,11.48738933900006],[119.8771773840001,11.481618884000056],[119.87501667300012,11.47983176400004],[119.87183266200009,11.482809777000057],[119.87529436500006,11.48738933900006]]],[[[119.84119251200002,11.48854588200004],[119.84253127500006,11.488980840000067],[119.84171154400008,11.487887156000056],[119.84119251200002,11.48854588200004]]],[[[119.92907714800003,11.493103028000064],[119.92749023400006,11.49212646500007],[119.92767333900008,11.493286133000026],[119.92907714800003,11.493103028000064]]],[[[119.83684397500008,11.49284381900003],[119.84084711600008,11.490203597000061],[119.83574134600008,11.48990271100007],[119.83684397500008,11.49284381900003]]],[[[119.89519991300006,11.505417290000025],[119.90087898700006,11.486844586000075],[119.88481284500006,11.485341642000037],[119.88185437000004,11.49185187200004],[119.89519991300006,11.505417290000025]]],[[[119.86878318800007,11.506802808000032],[119.86886003000006,11.50631856800004],[119.86849199300002,11.506259271000033],[119.86878318800007,11.506802808000032]]],[[[119.91006871600007,11.51199168900007],[119.91158298800008,11.511435719000076],[119.91054203600004,11.511117479000063],[119.91006871600007,11.51199168900007]]],[[[119.82547000500006,11.515022345000034],[119.82552375700004,11.514706870000055],[119.82539284100005,11.514618742000039],[119.82547000500006,11.515022345000034]]],[[[119.81494800500002,11.51930941300003],[119.8301574840001,11.509263206000071],[119.84413546300004,11.516075111000077],[119.86842683500004,11.506232225000076],[119.870514866,11.479069559000038],[119.86234541100009,11.463731671000062],[119.8696222850001,11.452836340000033],[119.85910845400008,11.432559379000054],[119.85063897700002,11.433488858000032],[119.85172042900001,11.412782196000023],[119.80815202000008,11.471839910000028],[119.83082008400004,11.456164226000055],[119.83551949100001,11.457540549000043],[119.83622595500003,11.469701802000031],[119.82469133100005,11.48299268900007],[119.84075604300006,11.476439283000047],[119.84678823000002,11.479181609000022],[119.8390182490001,11.500051552000059],[119.81862163900007,11.504661934000069],[119.81494800500002,11.51930941300003]]],[[[119.81088685800012,11.519716782000046],[119.811091873,11.519656609000037],[119.81090692200007,11.519638961000055],[119.81088685800012,11.519716782000046]]],[[[119.86379015300008,11.520305668000049],[119.86438489800003,11.520842655000024],[119.86384808800005,11.520113239000068],[119.86379015300008,11.520305668000049]]],[[[119.87892088000001,11.53283086500005],[119.88720023500002,11.529937990000064],[119.87878181400004,11.526378864000037],[119.87892088000001,11.53283086500005]]],[[[119.91190880500005,11.534333424000067],[119.91512782300003,11.535290040000064],[119.91343052200011,11.53206085000005],[119.91190880500005,11.534333424000067]]],[[[119.84073314200009,11.544191468000065],[119.84047168100005,11.544260747000067],[119.8405233420001,11.544500733000064],[119.84073314200009,11.544191468000065]]],[[[119.83847780500003,11.544146419000072],[119.84007127500001,11.54390903600006],[119.83933934700008,11.542752954000036],[119.83847780500003,11.544146419000072]]],[[[119.80981569000005,11.541751523000073],[119.8099006650001,11.546250394000026],[119.81968356300001,11.546427056000027],[119.80981569000005,11.541751523000073]]],[[[119.87533753500009,11.552568275000056],[119.87667484000008,11.543519721000052],[119.87343042600003,11.54309648900005],[119.87140852300001,11.54573698300004],[119.87533753500009,11.552568275000056]]],[[[119.84273751800004,11.553450886000064],[119.8439203260001,11.552689805000057],[119.84294969400003,11.552329561000022],[119.84273751800004,11.553450886000064]]],[[[119.89565918500011,11.554927813000063],[119.89886036100006,11.553798659000051],[119.896443352,11.550841682000055],[119.89565918500011,11.554927813000063]]],[[[119.8523231160001,11.556542542000045],[119.85966844100005,11.550297623000063],[119.85194436300003,11.544782095000073],[119.84569471200007,11.551971038000033],[119.8523231160001,11.556542542000045]]],[[[119.88605180500008,11.55787808100007],[119.88963127800002,11.551791859000048],[119.88527599200006,11.546393899000066],[119.88605180500008,11.55787808100007]]],[[[119.9288986040001,11.561976758000071],[119.93062703100009,11.562492204000023],[119.92936467000004,11.56116402500004],[119.9288986040001,11.561976758000071]]],[[[119.86637830200004,11.562574297000026],[119.870262,11.56135689000007],[119.86868635700012,11.559253586000068],[119.86637830200004,11.562574297000026]]],[[[119.9163218970001,11.575075541000047],[119.92009803600001,11.57556359800003],[119.91920561000006,11.572352207000051],[119.9163218970001,11.575075541000047]]],[[[119.93064459900006,11.588319894000051],[119.94356158300002,11.58495010100006],[119.94679660800011,11.576535888000024],[119.93466452200005,11.583456503000036],[119.92783209400011,11.576748198000075],[119.93064459900006,11.588319894000051]]],[[[119.85845488700011,11.600895918000049],[119.85832439600006,11.60079156200004],[119.85833828000011,11.60089511700005],[119.85845488700011,11.600895918000049]]],[[[119.8582031090001,11.60106352300005],[119.85830300600003,11.601140211000029],[119.8583164590001,11.601106878000053],[119.8582031090001,11.60106352300005]]],[[[119.85863725000002,11.601151223000045],[119.85847394100006,11.600993992000042],[119.858423463,11.60102065600006],[119.85863725000002,11.601151223000045]]],[[[119.85698702600007,11.608778220000033],[119.86429646300007,11.595568883000055],[119.86240036900006,11.593434100000025],[119.85973830700004,11.600004381000076],[119.85872953300009,11.60163312800006],[119.85859546000006,11.601266003000035],[119.85819875300001,11.601332166000077],[119.85698702600007,11.608778220000033]]],[[[119.9127325070001,11.607537617000048],[119.91599125500011,11.607323138000027],[119.91514458400002,11.605432543000063],[119.9127325070001,11.607537617000048]]]]}},{"type":"Feature","properties":{"ADM4_EN":"San Nicolas","ADM4_PCODE":"PH1705313011","ADM4_REF":null,"ADM3_EN":"Linapacan","ADM3_PCODE":"PH1705313","ADM2_EN":"Palawan","ADM2_PCODE":"PH17053","ADM1_EN":"Mimaropa Region","ADM1_PCODE":"PH17","ADM0_EN":"Philippines (the)","ADM0_PCODE":"PH","date":"2022-11-09","validOn":"2023-11-06","validTo":null,"Shape_Leng":0.40835937345,"Shape_Area":0.00207109578927,"AREA_SQKM":25.0021340052,"psgc_id":"PH1705313011","psgc_code":"1705313011","psgc_name":"San Nicolas","psgc_status":"matched","match_confidence":1.0,"psgc_type":"barangay","match_method":"exact","sga_member":false},"geometry":{"type":"MultiPolygon","coordinates":[[[[119.80645379500004,11.39228844400003],[119.80870813100012,11.388915019000024],[119.80611161400009,11.386782450000055],[119.80645379500004,11.39228844400003]]],[[[119.82603145500002,11.445725156000037],[119.84928201200012,11.412376419000054],[119.8304669910001,11.390827233000039],[119.83138071500002,11.378645754000047],[119.81954237700006,11.376489026000058],[119.80806291800002,11.379829293000057],[119.8129391540001,11.399140547000059],[119.80189790400004,11.401327843000047],[119.8047400260001,11.408133247000023],[119.81141578100005,11.401824566000073],[119.81597925800008,11.415053516000057],[119.82421924900007,11.412794365000025],[119.82478713000012,11.427272198000026],[119.81298226600006,11.427729512000042],[119.80527549300007,11.41542148700006],[119.79672086900007,11.423199600000032],[119.77431167100008,11.423129610000046],[119.78050678500006,11.432258491000027],[119.82603145500002,11.445725156000037]]]]}},{"type":"Feature","properties":{"ADM4_EN":"Alcoba","ADM4_PCODE":"PH1705314001","ADM4_REF":null,"ADM3_EN":"Magsaysay","ADM3_PCODE":"PH1705314","ADM2_EN":"Palawan","ADM2_PCODE":"PH17053","ADM1_EN":"Mimaropa Region","ADM1_PCODE":"PH17","ADM0_EN":"Philippines (the)","ADM0_PCODE":"PH","date":"2022-11-09","validOn":"2023-11-06","validTo":null,"Shape_Leng":0.0468820637799,"Shape_Area":9.79847846969e-05,"AREA_SQKM":1.18448660208,"psgc_id":"PH1705314001","psgc_code":"1705314001","psgc_name":"Alcoba","psgc_status":"matched","match_confidence":1.0,"psgc_type":"barangay","match_method":"exact","sga_member":false},"geometry":{"type":"Polygon","coordinates":[[[120.8280409140001,11.013638769000067],[120.83111511300001,11.008213193000074],[120.81772947200011,11.003550486000051],[120.81610401400008,11.009148486000072],[120.8280409140001,11.013638769000067]]]}},{"type":"Feature","properties":{"ADM4_EN":"Balaguen","ADM4_PCODE":"PH1705314002","ADM4_REF":null,"ADM3_EN":"Magsaysay","ADM3_PCODE":"PH1705314","ADM2_EN":"Palawan","ADM2_PCODE":"PH17053","ADM1_EN":"Mimaropa Region","ADM1_PCODE":"PH17","ADM0_EN":"Philippines (the)","ADM0_PCODE":"PH","date":"2022-11-09","validOn":"2023-11-06","validTo":null,"Shape_Leng":0.141602900482,"Shape_Area":0.000588509141052,"AREA_SQKM":7.11858266254,"psgc_id":"PH1705314002","psgc_code":"1705314002","psgc_name":"Balaguen","psgc_status":"matched","match_confidence":1.0,"psgc_type":"barangay","match_method":"exact","sga_member":false},"geometry":{"type":"Polygon","coordinates":[[[121.03071734700006,10.831779895000068],[121.05994743200006,10.827536071000054],[121.06539526800009,10.808061399000053],[121.042624713,10.811319747000027],[121.03071734700006,10.831779895000068]]]}},{"type":"Feature","properties":{"ADM4_EN":"Canipo","ADM4_PCODE":"PH1705314003","ADM4_REF":null,"ADM3_EN":"Magsaysay","ADM3_PCODE":"PH1705314","ADM2_EN":"Palawan","ADM2_PCODE":"PH17053","ADM1_EN":"Mimaropa Region","ADM1_PCODE":"PH17","ADM0_EN":"Philippines (the)","ADM0_PCODE":"PH","date":"2022-11-09","validOn":"2023-11-06","validTo":null,"Shape_Leng":0.0893297901414,"Shape_Area":0.00046449579048,"AREA_SQKM":5.61546319229,"psgc_id":"PH1705314003","psgc_code":"1705314003","psgc_name":"Canipo","psgc_status":"matched","match_confidence":1.0,"psgc_type":"barangay","match_method":"exact","sga_member":false},"geometry":{"type":"Polygon","coordinates":[[[120.94934848700007,10.99853026900007],[120.96490042300002,10.98338730000006],[120.95873946800009,10.974529414000074],[120.94578937400001,10.973856574000024],[120.93809946100009,10.985590671000068],[120.94934848700007,10.99853026900007]]]}},{"type":"Feature","properties":{"ADM4_EN":"Cocoro","ADM4_PCODE":"PH1705314004","ADM4_REF":null,"ADM3_EN":"Magsaysay","ADM3_PCODE":"PH1705314","ADM2_EN":"Palawan","ADM2_PCODE":"PH17053","ADM1_EN":"Mimaropa Region","ADM1_PCODE":"PH17","ADM0_EN":"Philippines (the)","ADM0_PCODE":"PH","date":"2022-11-09","validOn":"2023-11-06","validTo":null,"Shape_Leng":0.240801490981,"Shape_Area":0.000458740818811,"AREA_SQKM":5.5465465483,"psgc_id":"PH1705314004","psgc_code":"1705314004","psgc_name":"Cocoro","psgc_status":"matched","match_confidence":1.0,"psgc_type":"barangay","match_method":"exact","sga_member":false},"geometry":{"type":"MultiPolygon","coordinates":[[[[121.19795161400009,10.893401876000041],[121.20733142000006,10.889241625000068],[121.20992833500009,10.883387921000065],[121.19911955700002,10.879710235000061],[121.19795161400009,10.893401876000041]]],[[[121.23253500100009,10.959425724000027],[121.2395030890001,10.954887314000075],[121.23883436400001,10.952123156000027],[121.231207358,10.954112593000048],[121.23253500100009,10.959425724000027]]],[[[121.21718262900004,10.980083414000035],[121.23443263800004,10.970887363000031],[121.2249358040001,10.96545192800005],[121.2257783880001,10.956924438000044],[121.2096838440001,10.969567114000029],[121.21718262900004,10.980083414000035]]],[[[121.097155068,10.996787804000064],[121.10340165100001,10.997460110000077],[121.10253539000007,10.995520818000045],[121.097155068,10.996787804000064]]],[[[121.1392686690001,11.035707256000023],[121.1435370150001,11.03530096000003],[121.141042835,11.03332819600007],[121.1392686690001,11.035707256000023]]],[[[120.94874185600008,11.096577684000067],[120.94869643100003,11.093738801000029],[120.94764688600003,11.09561648500005],[120.94874185600008,11.096577684000067]]]]}},{"type":"Feature","properties":{"ADM4_EN":"Danawan (Pob.)","ADM4_PCODE":"PH1705314005","ADM4_REF":null,"ADM3_EN":"Magsaysay","ADM3_PCODE":"PH1705314","ADM2_EN":"Palawan","ADM2_PCODE":"PH17053","ADM1_EN":"Mimaropa Region","ADM1_PCODE":"PH17","ADM0_EN":"Philippines (the)","ADM0_PCODE":"PH","date":"2022-11-09","validOn":"2023-11-06","validTo":null,"Shape_Leng":0.0557393720544,"Shape_Area":0.000132634424853,"AREA_SQKM":1.60410645681,"psgc_id":"PH1705314005","psgc_code":"1705314005","psgc_name":"Danawan","psgc_status":"matched","match_confidence":1.0,"psgc_type":"barangay","match_method":"exact","sga_member":false},"geometry":{"type":"Polygon","coordinates":[[[121.04570750300002,10.862168669000027],[121.054612786,10.87153670300006],[121.05798490500001,10.856324715000028],[121.04570750300002,10.862168669000027]]]}},{"type":"Feature","properties":{"ADM4_EN":"Emilod","ADM4_PCODE":"PH1705314006","ADM4_REF":null,"ADM3_EN":"Magsaysay","ADM3_PCODE":"PH1705314","ADM2_EN":"Palawan","ADM2_PCODE":"PH17053","ADM1_EN":"Mimaropa Region","ADM1_PCODE":"PH17","ADM0_EN":"Philippines (the)","ADM0_PCODE":"PH","date":"2022-11-09","validOn":"2023-11-06","validTo":null,"Shape_Leng":0.0867824140753,"Shape_Area":0.000230040302904,"AREA_SQKM":2.78229323583,"psgc_id":"PH1705314006","psgc_code":"1705314006","psgc_name":"Emilod","psgc_status":"matched","match_confidence":1.0,"psgc_type":"barangay","match_method":"exact","sga_member":false},"geometry":{"type":"Polygon","coordinates":[[[121.06032713600007,10.85808029900005],[121.07229570200002,10.845109114000024],[121.05262488100004,10.839832155000067],[121.05314784100005,10.849828752000064],[121.06032713600007,10.85808029900005]]]}},{"type":"Feature","properties":{"ADM4_EN":"Igabas","ADM4_PCODE":"PH1705314007","ADM4_REF":null,"ADM3_EN":"Magsaysay","ADM3_PCODE":"PH1705314","ADM2_EN":"Palawan","ADM2_PCODE":"PH17053","ADM1_EN":"Mimaropa Region","ADM1_PCODE":"PH17","ADM0_EN":"Philippines (the)","ADM0_PCODE":"PH","date":"2022-11-09","validOn":"2023-11-06","validTo":null,"Shape_Leng":0.0952502736537,"Shape_Area":0.00035154274474,"AREA_SQKM":4.25178767749,"psgc_id":"PH1705314007","psgc_code":"1705314007","psgc_name":"Igabas","psgc_status":"matched","match_confidence":1.0,"psgc_type":"barangay","match_method":"exact","sga_member":false},"geometry":{"type":"Polygon","coordinates":[[[121.04554765600005,10.867001737000066],[121.05649716800008,10.854828510000061],[121.05288079700006,10.846521637000023],[121.03463890900002,10.843666614000028],[121.03295286700006,10.855229132000034],[121.04554765600005,10.867001737000066]]]}},{"type":"Feature","properties":{"ADM4_EN":"Lacaren","ADM4_PCODE":"PH1705314008","ADM4_REF":null,"ADM3_EN":"Magsaysay","ADM3_PCODE":"PH1705314","ADM2_EN":"Palawan","ADM2_PCODE":"PH17053","ADM1_EN":"Mimaropa Region","ADM1_PCODE":"PH17","ADM0_EN":"Philippines (the)","ADM0_PCODE":"PH","date":"2022-11-09","validOn":"2023-11-06","validTo":null,"Shape_Leng":0.108349972924,"Shape_Area":0.000292899435303,"AREA_SQKM":3.54270153881,"psgc_id":"PH1705314008","psgc_code":"1705314008","psgc_name":"Lacaren","psgc_status":"matched","match_confidence":1.0,"psgc_type":"barangay","match_method":"exact","sga_member":false},"geometry":{"type":"Polygon","coordinates":[[[121.05301049600007,10.846338543000059],[121.05978031200004,10.827440084000045],[121.03309773400008,10.835547593000058],[121.03495171400004,10.843770556000038],[121.05301049600007,10.846338543000059]]]}},{"type":"Feature","properties":{"ADM4_EN":"Los Angeles","ADM4_PCODE":"PH1705314009","ADM4_REF":null,"ADM3_EN":"Magsaysay","ADM3_PCODE":"PH1705314","ADM2_EN":"Palawan","ADM2_PCODE":"PH17053","ADM1_EN":"Mimaropa Region","ADM1_PCODE":"PH17","ADM0_EN":"Philippines (the)","ADM0_PCODE":"PH","date":"2022-11-09","validOn":"2023-11-06","validTo":null,"Shape_Leng":0.050686849281,"Shape_Area":0.00010263972822,"AREA_SQKM":1.24132320836,"psgc_id":"PH1705314009","psgc_code":"1705314009","psgc_name":"Los Angeles","psgc_status":"matched","match_confidence":1.0,"psgc_type":"barangay","match_method":"exact","sga_member":false},"geometry":{"type":"Polygon","coordinates":[[[121.04103370400003,10.876302309000039],[121.04540281400011,10.868427878000034],[121.03875096500008,10.861832333000052],[121.03258189600001,10.871713541000076],[121.04103370400003,10.876302309000039]]]}},{"type":"Feature","properties":{"ADM4_EN":"Lucbuan","ADM4_PCODE":"PH1705314010","ADM4_REF":null,"ADM3_EN":"Magsaysay","ADM3_PCODE":"PH1705314","ADM2_EN":"Palawan","ADM2_PCODE":"PH17053","ADM1_EN":"Mimaropa Region","ADM1_PCODE":"PH17","ADM0_EN":"Philippines (the)","ADM0_PCODE":"PH","date":"2022-11-09","validOn":"2023-11-06","validTo":null,"Shape_Leng":0.120022222332,"Shape_Area":0.000435427433156,"AREA_SQKM":5.26618901361,"psgc_id":"PH1705314010","psgc_code":"1705314010","psgc_name":"Lucbuan","psgc_status":"matched","match_confidence":1.0,"psgc_type":"barangay","match_method":"exact","sga_member":false},"geometry":{"type":"Polygon","coordinates":[[[121.06106739900008,10.87505873400005],[121.07728961400005,10.868634265000026],[121.08215717100006,10.858267001000058],[121.07657492600003,10.847291046000066],[121.05523723400006,10.862294145000021],[121.06106739900008,10.87505873400005]]]}},{"type":"Feature","properties":{"ADM4_EN":"Rizal","ADM4_PCODE":"PH1705314011","ADM4_REF":null,"ADM3_EN":"Magsaysay","ADM3_PCODE":"PH1705314","ADM2_EN":"Palawan","ADM2_PCODE":"PH17053","ADM1_EN":"Mimaropa Region","ADM1_PCODE":"PH17","ADM0_EN":"Philippines (the)","ADM0_PCODE":"PH","date":"2022-11-09","validOn":"2023-11-06","validTo":null,"Shape_Leng":0.248868275848,"Shape_Area":0.000775498083033,"AREA_SQKM":9.37811622862,"psgc_id":"PH1705314011","psgc_code":"1705314011","psgc_name":"Rizal","psgc_status":"matched","match_confidence":1.0,"psgc_type":"barangay","match_method":"exact","sga_member":false},"geometry":{"type":"MultiPolygon","coordinates":[[[[121.0641504680001,10.885593269000026],[121.0656574090001,10.884112842000036],[121.06404712800008,10.884246787000052],[121.0641504680001,10.885593269000026]]],[[[121.05259814600004,10.890298396000048],[121.0522652840001,10.890339268000048],[121.05241717600006,10.890960308000047],[121.05259814600004,10.890298396000048]]],[[[121.05157048100011,10.891705998000077],[121.05215507300011,10.891730495000047],[121.05214672700004,10.891035903000045],[121.05157048100011,10.891705998000077]]],[[[121.0463095230001,10.887985169000046],[121.05150565200006,10.89512026400007],[121.04968094700007,10.891204819000052],[121.05052361500009,10.888567113000022],[121.0463095230001,10.887985169000046]]],[[[120.99407958900008,10.903686523000033],[120.99371337900004,10.902709961000028],[120.99328613300008,10.903320312000062],[120.99407958900008,10.903686523000033]]],[[[121.05184393200011,10.904877425000052],[121.07790509600011,10.90369354400002],[121.0779189000001,10.88930150300007],[121.0653740570001,10.887453889000028],[121.06140361000007,10.883691473000056],[121.06049506000011,10.874463303000027],[121.04718357400009,10.870976699000039],[121.05471157700003,10.886193358000071],[121.05184393200011,10.904877425000052]]],[[[121.0162263420001,10.91113215100006],[121.0143487690001,10.90966594400004],[121.01319917100011,10.910604878000072],[121.0162263420001,10.91113215100006]]],[[[121.01650897900004,10.912749949000045],[121.01720692100002,10.913038287000063],[121.0168967620001,10.912483460000033],[121.01650897900004,10.912749949000045]]],[[[121.0375845860001,10.916027992000068],[121.04582994600003,10.913474763000067],[121.04646317600009,10.908964775000072],[121.044196596,10.906152415000065],[121.0375845860001,10.916027992000068]]]]}},{"type":"Feature","properties":{"ADM4_EN":"Antipuluan","ADM4_PCODE":"PH1705315001","ADM4_REF":null,"ADM3_EN":"Narra","ADM3_PCODE":"PH1705315","ADM2_EN":"Palawan","ADM2_PCODE":"PH17053","ADM1_EN":"Mimaropa Region","ADM1_PCODE":"PH17","ADM0_EN":"Philippines (the)","ADM0_PCODE":"PH","date":"2022-11-09","validOn":"2023-11-06","validTo":null,"Shape_Leng":0.198293947032,"Shape_Area":0.00129807411256,"AREA_SQKM":15.7739851985,"psgc_id":"PH1705315001","psgc_code":"1705315001","psgc_name":"Antipuluan","psgc_status":"matched","match_confidence":1.0,"psgc_type":"barangay","match_method":"exact","sga_member":false},"geometry":{"type":"MultiPolygon","coordinates":[[[[118.49976043900006,9.252110793000043],[118.50247399000011,9.251472532000037],[118.50170703600008,9.250512711000056],[118.49976043900006,9.252110793000043]]],[[[118.41841331,9.304207851000058],[118.43200032400011,9.304718922000063],[118.4362968590001,9.294528674000048],[118.4450856740001,9.300053828000046],[118.45236127500004,9.29166359800007],[118.44265449500006,9.275883511000075],[118.43269521600007,9.280117178000069],[118.42291310700011,9.265574080000022],[118.39372454900001,9.298532069000032],[118.41721553200011,9.31395373600003],[118.41841331,9.304207851000058]]]]}},{"type":"Feature","properties":{"ADM4_EN":"Aramaywan","ADM4_PCODE":"PH1705315002","ADM4_REF":null,"ADM3_EN":"Narra","ADM3_PCODE":"PH1705315","ADM2_EN":"Palawan","ADM2_PCODE":"PH17053","ADM1_EN":"Mimaropa Region","ADM1_PCODE":"PH17","ADM0_EN":"Philippines (the)","ADM0_PCODE":"PH","date":"2022-11-09","validOn":"2023-11-06","validTo":null,"Shape_Leng":0.355435609116,"Shape_Area":0.00393107500094,"AREA_SQKM":47.7788096943,"psgc_id":"PH1705315002","psgc_code":"1705315002","psgc_name":"Aramaywan","psgc_status":"matched","match_confidence":1.0,"psgc_type":"barangay","match_method":"exact","sga_member":false},"geometry":{"type":"Polygon","coordinates":[[[118.16562072900001,9.29665149300007],[118.1898095360001,9.174967696000067],[118.20324814800006,9.164337291000038],[118.1778816530001,9.152071221000028],[118.1345536770001,9.263212372000055],[118.16562072900001,9.29665149300007]]]}},{"type":"Feature","properties":{"ADM4_EN":"Batang-batang","ADM4_PCODE":"PH1705315003","ADM4_REF":null,"ADM3_EN":"Narra","ADM3_PCODE":"PH1705315","ADM2_EN":"Palawan","ADM2_PCODE":"PH17053","ADM1_EN":"Mimaropa Region","ADM1_PCODE":"PH17","ADM0_EN":"Philippines (the)","ADM0_PCODE":"PH","date":"2022-11-09","validOn":"2023-11-06","validTo":null,"Shape_Leng":0.162495607026,"Shape_Area":0.00103345733211,"AREA_SQKM":12.5615518648,"psgc_id":"PH1705315003","psgc_code":"1705315003","psgc_name":"Batang-batang","psgc_status":"matched","match_confidence":1.0,"psgc_type":"barangay","match_method":"exact","sga_member":false},"geometry":{"type":"Polygon","coordinates":[[[118.34284223000009,9.228119830000026],[118.35962844200003,9.18946061400004],[118.33053615100005,9.17490820300003],[118.32738515000005,9.21829000300005],[118.34284223000009,9.228119830000026]]]}},{"type":"Feature","properties":{"ADM4_EN":"Bato-bato","ADM4_PCODE":"PH1705315004","ADM4_REF":null,"ADM3_EN":"Narra","ADM3_PCODE":"PH1705315","ADM2_EN":"Palawan","ADM2_PCODE":"PH17053","ADM1_EN":"Mimaropa Region","ADM1_PCODE":"PH17","ADM0_EN":"Philippines (the)","ADM0_PCODE":"PH","date":"2022-11-09","validOn":"2023-11-06","validTo":null,"Shape_Leng":0.518389183732,"Shape_Area":0.0108270833475,"AREA_SQKM":131.581752646,"psgc_id":"PH1705315004","psgc_code":"1705315004","psgc_name":"Bato-bato","psgc_status":"matched","match_confidence":1.0,"psgc_type":"barangay","match_method":"exact","sga_member":false},"geometry":{"type":"Polygon","coordinates":[[[118.28554787200005,9.273821897000062],[118.3019808460001,9.256559345000028],[118.30865223,9.233036491000064],[118.32439281000006,9.22676434400006],[118.32676993000007,9.219339861000037],[118.31055616600008,9.208786813000074],[118.31685788000004,9.181373927000038],[118.29559421500005,9.182588296000063],[118.25781781600006,9.168024278000075],[118.24871789400004,9.207301714000039],[118.2001743510001,9.313342370000044],[118.25544186200011,9.346867221000025],[118.28554787200005,9.273821897000062]]]}},{"type":"Feature","properties":{"ADM4_EN":"Burirao","ADM4_PCODE":"PH1705315005","ADM4_REF":null,"ADM3_EN":"Narra","ADM3_PCODE":"PH1705315","ADM2_EN":"Palawan","ADM2_PCODE":"PH17053","ADM1_EN":"Mimaropa Region","ADM1_PCODE":"PH17","ADM0_EN":"Philippines (the)","ADM0_PCODE":"PH","date":"2022-11-09","validOn":"2023-11-06","validTo":null,"Shape_Leng":0.219796817318,"Shape_Area":0.00184528710388,"AREA_SQKM":22.430541672,"psgc_id":"PH1705315005","psgc_code":"1705315005","psgc_name":"Burirao","psgc_status":"matched","match_confidence":1.0,"psgc_type":"barangay","match_method":"exact","sga_member":false},"geometry":{"type":"Polygon","coordinates":[[[118.11554765100004,9.207089112000062],[118.15482995800005,9.165911724000068],[118.15231402600011,9.142790350000041],[118.1365813970001,9.150634036000042],[118.08137653900008,9.20901041600007],[118.11554765100004,9.207089112000062]]]}},{"type":"Feature","properties":{"ADM4_EN":"Caguisan","ADM4_PCODE":"PH1705315006","ADM4_REF":null,"ADM3_EN":"Narra","ADM3_PCODE":"PH1705315","ADM2_EN":"Palawan","ADM2_PCODE":"PH17053","ADM1_EN":"Mimaropa Region","ADM1_PCODE":"PH17","ADM0_EN":"Philippines (the)","ADM0_PCODE":"PH","date":"2022-11-09","validOn":"2023-11-06","validTo":null,"Shape_Leng":0.287464629625,"Shape_Area":0.000942451498793,"AREA_SQKM":11.4547122809,"psgc_id":"PH1705315006","psgc_code":"1705315006","psgc_name":"Caguisan","psgc_status":"matched","match_confidence":1.0,"psgc_type":"barangay","match_method":"exact","sga_member":false},"geometry":{"type":"MultiPolygon","coordinates":[[[[118.37844769800006,9.205516209000052],[118.38258937100011,9.204674930000067],[118.38177318300006,9.201975535000031],[118.37844769800006,9.205516209000052]]],[[[118.38466490100006,9.219836108000038],[118.3862433700001,9.21914467800002],[118.38555306500007,9.218359730000032],[118.38466490100006,9.219836108000038]]],[[[118.38231439300012,9.225255670000024],[118.38176080100004,9.225272016000076],[118.38206125300007,9.225844136000035],[118.38231439300012,9.225255670000024]]],[[[118.38947953200011,9.227464532000056],[118.39145592300008,9.22853826000005],[118.39089837300003,9.22698097600005],[118.38947953200011,9.227464532000056]]],[[[118.39375629100005,9.238467609000054],[118.38580435800009,9.22842283700004],[118.38855488500008,9.224420939000026],[118.38175840000008,9.227025712000057],[118.37715324100009,9.221092420000048],[118.37944575900008,9.215764147000073],[118.36339842100006,9.21052377500007],[118.36470651600007,9.19658690600005],[118.35801854300007,9.19399000900006],[118.34205156000007,9.231328930000075],[118.35787567300008,9.238111897000067],[118.36358907800002,9.22905710300006],[118.39375629100005,9.238467609000054]]]]}},{"type":"Feature","properties":{"ADM4_EN":"Calategas","ADM4_PCODE":"PH1705315007","ADM4_REF":null,"ADM3_EN":"Narra","ADM3_PCODE":"PH1705315","ADM2_EN":"Palawan","ADM2_PCODE":"PH17053","ADM1_EN":"Mimaropa Region","ADM1_PCODE":"PH17","ADM0_EN":"Philippines (the)","ADM0_PCODE":"PH","date":"2022-11-09","validOn":"2023-11-06","validTo":null,"Shape_Leng":0.422647212887,"Shape_Area":0.00771647660446,"AREA_SQKM":93.7852815228,"psgc_id":"PH1705315007","psgc_code":"1705315007","psgc_name":"Calategas","psgc_status":"matched","match_confidence":1.0,"psgc_type":"barangay","match_method":"exact","sga_member":false},"geometry":{"type":"Polygon","coordinates":[[[118.2001743510001,9.313342370000044],[118.25656454400007,9.169829286000038],[118.22173945200007,9.15720323000005],[118.21459558700008,9.170169462000047],[118.20316057900004,9.163917791000074],[118.1898095360001,9.174967696000067],[118.16562072900001,9.29665149300007],[118.2001743510001,9.313342370000044]]]}},{"type":"Feature","properties":{"ADM4_EN":"Dumagueña","ADM4_PCODE":"PH1705315008","ADM4_REF":"Dumaguena","ADM3_EN":"Narra","ADM3_PCODE":"PH1705315","ADM2_EN":"Palawan","ADM2_PCODE":"PH17053","ADM1_EN":"Mimaropa Region","ADM1_PCODE":"PH17","ADM0_EN":"Philippines (the)","ADM0_PCODE":"PH","date":"2022-11-09","validOn":"2023-11-06","validTo":null,"Shape_Leng":0.160373932642,"Shape_Area":0.00124845551669,"AREA_SQKM":15.1656093255,"psgc_id":"PH1705315008","psgc_code":"1705315008","psgc_name":"Dumagueña","psgc_status":"matched","match_confidence":1.0,"psgc_type":"barangay","match_method":"exact","sga_member":false},"geometry":{"type":"Polygon","coordinates":[[[118.42314410200004,9.441752691000033],[118.42321773700007,9.43324278700004],[118.45048029600002,9.418269047000024],[118.43089534600006,9.38921343000004],[118.41053015500006,9.410103096000057],[118.40096175700012,9.434552564000057],[118.42314410200004,9.441752691000033]]]}},{"type":"Feature","properties":{"ADM4_EN":"Elvita","ADM4_PCODE":"PH1705315009","ADM4_REF":null,"ADM3_EN":"Narra","ADM3_PCODE":"PH1705315","ADM2_EN":"Palawan","ADM2_PCODE":"PH17053","ADM1_EN":"Mimaropa Region","ADM1_PCODE":"PH17","ADM0_EN":"Philippines (the)","ADM0_PCODE":"PH","date":"2022-11-09","validOn":"2023-11-06","validTo":null,"Shape_Leng":0.363879803876,"Shape_Area":0.00209383206696,"AREA_SQKM":25.4386816719,"psgc_id":"PH1705315009","psgc_code":"1705315009","psgc_name":"Elvita","psgc_status":"matched","match_confidence":1.0,"psgc_type":"barangay","match_method":"exact","sga_member":false},"geometry":{"type":"Polygon","coordinates":[[[118.39287057100012,9.346129020000035],[118.4450856740001,9.300053828000046],[118.4362968590001,9.294528674000048],[118.43200032400011,9.304718922000063],[118.4168264000001,9.305618244000073],[118.41721553200011,9.31395373600003],[118.327488087,9.406602902000031],[118.35425824300012,9.416786370000068],[118.39287057100012,9.346129020000035]]]}},{"type":"Feature","properties":{"ADM4_EN":"Estrella Village","ADM4_PCODE":"PH1705315010","ADM4_REF":null,"ADM3_EN":"Narra","ADM3_PCODE":"PH1705315","ADM2_EN":"Palawan","ADM2_PCODE":"PH17053","ADM1_EN":"Mimaropa Region","ADM1_PCODE":"PH17","ADM0_EN":"Philippines (the)","ADM0_PCODE":"PH","date":"2022-11-09","validOn":"2023-11-06","validTo":null,"Shape_Leng":0.271557545806,"Shape_Area":0.0026478455082,"AREA_SQKM":32.167827841,"psgc_id":"PH1705315010","psgc_code":"1705315010","psgc_name":"Estrella Village","psgc_status":"matched","match_confidence":1.0,"psgc_type":"barangay","match_method":"exact","sga_member":false},"geometry":{"type":"Polygon","coordinates":[[[118.41053015500006,9.410103096000057],[118.44053889000008,9.38480295100004],[118.44626223300008,9.34570969400005],[118.43890546000011,9.33850078000006],[118.39937095700009,9.357809618000033],[118.40443657100002,9.384943274000022],[118.37859744800005,9.426045096000053],[118.40096175700012,9.434552564000057],[118.41053015500006,9.410103096000057]]]}},{"type":"Feature","properties":{"ADM4_EN":"Ipilan","ADM4_PCODE":"PH1705315011","ADM4_REF":null,"ADM3_EN":"Narra","ADM3_PCODE":"PH1705315","ADM2_EN":"Palawan","ADM2_PCODE":"PH17053","ADM1_EN":"Mimaropa Region","ADM1_PCODE":"PH17","ADM0_EN":"Philippines (the)","ADM0_PCODE":"PH","date":"2022-11-09","validOn":"2023-11-06","validTo":null,"Shape_Leng":0.316662437244,"Shape_Area":0.00136137281753,"AREA_SQKM":16.5484320024,"psgc_id":"PH1705315011","psgc_code":"1705315011","psgc_name":"Ipilan","psgc_status":"matched","match_confidence":1.0,"psgc_type":"barangay","match_method":"exact","sga_member":false},"geometry":{"type":"MultiPolygon","coordinates":[[[[118.15896118700005,9.124691883000025],[118.16438921300005,9.124424926000074],[118.1635086550001,9.121109059000048],[118.15896118700005,9.124691883000025]]],[[[118.08137653900008,9.20901041600007],[118.15231402600011,9.142790350000041],[118.15396470900009,9.138076597000065],[118.14628302000006,9.135618403000024],[118.13752827100006,9.149496388000045],[118.09393088800005,9.166041220000068],[118.064496125,9.189005526000074],[118.08137653900008,9.20901041600007]]]]}},{"type":"Feature","properties":{"ADM4_EN":"Malatgao","ADM4_PCODE":"PH1705315012","ADM4_REF":null,"ADM3_EN":"Narra","ADM3_PCODE":"PH1705315","ADM2_EN":"Palawan","ADM2_PCODE":"PH17053","ADM1_EN":"Mimaropa Region","ADM1_PCODE":"PH17","ADM0_EN":"Philippines (the)","ADM0_PCODE":"PH","date":"2022-11-09","validOn":"2023-11-06","validTo":null,"Shape_Leng":0.182723503533,"Shape_Area":0.00129402889087,"AREA_SQKM":15.7235501778,"psgc_id":"PH1705315012","psgc_code":"1705315012","psgc_name":"Malatgao","psgc_status":"matched","match_confidence":1.0,"psgc_type":"barangay","match_method":"exact","sga_member":false},"geometry":{"type":"Polygon","coordinates":[[[118.44647197900008,9.34355540200005],[118.46433097800002,9.328451303000065],[118.48697884400008,9.32394314100003],[118.49646214900008,9.310244975000046],[118.48926935200006,9.294291243000032],[118.44569946500008,9.319522437000046],[118.43505255000002,9.333702474000063],[118.44647197900008,9.34355540200005]]]}},{"type":"Feature","properties":{"ADM4_EN":"Malinao","ADM4_PCODE":"PH1705315013","ADM4_REF":null,"ADM3_EN":"Narra","ADM3_PCODE":"PH1705315","ADM2_EN":"Palawan","ADM2_PCODE":"PH17053","ADM1_EN":"Mimaropa Region","ADM1_PCODE":"PH17","ADM0_EN":"Philippines (the)","ADM0_PCODE":"PH","date":"2022-11-09","validOn":"2023-11-06","validTo":null,"Shape_Leng":0.369159281472,"Shape_Area":0.00611212159657,"AREA_SQKM":74.2724142613,"psgc_id":"PH1705315013","psgc_code":"1705315013","psgc_name":"Malinao","psgc_status":"matched","match_confidence":1.0,"psgc_type":"barangay","match_method":"exact","sga_member":false},"geometry":{"type":"Polygon","coordinates":[[[118.37047018100009,9.309553969000035],[118.37663104800004,9.28320377800003],[118.40254243400011,9.244168655000067],[118.36358907800002,9.22905710300006],[118.34646496700009,9.244799013000033],[118.29763247500011,9.354008630000067],[118.33442911300006,9.364288387000045],[118.37047018100009,9.309553969000035]]]}},{"type":"Feature","properties":{"ADM4_EN":"Narra (Pob.)","ADM4_PCODE":"PH1705315014","ADM4_REF":null,"ADM3_EN":"Narra","ADM3_PCODE":"PH1705315","ADM2_EN":"Palawan","ADM2_PCODE":"PH17053","ADM1_EN":"Mimaropa Region","ADM1_PCODE":"PH17","ADM0_EN":"Philippines (the)","ADM0_PCODE":"PH","date":"2022-11-09","validOn":"2023-11-06","validTo":null,"Shape_Leng":0.387380483974,"Shape_Area":0.00426177036394,"AREA_SQKM":51.7827890329,"psgc_id":"PH1705315014","psgc_code":"1705315014","psgc_name":"Narra","psgc_status":"matched","match_confidence":1.0,"psgc_type":"barangay","match_method":"exact","sga_member":false},"geometry":{"type":"Polygon","coordinates":[[[118.32248001100004,9.40472875200004],[118.41721553200011,9.31395373600003],[118.39372454900001,9.298532069000032],[118.41493418100004,9.273602751000055],[118.39291567300006,9.258565383000075],[118.37047018100009,9.309553969000035],[118.33442911300006,9.364288387000045],[118.32248001100004,9.40472875200004]]]}},{"type":"Feature","properties":{"ADM4_EN":"Panacan","ADM4_PCODE":"PH1705315015","ADM4_REF":null,"ADM3_EN":"Narra","ADM3_PCODE":"PH1705315","ADM2_EN":"Palawan","ADM2_PCODE":"PH17053","ADM1_EN":"Mimaropa Region","ADM1_PCODE":"PH17","ADM0_EN":"Philippines (the)","ADM0_PCODE":"PH","date":"2022-11-09","validOn":"2023-11-06","validTo":null,"Shape_Leng":0.26847576967,"Shape_Area":0.000981376441594,"AREA_SQKM":11.9274785867,"psgc_id":"PH1705315015","psgc_code":"1705315015","psgc_name":"Panacan","psgc_status":"matched","match_confidence":1.0,"psgc_type":"barangay","match_method":"exact","sga_member":false},"geometry":{"type":"MultiPolygon","coordinates":[[[[118.44078088800006,9.248988835000034],[118.44070612400003,9.236935826000035],[118.45343250500002,9.23588806400005],[118.45667435200005,9.219435161000035],[118.42668282600005,9.207418245000042],[118.43244523100009,9.244747466000035],[118.44078088800006,9.248988835000034]]],[[[118.40357394400007,9.264884842000072],[118.41317541,9.250539600000025],[118.42163853700004,9.244955570000059],[118.40254243400011,9.244168655000067],[118.39291567300006,9.258565383000075],[118.40357394400007,9.264884842000072]]]]}},{"type":"Feature","properties":{"ADM4_EN":"Princess Urduja","ADM4_PCODE":"PH1705315016","ADM4_REF":null,"ADM3_EN":"Narra","ADM3_PCODE":"PH1705315","ADM2_EN":"Palawan","ADM2_PCODE":"PH17053","ADM1_EN":"Mimaropa Region","ADM1_PCODE":"PH17","ADM0_EN":"Philippines (the)","ADM0_PCODE":"PH","date":"2022-11-09","validOn":"2023-11-06","validTo":null,"Shape_Leng":0.370953686446,"Shape_Area":0.00554692311784,"AREA_SQKM":67.4054631786,"psgc_id":"PH1705315016","psgc_code":"1705315016","psgc_name":"Princess Urduja","psgc_status":"matched","match_confidence":1.0,"psgc_type":"barangay","match_method":"exact","sga_member":false},"geometry":{"type":"Polygon","coordinates":[[[118.29763247500011,9.354008630000067],[118.35298330100011,9.235052412000073],[118.32738515000005,9.21829000300005],[118.30865223,9.233036491000064],[118.3019808460001,9.256559345000028],[118.28554787200005,9.273821897000062],[118.25544186200011,9.346867221000025],[118.29763247500011,9.354008630000067]]]}},{"type":"Feature","properties":{"ADM4_EN":"Sandoval","ADM4_PCODE":"PH1705315017","ADM4_REF":null,"ADM3_EN":"Narra","ADM3_PCODE":"PH1705315","ADM2_EN":"Palawan","ADM2_PCODE":"PH17053","ADM1_EN":"Mimaropa Region","ADM1_PCODE":"PH17","ADM0_EN":"Philippines (the)","ADM0_PCODE":"PH","date":"2022-11-09","validOn":"2023-11-06","validTo":null,"Shape_Leng":0.112043423993,"Shape_Area":0.000728160032455,"AREA_SQKM":8.84706508058,"psgc_id":"PH1705315017","psgc_code":"1705315017","psgc_name":"Sandoval","psgc_status":"matched","match_confidence":1.0,"psgc_type":"barangay","match_method":"exact","sga_member":false},"geometry":{"type":"Polygon","coordinates":[[[118.46624433600005,9.363887350000027],[118.48442377200001,9.347738349000053],[118.46304122900005,9.329340117000072],[118.44546257600007,9.349164392000034],[118.46624433600005,9.363887350000027]]]}},{"type":"Feature","properties":{"ADM4_EN":"Tacras","ADM4_PCODE":"PH1705315018","ADM4_REF":null,"ADM3_EN":"Narra","ADM3_PCODE":"PH1705315","ADM2_EN":"Palawan","ADM2_PCODE":"PH17053","ADM1_EN":"Mimaropa Region","ADM1_PCODE":"PH17","ADM0_EN":"Philippines (the)","ADM0_PCODE":"PH","date":"2022-11-09","validOn":"2023-11-06","validTo":null,"Shape_Leng":0.28576437226,"Shape_Area":0.00272186098695,"AREA_SQKM":33.0833439005,"psgc_id":"PH1705315018","psgc_code":"1705315018","psgc_name":"Tacras","psgc_status":"matched","match_confidence":1.0,"psgc_type":"barangay","match_method":"exact","sga_member":false},"geometry":{"type":"Polygon","coordinates":[[[118.1345536770001,9.263212372000055],[118.17529151400004,9.15486065500005],[118.15842607000002,9.146830444000045],[118.15482995800005,9.165911724000068],[118.11554765100004,9.207089112000062],[118.12040872300008,9.25183015400006],[118.1345536770001,9.263212372000055]]]}},{"type":"Feature","properties":{"ADM4_EN":"Taritien","ADM4_PCODE":"PH1705315019","ADM4_REF":null,"ADM3_EN":"Narra","ADM3_PCODE":"PH1705315","ADM2_EN":"Palawan","ADM2_PCODE":"PH17053","ADM1_EN":"Mimaropa Region","ADM1_PCODE":"PH17","ADM0_EN":"Philippines (the)","ADM0_PCODE":"PH","date":"2022-11-09","validOn":"2023-11-06","validTo":null,"Shape_Leng":0.406813564493,"Shape_Area":0.00339870784514,"AREA_SQKM":41.2923623392,"psgc_id":"PH1705315019","psgc_code":"1705315019","psgc_name":"Taritien","psgc_status":"matched","match_confidence":1.0,"psgc_type":"barangay","match_method":"exact","sga_member":false},"geometry":{"type":"Polygon","coordinates":[[[118.40443657100002,9.384943274000022],[118.39937095700009,9.357809618000033],[118.42384502000004,9.351376050000056],[118.43890546000011,9.33850078000006],[118.43505255000002,9.333702474000063],[118.44569946500008,9.319522437000046],[118.47379528200008,9.306510725000066],[118.47534051000002,9.301314471000069],[118.45232470300004,9.291475799000068],[118.39287057100012,9.346129020000035],[118.35425824300012,9.416786370000068],[118.37859744800005,9.426045096000053],[118.40443657100002,9.384943274000022]]]}},{"type":"Feature","properties":{"ADM4_EN":"Teresa","ADM4_PCODE":"PH1705315020","ADM4_REF":null,"ADM3_EN":"Narra","ADM3_PCODE":"PH1705315","ADM2_EN":"Palawan","ADM2_PCODE":"PH17053","ADM1_EN":"Mimaropa Region","ADM1_PCODE":"PH17","ADM0_EN":"Philippines (the)","ADM0_PCODE":"PH","date":"2022-11-09","validOn":"2023-11-06","validTo":null,"Shape_Leng":0.136918759383,"Shape_Area":0.000669388794255,"AREA_SQKM":8.13642168454,"psgc_id":"PH1705315020","psgc_code":"1705315020","psgc_name":"Teresa","psgc_status":"matched","match_confidence":1.0,"psgc_type":"barangay","match_method":"exact","sga_member":false},"geometry":{"type":"Polygon","coordinates":[[[118.32676993000007,9.219339861000037],[118.33239497300008,9.187205117000076],[118.32861763000005,9.173590132000072],[118.31472905500004,9.178674404000049],[118.30960998900002,9.191325814000038],[118.31055616600008,9.208786813000074],[118.32676993000007,9.219339861000037]]]}},{"type":"Feature","properties":{"ADM4_EN":"Tinagong Dagat","ADM4_PCODE":"PH1705315021","ADM4_REF":null,"ADM3_EN":"Narra","ADM3_PCODE":"PH1705315","ADM2_EN":"Palawan","ADM2_PCODE":"PH17053","ADM1_EN":"Mimaropa Region","ADM1_PCODE":"PH17","ADM0_EN":"Philippines (the)","ADM0_PCODE":"PH","date":"2022-11-09","validOn":"2023-11-06","validTo":null,"Shape_Leng":0.108836649379,"Shape_Area":0.000397421673988,"AREA_SQKM":4.82890984817,"psgc_id":"PH1705315021","psgc_code":"1705315021","psgc_name":"Tinagong Dagat","psgc_status":"matched","match_confidence":1.0,"psgc_type":"barangay","match_method":"exact","sga_member":false},"geometry":{"type":"Polygon","coordinates":[[[118.480796,9.337773],[118.500697381,9.323052730000029],[118.49700060300006,9.310530290000031],[118.48343901500004,9.327359389000037],[118.46304122900005,9.329340117000072],[118.480796,9.337773]]]}},{"type":"Feature","properties":{"ADM4_EN":"Bagong Sikat","ADM4_PCODE":"PH1705315022","ADM4_REF":null,"ADM3_EN":"Narra","ADM3_PCODE":"PH1705315","ADM2_EN":"Palawan","ADM2_PCODE":"PH17053","ADM1_EN":"Mimaropa Region","ADM1_PCODE":"PH17","ADM0_EN":"Philippines (the)","ADM0_PCODE":"PH","date":"2022-11-09","validOn":"2023-11-06","validTo":null,"Shape_Leng":0.130282017236,"Shape_Area":0.000639540222239,"AREA_SQKM":7.76978908082,"psgc_id":"PH1705315022","psgc_code":"1705315022","psgc_name":"Bagong Sikat","psgc_status":"matched","match_confidence":1.0,"psgc_type":"barangay","match_method":"exact","sga_member":false},"geometry":{"type":"Polygon","coordinates":[[[118.43185668000001,9.396436058000063],[118.456722,9.381254],[118.46274208000011,9.36628335000006],[118.44546257600007,9.349164392000034],[118.44053889000008,9.38480295100004],[118.43089534600006,9.38921343000004],[118.43185668000001,9.396436058000063]]]}},{"type":"Feature","properties":{"ADM4_EN":"Panacan 2","ADM4_PCODE":"PH1705315023","ADM4_REF":null,"ADM3_EN":"Narra","ADM3_PCODE":"PH1705315","ADM2_EN":"Palawan","ADM2_PCODE":"PH17053","ADM1_EN":"Mimaropa Region","ADM1_PCODE":"PH17","ADM0_EN":"Philippines (the)","ADM0_PCODE":"PH","date":"2022-11-09","validOn":"2023-11-06","validTo":null,"Shape_Leng":0.0789924676751,"Shape_Area":0.000299178525765,"AREA_SQKM":3.63587325105,"psgc_id":"PH1705315023","psgc_code":"1705315023","psgc_name":"Panacan 2","psgc_status":"matched","match_confidence":1.0,"psgc_type":"barangay","match_method":"exact","sga_member":false},"geometry":{"type":"Polygon","coordinates":[[[118.41714062200003,9.272091458000034],[118.42291310700011,9.265574080000022],[118.42076596000004,9.245700666000062],[118.40665720400011,9.252031118000048],[118.40357394400007,9.264884842000072],[118.41714062200003,9.272091458000034]]]}},{"type":"Feature","properties":{"ADM4_EN":"Babuyan","ADM4_PCODE":"PH1705316001","ADM4_REF":null,"ADM3_EN":"Puerto Princesa City (Capital)","ADM3_PCODE":"PH1705316","ADM2_EN":"Palawan","ADM2_PCODE":"PH17053","ADM1_EN":"Mimaropa Region","ADM1_PCODE":"PH17","ADM0_EN":"Philippines (the)","ADM0_PCODE":"PH","date":"2022-11-09","validOn":"2023-11-06","validTo":null,"Shape_Leng":0.351533855788,"Shape_Area":0.00151117428034,"AREA_SQKM":18.3261328684,"psgc_id":"PH1731500001","psgc_code":"1731500001","psgc_name":"Babuyan","psgc_status":"fuzzy","match_confidence":1.0,"psgc_type":"barangay","match_method":"fuzzy","sga_member":false},"geometry":{"type":"MultiPolygon","coordinates":[[[[118.92196739200006,9.940244060000055],[118.93238642400001,9.933760454000037],[118.92403506100004,9.925774432000026],[118.91659302500011,9.933018850000053],[118.92196739200006,9.940244060000055]]],[[[118.90852760300004,10.075271723000071],[118.93402195500005,9.987086573000056],[118.93883066,9.97936425000006],[118.93887997000002,9.978130728000053],[118.8999007650001,9.974691517000053],[118.89499569500003,9.980238754000027],[118.90452338700004,9.984747955000046],[118.90228523300004,9.995972313000038],[118.91015452800002,9.996706923000033],[118.90852760300004,10.075271723000071]]]]}},{"type":"Feature","properties":{"ADM4_EN":"Bacungan","ADM4_PCODE":"PH1705316002","ADM4_REF":null,"ADM3_EN":"Puerto Princesa City (Capital)","ADM3_PCODE":"PH1705316","ADM2_EN":"Palawan","ADM2_PCODE":"PH17053","ADM1_EN":"Mimaropa Region","ADM1_PCODE":"PH17","ADM0_EN":"Philippines (the)","ADM0_PCODE":"PH","date":"2022-11-09","validOn":"2023-11-06","validTo":null,"Shape_Leng":0.813685468917,"Shape_Area":0.0144811196117,"AREA_SQKM":175.665500902,"psgc_id":"PH1731500002","psgc_code":"1731500002","psgc_name":"Bacungan","psgc_status":"fuzzy","match_confidence":1.0,"psgc_type":"barangay","match_method":"fuzzy","sga_member":false},"geometry":{"type":"Polygon","coordinates":[[[118.64548957700003,9.99867888700004],[118.72639955900001,9.945157237000046],[118.73199053700012,9.929167569000072],[118.75161075500012,9.922571018000042],[118.74104379200003,9.896529302000033],[118.7451350770001,9.88899155200005],[118.72908395600007,9.864166604000047],[118.67338075200007,9.870921053000075],[118.63613218100011,9.811281313000052],[118.56838882600005,9.845807662000027],[118.60676401500007,9.872587958000054],[118.61463047100005,9.891824276000023],[118.60495169,9.914897117000066],[118.61925093500008,9.915818212000033],[118.64572518700004,9.936170588000039],[118.64291529600007,9.95932483100006],[118.66340190000005,9.975950969000053],[118.64548957700003,9.99867888700004]]]}},{"type":"Feature","properties":{"ADM4_EN":"Bagong Bayan","ADM4_PCODE":"PH1705316003","ADM4_REF":null,"ADM3_EN":"Puerto Princesa City (Capital)","ADM3_PCODE":"PH1705316","ADM2_EN":"Palawan","ADM2_PCODE":"PH17053","ADM1_EN":"Mimaropa Region","ADM1_PCODE":"PH17","ADM0_EN":"Philippines (the)","ADM0_PCODE":"PH","date":"2022-11-09","validOn":"2023-11-06","validTo":null,"Shape_Leng":0.330011736376,"Shape_Area":0.00550914575518,"AREA_SQKM":66.8609409448,"psgc_id":"PH1731500003","psgc_code":"1731500003","psgc_name":"Bagong Bayan","psgc_status":"fuzzy","match_confidence":1.0,"psgc_type":"barangay","match_method":"fuzzy","sga_member":false},"geometry":{"type":"Polygon","coordinates":[[[118.52810103600007,9.782819072000052],[118.59293778900008,9.755327015000034],[118.562585,9.684359],[118.48870911100005,9.741258336000044],[118.52810103600007,9.782819072000052]]]}},{"type":"Feature","properties":{"ADM4_EN":"Bagong Pag-Asa (Pob.)","ADM4_PCODE":"PH1705316004","ADM4_REF":null,"ADM3_EN":"Puerto Princesa City (Capital)","ADM3_PCODE":"PH1705316","ADM2_EN":"Palawan","ADM2_PCODE":"PH17053","ADM1_EN":"Mimaropa Region","ADM1_PCODE":"PH17","ADM0_EN":"Philippines (the)","ADM0_PCODE":"PH","date":"2022-11-09","validOn":"2023-11-06","validTo":null,"Shape_Leng":0.0210269975418,"Shape_Area":8.65533257902e-06,"AREA_SQKM":0.105042723309,"psgc_id":"PH1731500004","psgc_code":"1731500004","psgc_name":"Bagong Pag-Asa","psgc_status":"fuzzy","match_confidence":1.0,"psgc_type":"barangay","match_method":"fuzzy","sga_member":false},"geometry":{"type":"Polygon","coordinates":[[[118.72626706000005,9.74170846000004],[118.73247877000006,9.744235770000046],[118.73214408000001,9.74251614000002],[118.72626706000005,9.74170846000004]]]}},{"type":"Feature","properties":{"ADM4_EN":"Bagong Sikat (Pob.)","ADM4_PCODE":"PH1705316005","ADM4_REF":null,"ADM3_EN":"Puerto Princesa City (Capital)","ADM3_PCODE":"PH1705316","ADM2_EN":"Palawan","ADM2_PCODE":"PH17053","ADM1_EN":"Mimaropa Region","ADM1_PCODE":"PH17","ADM0_EN":"Philippines (the)","ADM0_PCODE":"PH","date":"2022-11-09","validOn":"2023-11-06","validTo":null,"Shape_Leng":0.0531028905585,"Shape_Area":7.09379482597e-05,"AREA_SQKM":0.860946423934,"psgc_id":"PH1731500005","psgc_code":"1731500005","psgc_name":"Bagong Sikat","psgc_status":"fuzzy","match_confidence":1.0,"psgc_type":"barangay","match_method":"fuzzy","sga_member":false},"geometry":{"type":"Polygon","coordinates":[[[118.74090596300005,9.72900640100005],[118.75159920300007,9.734444293000024],[118.75439886800007,9.72803626600006],[118.74090596300005,9.72900640100005]]]}},{"type":"Feature","properties":{"ADM4_EN":"Bagong Silang (Pob.)","ADM4_PCODE":"PH1705316006","ADM4_REF":null,"ADM3_EN":"Puerto Princesa City (Capital)","ADM3_PCODE":"PH1705316","ADM2_EN":"Palawan","ADM2_PCODE":"PH17053","ADM1_EN":"Mimaropa Region","ADM1_PCODE":"PH17","ADM0_EN":"Philippines (the)","ADM0_PCODE":"PH","date":"2022-11-09","validOn":"2023-11-06","validTo":null,"Shape_Leng":0.0337531895698,"Shape_Area":1.4450012633e-05,"AREA_SQKM":0.175373291577,"psgc_id":"PH1731500006","psgc_code":"1731500006","psgc_name":"Bagong Silang","psgc_status":"fuzzy","match_confidence":1.0,"psgc_type":"barangay","match_method":"fuzzy","sga_member":false},"geometry":{"type":"Polygon","coordinates":[[[118.73143202500012,9.73165571100003],[118.73611996900001,9.732816039000056],[118.73371862200008,9.72959645800006],[118.73143202500012,9.73165571100003]]]}},{"type":"Feature","properties":{"ADM4_EN":"Bahile","ADM4_PCODE":"PH1705316008","ADM4_REF":null,"ADM3_EN":"Puerto Princesa City (Capital)","ADM3_PCODE":"PH1705316","ADM2_EN":"Palawan","ADM2_PCODE":"PH17053","ADM1_EN":"Mimaropa Region","ADM1_PCODE":"PH17","ADM0_EN":"Philippines (the)","ADM0_PCODE":"PH","date":"2022-11-09","validOn":"2023-11-06","validTo":null,"Shape_Leng":1.04176975271,"Shape_Area":0.00895094079064,"AREA_SQKM":108.539838101,"psgc_id":"PH1731500008","psgc_code":"1731500008","psgc_name":"Bahile","psgc_status":"fuzzy","match_confidence":1.0,"psgc_type":"barangay","match_method":"fuzzy","sga_member":false},"geometry":{"type":"MultiPolygon","coordinates":[[[[118.78868329500006,10.024187742000038],[118.78973403500004,10.023298219000026],[118.78878855800008,10.02249749200007],[118.78868329500006,10.024187742000038]]],[[[118.78323281300004,10.096590050000032],[118.78206688900002,10.073419139000066],[118.781190175,10.072244549000061],[118.78029521300004,10.080662921000055],[118.78323281300004,10.096590050000032]]],[[[118.76298429200006,10.131173959000023],[118.77159552100011,10.116164560000072],[118.76353117500003,10.116703765000068],[118.77160416000004,10.102864949000036],[118.77012159200001,10.094255029000067],[118.76366959300003,10.095916084000066],[118.77350894300002,10.085787789000051],[118.77362435300006,10.069974904000048],[118.7412531220001,10.075799453000059],[118.75215400500008,10.06484019000004],[118.77522694200002,10.059876024000062],[118.7759627260001,10.046739997000032],[118.76915763200009,10.044116056000064],[118.77451988400003,10.024443830000052],[118.78840852300004,10.02285316800004],[118.80142845400007,9.987650161000033],[118.76386263800009,9.979232424000031],[118.7147739290001,9.995874767000032],[118.7050529600001,9.95895857000005],[118.64463336100005,10.00298110700004],[118.66016499600005,9.998312178000049],[118.6683585720001,10.009979240000064],[118.69299036100006,10.019339074000072],[118.6936371590001,10.031807988000025],[118.70394745700003,10.038407500000062],[118.72295335600006,10.035735972000055],[118.7265823240001,10.07053111600004],[118.74581273900003,10.083539827000038],[118.74643857800004,10.107016702000067],[118.76298429200006,10.131173959000023]]]]}},{"type":"Feature","properties":{"ADM4_EN":"Bancao-bancao","ADM4_PCODE":"PH1705316009","ADM4_REF":null,"ADM3_EN":"Puerto Princesa City (Capital)","ADM3_PCODE":"PH1705316","ADM2_EN":"Palawan","ADM2_PCODE":"PH17053","ADM1_EN":"Mimaropa Region","ADM1_PCODE":"PH17","ADM0_EN":"Philippines (the)","ADM0_PCODE":"PH","date":"2022-11-09","validOn":"2023-11-06","validTo":null,"Shape_Leng":0.120596040715,"Shape_Area":0.00034921760741,"AREA_SQKM":4.23829320539,"psgc_id":"PH1731500009","psgc_code":"1731500009","psgc_name":"Bancao-bancao","psgc_status":"fuzzy","match_confidence":1.0,"psgc_type":"barangay","match_method":"fuzzy","sga_member":false},"geometry":{"type":"Polygon","coordinates":[[[118.74483813600011,9.737816681000027],[118.77231900700008,9.740679252000064],[118.76887049200002,9.72155927800003],[118.74483813600011,9.737816681000027]]]}},{"type":"Feature","properties":{"ADM4_EN":"Binduyan","ADM4_PCODE":"PH1705316010","ADM4_REF":null,"ADM3_EN":"Puerto Princesa City (Capital)","ADM3_PCODE":"PH1705316","ADM2_EN":"Palawan","ADM2_PCODE":"PH17053","ADM1_EN":"Mimaropa Region","ADM1_PCODE":"PH17","ADM0_EN":"Philippines (the)","ADM0_PCODE":"PH","date":"2022-11-09","validOn":"2023-11-06","validTo":null,"Shape_Leng":0.439772317391,"Shape_Area":0.00682852683475,"AREA_SQKM":82.7915184682,"psgc_id":"PH1731500010","psgc_code":"1731500010","psgc_name":"Binduyan","psgc_status":"fuzzy","match_confidence":1.0,"psgc_type":"barangay","match_method":"fuzzy","sga_member":false},"geometry":{"type":"Polygon","coordinates":[[[119.07832959500001,10.128726320000055],[119.11094821000006,10.022608606000063],[119.03472505200011,10.005030231000035],[119.05228753000006,10.078609573000051],[118.99466351300009,10.124085639000043],[119.07832959500001,10.128726320000055]]]}},{"type":"Feature","properties":{"ADM4_EN":"Buenavista","ADM4_PCODE":"PH1705316011","ADM4_REF":null,"ADM3_EN":"Puerto Princesa City (Capital)","ADM3_PCODE":"PH1705316","ADM2_EN":"Palawan","ADM2_PCODE":"PH17053","ADM1_EN":"Mimaropa Region","ADM1_PCODE":"PH17","ADM0_EN":"Philippines (the)","ADM0_PCODE":"PH","date":"2022-11-09","validOn":"2023-11-06","validTo":null,"Shape_Leng":0.340487904252,"Shape_Area":0.00353874818912,"AREA_SQKM":42.9075074198,"psgc_id":"PH1731500011","psgc_code":"1731500011","psgc_name":"Buenavista","psgc_status":"fuzzy","match_confidence":1.0,"psgc_type":"barangay","match_method":"fuzzy","sga_member":false},"geometry":{"type":"Polygon","coordinates":[[[118.83973192700012,10.104470444000071],[118.84196746000009,10.079864780000037],[118.85759654500009,10.071224007000069],[118.87603088800006,10.03085728900004],[118.85597814300002,10.022383135000041],[118.85153888100001,10.011358173000076],[118.82763865900006,10.02794410000007],[118.8112160180001,10.026708625000026],[118.8064641200001,10.05182325000004],[118.80998084100008,10.070068369000069],[118.82660499800011,10.089660761000061],[118.82314884800007,10.094734651000067],[118.83973192700012,10.104470444000071]]]}},{"type":"Feature","properties":{"ADM4_EN":"Cabayugan","ADM4_PCODE":"PH1705316012","ADM4_REF":null,"ADM3_EN":"Puerto Princesa City (Capital)","ADM3_PCODE":"PH1705316","ADM2_EN":"Palawan","ADM2_PCODE":"PH17053","ADM1_EN":"Mimaropa Region","ADM1_PCODE":"PH17","ADM0_EN":"Philippines (the)","ADM0_PCODE":"PH","date":"2022-11-09","validOn":"2023-11-06","validTo":null,"Shape_Leng":0.589434298238,"Shape_Area":0.00983968485659,"AREA_SQKM":119.268210547,"psgc_id":"PH1731500012","psgc_code":"1731500012","psgc_name":"Cabayugan","psgc_status":"fuzzy","match_confidence":1.0,"psgc_type":"barangay","match_method":"fuzzy","sga_member":false},"geometry":{"type":"Polygon","coordinates":[[[118.87251360200003,10.210227061000069],[118.89495927900009,10.196336605000056],[118.9347731250001,10.205224832000056],[118.93464834600002,10.175587834000055],[118.89857043400002,10.115291651000064],[118.858877344,10.10893492200006],[118.8562923820001,10.121829388000037],[118.84016000300005,10.104927153000062],[118.81022310600008,10.111396713000033],[118.80481001300006,10.121178505000046],[118.81343952300006,10.13272293600005],[118.81260922900003,10.163062445000037],[118.80521541900009,10.170366608000052],[118.80576419300007,10.192237022000029],[118.8185837850001,10.197530146000076],[118.8397031510001,10.187603994000028],[118.84973877800007,10.202963286000056],[118.87251360200003,10.210227061000069]]]}},{"type":"Feature","properties":{"ADM4_EN":"Concepcion","ADM4_PCODE":"PH1705316013","ADM4_REF":null,"ADM3_EN":"Puerto Princesa City (Capital)","ADM3_PCODE":"PH1705316","ADM2_EN":"Palawan","ADM2_PCODE":"PH17053","ADM1_EN":"Mimaropa Region","ADM1_PCODE":"PH17","ADM0_EN":"Philippines (the)","ADM0_PCODE":"PH","date":"2022-11-09","validOn":"2023-11-06","validTo":null,"Shape_Leng":0.331429757256,"Shape_Area":0.00539576106174,"AREA_SQKM":65.4236148812,"psgc_id":"PH1731500013","psgc_code":"1731500013","psgc_name":"Concepcion","psgc_status":"fuzzy","match_confidence":1.0,"psgc_type":"barangay","match_method":"fuzzy","sga_member":false},"geometry":{"type":"Polygon","coordinates":[[[119.05228753000006,10.078609573000051],[119.03448150300005,10.005156431000046],[119.01680182100006,9.995589473000052],[118.99250547500003,9.99506712300007],[118.99466351300009,10.124085639000043],[119.05228753000006,10.078609573000051]]]}},{"type":"Feature","properties":{"ADM4_EN":"Inagawan","ADM4_PCODE":"PH1705316014","ADM4_REF":null,"ADM3_EN":"Puerto Princesa City (Capital)","ADM3_PCODE":"PH1705316","ADM2_EN":"Palawan","ADM2_PCODE":"PH17053","ADM1_EN":"Mimaropa Region","ADM1_PCODE":"PH17","ADM0_EN":"Philippines (the)","ADM0_PCODE":"PH","date":"2022-11-09","validOn":"2023-11-06","validTo":null,"Shape_Leng":0.112793905799,"Shape_Area":0.000605596796002,"AREA_SQKM":7.35378002759,"psgc_id":"PH1731500014","psgc_code":"1731500014","psgc_name":"Inagawan","psgc_status":"fuzzy","match_confidence":1.0,"psgc_type":"barangay","match_method":"fuzzy","sga_member":false},"geometry":{"type":"Polygon","coordinates":[[[118.64655143800007,9.562726381000061],[118.66159597600006,9.560233028000027],[118.64976930700004,9.533301129000051],[118.63025777400003,9.533631599000046],[118.62591696100003,9.540531786000031],[118.64655143800007,9.562726381000061]]]}},{"type":"Feature","properties":{"ADM4_EN":"Irawan","ADM4_PCODE":"PH1705316015","ADM4_REF":null,"ADM3_EN":"Puerto Princesa City (Capital)","ADM3_PCODE":"PH1705316","ADM2_EN":"Palawan","ADM2_PCODE":"PH17053","ADM1_EN":"Mimaropa Region","ADM1_PCODE":"PH17","ADM0_EN":"Philippines (the)","ADM0_PCODE":"PH","date":"2022-11-09","validOn":"2023-11-06","validTo":null,"Shape_Leng":0.300702996911,"Shape_Area":0.00373642054157,"AREA_SQKM":45.3359595752,"psgc_id":"PH1731500015","psgc_code":"1731500015","psgc_name":"Irawan","psgc_status":"fuzzy","match_confidence":1.0,"psgc_type":"barangay","match_method":"fuzzy","sga_member":false},"geometry":{"type":"Polygon","coordinates":[[[118.69189570300011,9.83943251900007],[118.70236583400003,9.837304447000065],[118.7098709390001,9.818847099000038],[118.70786529400004,9.794517565000035],[118.69206843000006,9.769917002000057],[118.67387707600005,9.776871219000043],[118.67383751700004,9.792065884000067],[118.65198777600006,9.80923223600007],[118.63613218100011,9.811281313000052],[118.67338075200007,9.870921053000075],[118.69189570300011,9.83943251900007]]]}},{"type":"Feature","properties":{"ADM4_EN":"Iwahig (Pob.)","ADM4_PCODE":"PH1705316016","ADM4_REF":null,"ADM3_EN":"Puerto Princesa City (Capital)","ADM3_PCODE":"PH1705316","ADM2_EN":"Palawan","ADM2_PCODE":"PH17053","ADM1_EN":"Mimaropa Region","ADM1_PCODE":"PH17","ADM0_EN":"Philippines (the)","ADM0_PCODE":"PH","date":"2022-11-09","validOn":"2023-11-06","validTo":null,"Shape_Leng":0.319351012741,"Shape_Area":0.00394910419248,"AREA_SQKM":47.9243385487,"psgc_id":"PH1731500016","psgc_code":"1731500016","psgc_name":"Iwahig","psgc_status":"fuzzy","match_confidence":1.0,"psgc_type":"barangay","match_method":"fuzzy","sga_member":false},"geometry":{"type":"Polygon","coordinates":[[[118.65113153300001,9.809702022000067],[118.67615760000001,9.78747519500007],[118.67387707600005,9.776871219000043],[118.69154192600001,9.769935848000046],[118.70005905700009,9.732558389000076],[118.68424593800012,9.733267044000058],[118.6561692350001,9.707897494000065],[118.65833527100006,9.719694738000044],[118.62776782700007,9.770714674000033],[118.63613218100011,9.811281313000052],[118.65113153300001,9.809702022000067]]]}},{"type":"Feature","properties":{"ADM4_EN":"Kalipay (Pob.)","ADM4_PCODE":"PH1705316017","ADM4_REF":null,"ADM3_EN":"Puerto Princesa City (Capital)","ADM3_PCODE":"PH1705316","ADM2_EN":"Palawan","ADM2_PCODE":"PH17053","ADM1_EN":"Mimaropa Region","ADM1_PCODE":"PH17","ADM0_EN":"Philippines (the)","ADM0_PCODE":"PH","date":"2022-11-09","validOn":"2023-11-06","validTo":null,"Shape_Leng":0.00868640032187,"Shape_Area":4.51726386878e-06,"AREA_SQKM":0.0548230291118,"psgc_id":"PH1731500017","psgc_code":"1731500017","psgc_name":"Kalipay","psgc_status":"fuzzy","match_confidence":1.0,"psgc_type":"barangay","match_method":"fuzzy","sga_member":false},"geometry":{"type":"Polygon","coordinates":[[[118.73068585800002,9.73856433800006],[118.73257672700004,9.73716065700006],[118.73246687000005,9.737163290000069],[118.73068585800002,9.73856433800006]]]}},{"type":"Feature","properties":{"ADM4_EN":"Kamuning","ADM4_PCODE":"PH1705316018","ADM4_REF":null,"ADM3_EN":"Puerto Princesa City (Capital)","ADM3_PCODE":"PH1705316","ADM2_EN":"Palawan","ADM2_PCODE":"PH17053","ADM1_EN":"Mimaropa Region","ADM1_PCODE":"PH17","ADM0_EN":"Philippines (the)","ADM0_PCODE":"PH","date":"2022-11-09","validOn":"2023-11-06","validTo":null,"Shape_Leng":0.212103045492,"Shape_Area":0.00126707468959,"AREA_SQKM":15.3874720866,"psgc_id":"PH1731500018","psgc_code":"1731500018","psgc_name":"Kamuning","psgc_status":"fuzzy","match_confidence":1.0,"psgc_type":"barangay","match_method":"fuzzy","sga_member":false},"geometry":{"type":"Polygon","coordinates":[[[118.62668458200005,9.539864213000044],[118.63250431900008,9.532843529000047],[118.64988685000003,9.533608940000022],[118.63784217800003,9.50476906800003],[118.62255141800006,9.50784150000004],[118.62267345200007,9.489538854000045],[118.59591059000002,9.51077179500004],[118.62668458200005,9.539864213000044]]]}},{"type":"Feature","properties":{"ADM4_EN":"Langogan","ADM4_PCODE":"PH1705316019","ADM4_REF":null,"ADM3_EN":"Puerto Princesa City (Capital)","ADM3_PCODE":"PH1705316","ADM2_EN":"Palawan","ADM2_PCODE":"PH17053","ADM1_EN":"Mimaropa Region","ADM1_PCODE":"PH17","ADM0_EN":"Philippines (the)","ADM0_PCODE":"PH","date":"2022-11-09","validOn":"2023-11-06","validTo":null,"Shape_Leng":0.610618527873,"Shape_Area":0.0142452122979,"AREA_SQKM":172.682041205,"psgc_id":"PH1731500019","psgc_code":"1731500019","psgc_name":"Langogan","psgc_status":"fuzzy","match_confidence":1.0,"psgc_type":"barangay","match_method":"fuzzy","sga_member":false},"geometry":{"type":"Polygon","coordinates":[[[119.0613520280001,10.232227755000054],[119.15858181400006,10.120522504000064],[119.13602358600008,10.025189849000071],[119.11053638700002,10.022745111000063],[119.07832959500001,10.128726320000055],[118.99466351300009,10.124085639000043],[119.03265021200002,10.199919974000068],[119.0613520280001,10.232227755000054]]]}},{"type":"Feature","properties":{"ADM4_EN":"Liwanag (Pob.)","ADM4_PCODE":"PH1705316020","ADM4_REF":null,"ADM3_EN":"Puerto Princesa City (Capital)","ADM3_PCODE":"PH1705316","ADM2_EN":"Palawan","ADM2_PCODE":"PH17053","ADM1_EN":"Mimaropa Region","ADM1_PCODE":"PH17","ADM0_EN":"Philippines (the)","ADM0_PCODE":"PH","date":"2022-11-09","validOn":"2023-11-06","validTo":null,"Shape_Leng":0.0110077725251,"Shape_Area":4.92522513459e-06,"AREA_SQKM":0.0597738879777,"psgc_id":"PH1731500020","psgc_code":"1731500020","psgc_name":"Liwanag","psgc_status":"fuzzy","match_confidence":1.0,"psgc_type":"barangay","match_method":"fuzzy","sga_member":false},"geometry":{"type":"Polygon","coordinates":[[[118.72755438500008,9.74039185600003],[118.72999848000006,9.740110110000046],[118.72915901200008,9.739022653000063],[118.72755438500008,9.74039185600003]]]}},{"type":"Feature","properties":{"ADM4_EN":"Lucbuan","ADM4_PCODE":"PH1705316021","ADM4_REF":null,"ADM3_EN":"Puerto Princesa City (Capital)","ADM3_PCODE":"PH1705316","ADM2_EN":"Palawan","ADM2_PCODE":"PH17053","ADM1_EN":"Mimaropa Region","ADM1_PCODE":"PH17","ADM0_EN":"Philippines (the)","ADM0_PCODE":"PH","date":"2022-11-09","validOn":"2023-11-06","validTo":null,"Shape_Leng":0.270517498081,"Shape_Area":0.00184263413844,"AREA_SQKM":22.3450904408,"psgc_id":"PH1731500021","psgc_code":"1731500021","psgc_name":"Lucbuan","psgc_status":"fuzzy","match_confidence":1.0,"psgc_type":"barangay","match_method":"fuzzy","sga_member":false},"geometry":{"type":"Polygon","coordinates":[[[118.89540739800009,10.044741183000042],[118.89409590800005,10.00670916000007],[118.88585776700006,10.007664727000076],[118.90452338700004,9.984747955000046],[118.8689026940001,9.977760500000045],[118.84782425100002,10.011394866000046],[118.89540739800009,10.044741183000042]]]}},{"type":"Feature","properties":{"ADM4_EN":"Mabuhay (Pob.)","ADM4_PCODE":"PH1705316022","ADM4_REF":null,"ADM3_EN":"Puerto Princesa City (Capital)","ADM3_PCODE":"PH1705316","ADM2_EN":"Palawan","ADM2_PCODE":"PH17053","ADM1_EN":"Mimaropa Region","ADM1_PCODE":"PH17","ADM0_EN":"Philippines (the)","ADM0_PCODE":"PH","date":"2022-11-09","validOn":"2023-11-06","validTo":null,"Shape_Leng":0.00915248838015,"Shape_Area":3.15379942941e-06,"AREA_SQKM":0.0382755663884,"psgc_id":"PH1731500022","psgc_code":"1731500022","psgc_name":"Mabuhay","psgc_status":"fuzzy","match_confidence":1.0,"psgc_type":"barangay","match_method":"fuzzy","sga_member":false},"geometry":{"type":"Polygon","coordinates":[[[118.7290116800001,9.739457160000029],[118.73087584300004,9.737814924000077],[118.73012401300002,9.737105131000021],[118.7290116800001,9.739457160000029]]]}},{"type":"Feature","properties":{"ADM4_EN":"Macarascas","ADM4_PCODE":"PH1705316023","ADM4_REF":null,"ADM3_EN":"Puerto Princesa City (Capital)","ADM3_PCODE":"PH1705316","ADM2_EN":"Palawan","ADM2_PCODE":"PH17053","ADM1_EN":"Mimaropa Region","ADM1_PCODE":"PH17","ADM0_EN":"Philippines (the)","ADM0_PCODE":"PH","date":"2022-11-09","validOn":"2023-11-06","validTo":null,"Shape_Leng":0.227359609584,"Shape_Area":0.00153396064425,"AREA_SQKM":18.6016135562,"psgc_id":"PH1731500023","psgc_code":"1731500023","psgc_name":"Macarascas","psgc_status":"fuzzy","match_confidence":1.0,"psgc_type":"barangay","match_method":"fuzzy","sga_member":false},"geometry":{"type":"Polygon","coordinates":[[[118.79415615500011,10.036605673000054],[118.80326436300004,10.026892409000027],[118.83436184200002,10.025011906000032],[118.84782425100002,10.011394866000046],[118.84030480900003,10.002109916000052],[118.80102982900007,9.988746797000033],[118.78786654900011,10.012569115000076],[118.79647880800007,10.022760654000024],[118.79415615500011,10.036605673000054]]]}},{"type":"Feature","properties":{"ADM4_EN":"Magkakaibigan (Pob.)","ADM4_PCODE":"PH1705316024","ADM4_REF":null,"ADM3_EN":"Puerto Princesa City (Capital)","ADM3_PCODE":"PH1705316","ADM2_EN":"Palawan","ADM2_PCODE":"PH17053","ADM1_EN":"Mimaropa Region","ADM1_PCODE":"PH17","ADM0_EN":"Philippines (the)","ADM0_PCODE":"PH","date":"2022-11-09","validOn":"2023-11-06","validTo":null,"Shape_Leng":0.00849636312127,"Shape_Area":4.54520948973e-06,"AREA_SQKM":0.0551621147274,"psgc_id":"PH1731500024","psgc_code":"1731500024","psgc_name":"Magkakaibigan","psgc_status":"fuzzy","match_confidence":1.0,"psgc_type":"barangay","match_method":"fuzzy","sga_member":false},"geometry":{"type":"Polygon","coordinates":[[[118.7330692700001,9.740520660000072],[118.73438681200003,9.737890814000025],[118.73269108000011,9.738276490000032],[118.7330692700001,9.740520660000072]]]}},{"type":"Feature","properties":{"ADM4_EN":"Maligaya (Pob.)","ADM4_PCODE":"PH1705316025","ADM4_REF":null,"ADM3_EN":"Puerto Princesa City (Capital)","ADM3_PCODE":"PH1705316","ADM2_EN":"Palawan","ADM2_PCODE":"PH17053","ADM1_EN":"Mimaropa Region","ADM1_PCODE":"PH17","ADM0_EN":"Philippines (the)","ADM0_PCODE":"PH","date":"2022-11-09","validOn":"2023-11-06","validTo":null,"Shape_Leng":0.00883240199598,"Shape_Area":4.85039622838e-06,"AREA_SQKM":0.0588656186931,"psgc_id":"PH1731500025","psgc_code":"1731500025","psgc_name":"Maligaya","psgc_status":"fuzzy","match_confidence":1.0,"psgc_type":"barangay","match_method":"fuzzy","sga_member":false},"geometry":{"type":"Polygon","coordinates":[[[118.73131997000007,9.742512200000021],[118.73286797700007,9.739944451000042],[118.73098545000005,9.74013191000006],[118.73131997000007,9.742512200000021]]]}},{"type":"Feature","properties":{"ADM4_EN":"Manalo","ADM4_PCODE":"PH1705316026","ADM4_REF":null,"ADM3_EN":"Puerto Princesa City (Capital)","ADM3_PCODE":"PH1705316","ADM2_EN":"Palawan","ADM2_PCODE":"PH17053","ADM1_EN":"Mimaropa Region","ADM1_PCODE":"PH17","ADM0_EN":"Philippines (the)","ADM0_PCODE":"PH","date":"2022-11-09","validOn":"2023-11-06","validTo":null,"Shape_Leng":0.4102045478,"Shape_Area":0.00232227199113,"AREA_SQKM":28.1647835409,"psgc_id":"PH1731500026","psgc_code":"1731500026","psgc_name":"Manalo","psgc_status":"fuzzy","match_confidence":1.0,"psgc_type":"barangay","match_method":"fuzzy","sga_member":false},"geometry":{"type":"MultiPolygon","coordinates":[[[[118.83866018800006,9.913740346000054],[118.83298238900011,9.90702901700007],[118.830260683,9.904812483000057],[118.827419426,9.903319574000022],[118.8269205580001,9.900778670000022],[118.82318258100008,9.901898837000033],[118.82525753900006,9.898236419000057],[118.81969454600005,9.898484605000021],[118.82015767000007,9.899794137000072],[118.82474136500002,9.903208543000062],[118.8321474710001,9.906412148000072],[118.83866018800006,9.913740346000054]]],[[[118.87779339400004,9.915670515000045],[118.88415179900005,9.912330736000058],[118.87967578400003,9.904740834000052],[118.87606666300007,9.909811038000043],[118.87779339400004,9.915670515000045]]],[[[118.83935705500005,9.92104585100003],[118.84443155000008,9.92084535400005],[118.84051876500007,9.919532158000038],[118.83935705500005,9.92104585100003]]],[[[118.85463243900006,9.933722841000076],[118.85836192400006,9.929259693000063],[118.8539642180001,9.926718006000044],[118.85294389300009,9.927940742000033],[118.85463243900006,9.933722841000076]]],[[[118.86656541700006,9.938602565000053],[118.86591704900002,9.938609491000022],[118.8659917760001,9.938809024000022],[118.86656541700006,9.938602565000053]]],[[[118.83741920200009,9.981662439000047],[118.84353163600008,9.964011997000057],[118.82292856800007,9.938355201000036],[118.80760683300002,9.935821481000062],[118.79028927400009,9.984160901000052],[118.84191242300005,10.002046778000022],[118.83741920200009,9.981662439000047]]]]}},{"type":"Feature","properties":{"ADM4_EN":"Manggahan (Pob.)","ADM4_PCODE":"PH1705316027","ADM4_REF":null,"ADM3_EN":"Puerto Princesa City (Capital)","ADM3_PCODE":"PH1705316","ADM2_EN":"Palawan","ADM2_PCODE":"PH17053","ADM1_EN":"Mimaropa Region","ADM1_PCODE":"PH17","ADM0_EN":"Philippines (the)","ADM0_PCODE":"PH","date":"2022-11-09","validOn":"2023-11-06","validTo":null,"Shape_Leng":0.0177251770078,"Shape_Area":1.61677733175e-05,"AREA_SQKM":0.196217016994,"psgc_id":"PH1731500027","psgc_code":"1731500027","psgc_name":"Manggahan","psgc_status":"fuzzy","match_confidence":1.0,"psgc_type":"barangay","match_method":"fuzzy","sga_member":false},"geometry":{"type":"Polygon","coordinates":[[[118.73723233200008,9.737252101000024],[118.74024262900002,9.742642301000046],[118.74020614400001,9.736551253000073],[118.73723233200008,9.737252101000024]]]}},{"type":"Feature","properties":{"ADM4_EN":"Maningning (Pob.)","ADM4_PCODE":"PH1705316028","ADM4_REF":null,"ADM3_EN":"Puerto Princesa City (Capital)","ADM3_PCODE":"PH1705316","ADM2_EN":"Palawan","ADM2_PCODE":"PH17053","ADM1_EN":"Mimaropa Region","ADM1_PCODE":"PH17","ADM0_EN":"Philippines (the)","ADM0_PCODE":"PH","date":"2022-11-09","validOn":"2023-11-06","validTo":null,"Shape_Leng":0.0153429315963,"Shape_Area":1.03888930881e-05,"AREA_SQKM":0.126082722108,"psgc_id":"PH1731500028","psgc_code":"1731500028","psgc_name":"Maningning","psgc_status":"fuzzy","match_confidence":1.0,"psgc_type":"barangay","match_method":"fuzzy","sga_member":false},"geometry":{"type":"Polygon","coordinates":[[[118.74039275500002,9.737616421000041],[118.74259123800005,9.740909140000042],[118.74254099000007,9.737328571000035],[118.74039275500002,9.737616421000041]]]}},{"type":"Feature","properties":{"ADM4_EN":"Maoyon","ADM4_PCODE":"PH1705316029","ADM4_REF":null,"ADM3_EN":"Puerto Princesa City (Capital)","ADM3_PCODE":"PH1705316","ADM2_EN":"Palawan","ADM2_PCODE":"PH17053","ADM1_EN":"Mimaropa Region","ADM1_PCODE":"PH17","ADM0_EN":"Philippines (the)","ADM0_PCODE":"PH","date":"2022-11-09","validOn":"2023-11-06","validTo":null,"Shape_Leng":0.329688776483,"Shape_Area":0.00260804491274,"AREA_SQKM":31.6235323349,"psgc_id":"PH1731500029","psgc_code":"1731500029","psgc_name":"Maoyon","psgc_status":"fuzzy","match_confidence":1.0,"psgc_type":"barangay","match_method":"fuzzy","sga_member":false},"geometry":{"type":"Polygon","coordinates":[[[118.90852760300004,10.075271723000071],[118.91015452800002,9.996706923000033],[118.89527347300009,9.989755097000057],[118.88547650600003,10.01073894700005],[118.89409590800005,10.00670916000007],[118.89066576200003,10.027584424000054],[118.90000469800009,10.039851037000062],[118.8939595700001,10.044639835000055],[118.87603088800006,10.03085728900004],[118.85759654500009,10.071224007000069],[118.87886288000004,10.069644893000032],[118.8882374430001,10.082628027000055],[118.90852760300004,10.075271723000071]]]}},{"type":"Feature","properties":{"ADM4_EN":"Marufinas","ADM4_PCODE":"PH1705316030","ADM4_REF":null,"ADM3_EN":"Puerto Princesa City (Capital)","ADM3_PCODE":"PH1705316","ADM2_EN":"Palawan","ADM2_PCODE":"PH17053","ADM1_EN":"Mimaropa Region","ADM1_PCODE":"PH17","ADM0_EN":"Philippines (the)","ADM0_PCODE":"PH","date":"2022-11-09","validOn":"2023-11-06","validTo":null,"Shape_Leng":0.526919130458,"Shape_Area":0.0105093969675,"AREA_SQKM":127.379762349,"psgc_id":"PH1731500030","psgc_code":"1731500030","psgc_name":"Marufinas","psgc_status":"fuzzy","match_confidence":1.0,"psgc_type":"barangay","match_method":"fuzzy","sga_member":false},"geometry":{"type":"Polygon","coordinates":[[[118.95765203100007,10.266124269000045],[118.97369637700001,10.254046515000027],[118.9700896820001,10.247398515000043],[118.98492579700007,10.227535987000067],[119.03265021200002,10.199919974000068],[118.99466351300009,10.124085639000043],[118.96816516600006,10.111318981000068],[118.89857043400002,10.115291651000064],[118.93464834600002,10.175587834000055],[118.93467649500008,10.20517017800006],[118.94378809300008,10.219036869000035],[118.93873891600003,10.225545526000076],[118.95270899000002,10.25107982000003],[118.93710219900004,10.264305166000042],[118.95765203100007,10.266124269000045]]]}},{"type":"Feature","properties":{"ADM4_EN":"Maruyogon","ADM4_PCODE":"PH1705316031","ADM4_REF":null,"ADM3_EN":"Puerto Princesa City (Capital)","ADM3_PCODE":"PH1705316","ADM2_EN":"Palawan","ADM2_PCODE":"PH17053","ADM1_EN":"Mimaropa Region","ADM1_PCODE":"PH17","ADM0_EN":"Philippines (the)","ADM0_PCODE":"PH","date":"2022-11-09","validOn":"2023-11-06","validTo":null,"Shape_Leng":0.138032721357,"Shape_Area":0.000744331696212,"AREA_SQKM":9.0268373005,"psgc_id":"PH1731500031","psgc_code":"1731500031","psgc_name":"Maruyogon","psgc_status":"fuzzy","match_confidence":1.0,"psgc_type":"barangay","match_method":"fuzzy","sga_member":false},"geometry":{"type":"Polygon","coordinates":[[[118.84881510700006,10.00899757600007],[118.8689697420001,9.978136224000025],[118.84339398000009,9.963902650000023],[118.83642557900009,9.983257847000061],[118.84286781800006,9.987694870000041],[118.83992295500002,10.003738116000022],[118.84881510700006,10.00899757600007]]]}},{"type":"Feature","properties":{"ADM4_EN":"Masigla (Pob.)","ADM4_PCODE":"PH1705316032","ADM4_REF":null,"ADM3_EN":"Puerto Princesa City (Capital)","ADM3_PCODE":"PH1705316","ADM2_EN":"Palawan","ADM2_PCODE":"PH17053","ADM1_EN":"Mimaropa Region","ADM1_PCODE":"PH17","ADM0_EN":"Philippines (the)","ADM0_PCODE":"PH","date":"2022-11-09","validOn":"2023-11-06","validTo":null,"Shape_Leng":0.00801960212043,"Shape_Area":2.7928042109e-06,"AREA_SQKM":0.0338946115221,"psgc_id":"PH1731500032","psgc_code":"1731500032","psgc_name":"Masigla","psgc_status":"fuzzy","match_confidence":1.0,"psgc_type":"barangay","match_method":"fuzzy","sga_member":false},"geometry":{"type":"Polygon","coordinates":[[[118.73149510700011,9.735633376000067],[118.73257672700004,9.73716065700006],[118.73235001600005,9.735467558000039],[118.73149510700011,9.735633376000067]]]}},{"type":"Feature","properties":{"ADM4_EN":"Masikap (Pob.)","ADM4_PCODE":"PH1705316033","ADM4_REF":null,"ADM3_EN":"Puerto Princesa City (Capital)","ADM3_PCODE":"PH1705316","ADM2_EN":"Palawan","ADM2_PCODE":"PH17053","ADM1_EN":"Mimaropa Region","ADM1_PCODE":"PH17","ADM0_EN":"Philippines (the)","ADM0_PCODE":"PH","date":"2022-11-09","validOn":"2023-11-06","validTo":null,"Shape_Leng":0.00886013651313,"Shape_Area":4.71093167557e-06,"AREA_SQKM":0.0571734194542,"psgc_id":"PH1731500033","psgc_code":"1731500033","psgc_name":"Masikap","psgc_status":"fuzzy","match_confidence":1.0,"psgc_type":"barangay","match_method":"fuzzy","sga_member":false},"geometry":{"type":"Polygon","coordinates":[[[118.73496953000006,9.740387390000024],[118.73608430600007,9.737448082000071],[118.73438681200003,9.737890814000025],[118.73496953000006,9.740387390000024]]]}},{"type":"Feature","properties":{"ADM4_EN":"Masipag (Pob.)","ADM4_PCODE":"PH1705316034","ADM4_REF":null,"ADM3_EN":"Puerto Princesa City (Capital)","ADM3_PCODE":"PH1705316","ADM2_EN":"Palawan","ADM2_PCODE":"PH17053","ADM1_EN":"Mimaropa Region","ADM1_PCODE":"PH17","ADM0_EN":"Philippines (the)","ADM0_PCODE":"PH","date":"2022-11-09","validOn":"2023-11-06","validTo":null,"Shape_Leng":0.030091882035,"Shape_Area":1.70982642964e-05,"AREA_SQKM":0.207513250469,"psgc_id":"PH1731500034","psgc_code":"1731500034","psgc_name":"Masipag","psgc_status":"fuzzy","match_confidence":1.0,"psgc_type":"barangay","match_method":"fuzzy","sga_member":false},"geometry":{"type":"Polygon","coordinates":[[[118.73357346400007,9.73028984800004],[118.73668025200004,9.737340501000062],[118.73671969200007,9.729375019000031],[118.73357346400007,9.73028984800004]]]}},{"type":"Feature","properties":{"ADM4_EN":"Matahimik (Pob.)","ADM4_PCODE":"PH1705316035","ADM4_REF":null,"ADM3_EN":"Puerto Princesa City (Capital)","ADM3_PCODE":"PH1705316","ADM2_EN":"Palawan","ADM2_PCODE":"PH17053","ADM1_EN":"Mimaropa Region","ADM1_PCODE":"PH17","ADM0_EN":"Philippines (the)","ADM0_PCODE":"PH","date":"2022-11-09","validOn":"2023-11-06","validTo":null,"Shape_Leng":0.0175669128481,"Shape_Area":1.25156468638e-05,"AREA_SQKM":0.151891532665,"psgc_id":"PH1731500035","psgc_code":"1731500035","psgc_name":"Matahimik","psgc_status":"fuzzy","match_confidence":1.0,"psgc_type":"barangay","match_method":"fuzzy","sga_member":false},"geometry":{"type":"Polygon","coordinates":[[[118.7358587110001,9.744949205000069],[118.74108133300001,9.745453276000035],[118.7355283820001,9.742472066000062],[118.7358587110001,9.744949205000069]]]}},{"type":"Feature","properties":{"ADM4_EN":"Matiyaga (Pob.)","ADM4_PCODE":"PH1705316036","ADM4_REF":null,"ADM3_EN":"Puerto Princesa City (Capital)","ADM3_PCODE":"PH1705316","ADM2_EN":"Palawan","ADM2_PCODE":"PH17053","ADM1_EN":"Mimaropa Region","ADM1_PCODE":"PH17","ADM0_EN":"Philippines (the)","ADM0_PCODE":"PH","date":"2022-11-09","validOn":"2023-11-06","validTo":null,"Shape_Leng":0.008003501261,"Shape_Area":4.08384142663e-06,"AREA_SQKM":0.0495624857318,"psgc_id":"PH1731500036","psgc_code":"1731500036","psgc_name":"Matiyaga","psgc_status":"fuzzy","match_confidence":1.0,"psgc_type":"barangay","match_method":"fuzzy","sga_member":false},"geometry":{"type":"Polygon","coordinates":[[[118.72935785000004,9.741380560000039],[118.73131997000007,9.742512200000021],[118.73098545000005,9.74013191000006],[118.72935785000004,9.741380560000039]]]}},{"type":"Feature","properties":{"ADM4_EN":"Maunlad (Pob.)","ADM4_PCODE":"PH1705316037","ADM4_REF":null,"ADM3_EN":"Puerto Princesa City (Capital)","ADM3_PCODE":"PH1705316","ADM2_EN":"Palawan","ADM2_PCODE":"PH17053","ADM1_EN":"Mimaropa Region","ADM1_PCODE":"PH17","ADM0_EN":"Philippines (the)","ADM0_PCODE":"PH","date":"2022-11-09","validOn":"2023-11-06","validTo":null,"Shape_Leng":0.0315685809161,"Shape_Area":3.05347985559e-05,"AREA_SQKM":0.370586264109,"psgc_id":"PH1731500037","psgc_code":"1731500037","psgc_name":"Maunlad","psgc_status":"fuzzy","match_confidence":1.0,"psgc_type":"barangay","match_method":"fuzzy","sga_member":false},"geometry":{"type":"Polygon","coordinates":[[[118.74106978300006,9.736288154000022],[118.73718126900008,9.729279071000065],[118.73668025200004,9.737340501000062],[118.74106978300006,9.736288154000022]]]}},{"type":"Feature","properties":{"ADM4_EN":"Milagrosa (Pob.)","ADM4_PCODE":"PH1705316038","ADM4_REF":null,"ADM3_EN":"Puerto Princesa City (Capital)","ADM3_PCODE":"PH1705316","ADM2_EN":"Palawan","ADM2_PCODE":"PH17053","ADM1_EN":"Mimaropa Region","ADM1_PCODE":"PH17","ADM0_EN":"Philippines (the)","ADM0_PCODE":"PH","date":"2022-11-09","validOn":"2023-11-06","validTo":null,"Shape_Leng":0.0257416051989,"Shape_Area":3.15789106264e-05,"AREA_SQKM":0.383255410922,"psgc_id":"PH1731500038","psgc_code":"1731500038","psgc_name":"Milagrosa","psgc_status":"fuzzy","match_confidence":1.0,"psgc_type":"barangay","match_method":"fuzzy","sga_member":false},"geometry":{"type":"Polygon","coordinates":[[[118.74483813600011,9.737816681000027],[118.75289985100005,9.734553220000066],[118.74372970000002,9.734779012000047],[118.74483813600011,9.737816681000027]]]}},{"type":"Feature","properties":{"ADM4_EN":"Model (Pob.)","ADM4_PCODE":"PH1705316039","ADM4_REF":null,"ADM3_EN":"Puerto Princesa City (Capital)","ADM3_PCODE":"PH1705316","ADM2_EN":"Palawan","ADM2_PCODE":"PH17053","ADM1_EN":"Mimaropa Region","ADM1_PCODE":"PH17","ADM0_EN":"Philippines (the)","ADM0_PCODE":"PH","date":"2022-11-09","validOn":"2023-11-06","validTo":null,"Shape_Leng":0.0137372866151,"Shape_Area":5.66618873786e-06,"AREA_SQKM":0.0687665247512,"psgc_id":"PH1731500039","psgc_code":"1731500039","psgc_name":"Model","psgc_status":"fuzzy","match_confidence":1.0,"psgc_type":"barangay","match_method":"fuzzy","sga_member":false},"geometry":{"type":"Polygon","coordinates":[[[118.73667062100003,9.74242732700003],[118.73723233200008,9.737252101000024],[118.73608430600007,9.737448082000071],[118.73667062100003,9.74242732700003]]]}},{"type":"Feature","properties":{"ADM4_EN":"Montible (Pob.)","ADM4_PCODE":"PH1705316040","ADM4_REF":null,"ADM3_EN":"Puerto Princesa City (Capital)","ADM3_PCODE":"PH1705316","ADM2_EN":"Palawan","ADM2_PCODE":"PH17053","ADM1_EN":"Mimaropa Region","ADM1_PCODE":"PH17","ADM0_EN":"Philippines (the)","ADM0_PCODE":"PH","date":"2022-11-09","validOn":"2023-11-06","validTo":null,"Shape_Leng":0.36300685958,"Shape_Area":0.00781554782028,"AREA_SQKM":94.8617488863,"psgc_id":"PH1731500040","psgc_code":"1731500040","psgc_name":"Montible","psgc_status":"fuzzy","match_confidence":1.0,"psgc_type":"barangay","match_method":"fuzzy","sga_member":false},"geometry":{"type":"Polygon","coordinates":[[[118.65833527100006,9.719694738000044],[118.63043522700002,9.66442134500005],[118.55272522100006,9.640903502000072],[118.562585,9.684359],[118.59293778900008,9.755327015000034],[118.62776782700007,9.770714674000033],[118.65833527100006,9.719694738000044]]]}},{"type":"Feature","properties":{"ADM4_EN":"Napsan","ADM4_PCODE":"PH1705316041","ADM4_REF":null,"ADM3_EN":"Puerto Princesa City (Capital)","ADM3_PCODE":"PH1705316","ADM2_EN":"Palawan","ADM2_PCODE":"PH17053","ADM1_EN":"Mimaropa Region","ADM1_PCODE":"PH17","ADM0_EN":"Philippines (the)","ADM0_PCODE":"PH","date":"2022-11-09","validOn":"2023-11-06","validTo":null,"Shape_Leng":0.540925804001,"Shape_Area":0.0135673498232,"AREA_SQKM":164.691921567,"psgc_id":"PH1731500041","psgc_code":"1731500041","psgc_name":"Napsan","psgc_status":"fuzzy","match_confidence":1.0,"psgc_type":"barangay","match_method":"fuzzy","sga_member":false},"geometry":{"type":"Polygon","coordinates":[[[118.48701348300006,9.741661860000022],[118.562585,9.684359],[118.54327299900001,9.569893256000057],[118.40903103200003,9.681079130000057],[118.41940098000009,9.704629989000068],[118.42750399900001,9.704122917000063],[118.43797613700008,9.720320277000042],[118.48701348300006,9.741661860000022]]]}},{"type":"Feature","properties":{"ADM4_EN":"New Panggangan","ADM4_PCODE":"PH1705316042","ADM4_REF":null,"ADM3_EN":"Puerto Princesa City (Capital)","ADM3_PCODE":"PH1705316","ADM2_EN":"Palawan","ADM2_PCODE":"PH17053","ADM1_EN":"Mimaropa Region","ADM1_PCODE":"PH17","ADM0_EN":"Philippines (the)","ADM0_PCODE":"PH","date":"2022-11-09","validOn":"2023-11-06","validTo":null,"Shape_Leng":0.457913498315,"Shape_Area":0.00471711842784,"AREA_SQKM":57.1609567866,"psgc_id":"PH1731500042","psgc_code":"1731500042","psgc_name":"New Panggangan","psgc_status":"fuzzy","match_confidence":1.0,"psgc_type":"barangay","match_method":"fuzzy","sga_member":false},"geometry":{"type":"Polygon","coordinates":[[[118.97153551500003,10.310120047000055],[119.055288743,10.225280284000064],[119.03265021200002,10.199919974000068],[118.98492579700007,10.227535987000067],[118.9700896820001,10.247398515000043],[118.97369637700001,10.254046515000027],[118.95762232200002,10.266164801000059],[118.95941739500006,10.275136187000044],[118.93186209400005,10.286486558000036],[118.94101239100007,10.289364438000064],[118.94277405500009,10.29967401500005],[118.9559486070001,10.284355091000066],[118.96482939100008,10.284588344000042],[118.9780550690001,10.298975339000037],[118.97153551500003,10.310120047000055]]]}},{"type":"Feature","properties":{"ADM4_EN":"Pagkakaisa (Pob.)","ADM4_PCODE":"PH1705316043","ADM4_REF":null,"ADM3_EN":"Puerto Princesa City (Capital)","ADM3_PCODE":"PH1705316","ADM2_EN":"Palawan","ADM2_PCODE":"PH17053","ADM1_EN":"Mimaropa Region","ADM1_PCODE":"PH17","ADM0_EN":"Philippines (the)","ADM0_PCODE":"PH","date":"2022-11-09","validOn":"2023-11-06","validTo":null,"Shape_Leng":0.00550702390403,"Shape_Area":1.07583054712e-06,"AREA_SQKM":0.0130567150665,"psgc_id":"PH1731500043","psgc_code":"1731500043","psgc_name":"Pagkakaisa","psgc_status":"fuzzy","match_confidence":1.0,"psgc_type":"barangay","match_method":"fuzzy","sga_member":false},"geometry":{"type":"Polygon","coordinates":[[[118.73012401300002,9.737105131000021],[118.7313502500001,9.736173655000073],[118.73068960900002,9.736021235000067],[118.73012401300002,9.737105131000021]]]}},{"type":"Feature","properties":{"ADM4_EN":"Princesa (Pob.)","ADM4_PCODE":"PH1705316044","ADM4_REF":null,"ADM3_EN":"Puerto Princesa City (Capital)","ADM3_PCODE":"PH1705316","ADM2_EN":"Palawan","ADM2_PCODE":"PH17053","ADM1_EN":"Mimaropa Region","ADM1_PCODE":"PH17","ADM0_EN":"Philippines (the)","ADM0_PCODE":"PH","date":"2022-11-09","validOn":"2023-11-06","validTo":null,"Shape_Leng":0.0112751796121,"Shape_Area":6.63071821683e-06,"AREA_SQKM":0.0804732484555,"psgc_id":"PH1731500044","psgc_code":"1731500044","psgc_name":"Princesa","psgc_status":"fuzzy","match_confidence":1.0,"psgc_type":"barangay","match_method":"fuzzy","sga_member":false},"geometry":{"type":"Polygon","coordinates":[[[118.73269108000011,9.738276490000032],[118.73388674000012,9.73404873800007],[118.73223656700009,9.734538841000074],[118.73269108000011,9.738276490000032]]]}},{"type":"Feature","properties":{"ADM4_EN":"Salvacion","ADM4_PCODE":"PH1705316045","ADM4_REF":null,"ADM3_EN":"Puerto Princesa City (Capital)","ADM3_PCODE":"PH1705316","ADM2_EN":"Palawan","ADM2_PCODE":"PH17053","ADM1_EN":"Mimaropa Region","ADM1_PCODE":"PH17","ADM0_EN":"Philippines (the)","ADM0_PCODE":"PH","date":"2022-11-09","validOn":"2023-11-06","validTo":null,"Shape_Leng":0.27356445272,"Shape_Area":0.00201398095545,"AREA_SQKM":24.4262619075,"psgc_id":"PH1731500045","psgc_code":"1731500045","psgc_name":"Salvacion","psgc_status":"fuzzy","match_confidence":1.0,"psgc_type":"barangay","match_method":"fuzzy","sga_member":false},"geometry":{"type":"MultiPolygon","coordinates":[[[[118.78796003800005,9.929904481000051],[118.7919222490001,9.92541084100003],[118.78792199100008,9.92439405500005],[118.78796003800005,9.929904481000051]]],[[[118.77971004100004,9.986467568000023],[118.79259664800009,9.981984498000031],[118.80781442200009,9.935920097000064],[118.7942103370001,9.945473838000055],[118.77434046000008,9.93802501600004],[118.75525386700008,9.951205867000056],[118.74131799400004,9.985239740000054],[118.76386263800009,9.979232424000031],[118.77971004100004,9.986467568000023]]]]}},{"type":"Feature","properties":{"ADM4_EN":"San Jose","ADM4_PCODE":"PH1705316046","ADM4_REF":null,"ADM3_EN":"Puerto Princesa City (Capital)","ADM3_PCODE":"PH1705316","ADM2_EN":"Palawan","ADM2_PCODE":"PH17053","ADM1_EN":"Mimaropa Region","ADM1_PCODE":"PH17","ADM0_EN":"Philippines (the)","ADM0_PCODE":"PH","date":"2022-11-09","validOn":"2023-11-06","validTo":null,"Shape_Leng":0.13626893161,"Shape_Area":0.000753228401473,"AREA_SQKM":9.13990659564,"psgc_id":"PH1731500046","psgc_code":"1731500046","psgc_name":"San Jose","psgc_status":"fuzzy","match_confidence":1.0,"psgc_type":"barangay","match_method":"fuzzy","sga_member":false},"geometry":{"type":"Polygon","coordinates":[[[118.76585511300004,9.814012572000024],[118.77368640600002,9.791909601000043],[118.76178506300005,9.781622402000039],[118.7420772700001,9.781797736000044],[118.74096131400006,9.806177865000052],[118.75836510900001,9.805628682000076],[118.76585511300004,9.814012572000024]]]}},{"type":"Feature","properties":{"ADM4_EN":"San Miguel","ADM4_PCODE":"PH1705316047","ADM4_REF":null,"ADM3_EN":"Puerto Princesa City (Capital)","ADM3_PCODE":"PH1705316","ADM2_EN":"Palawan","ADM2_PCODE":"PH17053","ADM1_EN":"Mimaropa Region","ADM1_PCODE":"PH17","ADM0_EN":"Philippines (the)","ADM0_PCODE":"PH","date":"2022-11-09","validOn":"2023-11-06","validTo":null,"Shape_Leng":0.091829570446,"Shape_Area":0.000327037279198,"AREA_SQKM":3.96894904211,"psgc_id":"PH1731500047","psgc_code":"1731500047","psgc_name":"San Miguel","psgc_status":"fuzzy","match_confidence":1.0,"psgc_type":"barangay","match_method":"fuzzy","sga_member":false},"geometry":{"type":"Polygon","coordinates":[[[118.76838863500006,9.752485544000024],[118.77231900700008,9.740679252000064],[118.7382534090001,9.743134335000036],[118.74767424200002,9.752015971000048],[118.76838863500006,9.752485544000024]]]}},{"type":"Feature","properties":{"ADM4_EN":"San Pedro","ADM4_PCODE":"PH1705316048","ADM4_REF":null,"ADM3_EN":"Puerto Princesa City (Capital)","ADM3_PCODE":"PH1705316","ADM2_EN":"Palawan","ADM2_PCODE":"PH17053","ADM1_EN":"Mimaropa Region","ADM1_PCODE":"PH17","ADM0_EN":"Philippines (the)","ADM0_PCODE":"PH","date":"2022-11-09","validOn":"2023-11-06","validTo":null,"Shape_Leng":0.134578211585,"Shape_Area":0.000496504923842,"AREA_SQKM":6.02539603392,"psgc_id":"PH1731500048","psgc_code":"1731500048","psgc_name":"San Pedro","psgc_status":"fuzzy","match_confidence":1.0,"psgc_type":"barangay","match_method":"fuzzy","sga_member":false},"geometry":{"type":"MultiPolygon","coordinates":[[[[118.73537085600003,9.754075458000045],[118.73642209700006,9.753871919000062],[118.73609369000008,9.753274651000027],[118.73537085600003,9.754075458000045]]],[[[118.73349903600001,9.763918132000072],[118.77218966600003,9.765424405000033],[118.77240114200004,9.750183284000059],[118.73821968300001,9.752212124000039],[118.73349903600001,9.763918132000072]]]]}},{"type":"Feature","properties":{"ADM4_EN":"San Rafael","ADM4_PCODE":"PH1705316049","ADM4_REF":null,"ADM3_EN":"Puerto Princesa City (Capital)","ADM3_PCODE":"PH1705316","ADM2_EN":"Palawan","ADM2_PCODE":"PH17053","ADM1_EN":"Mimaropa Region","ADM1_PCODE":"PH17","ADM0_EN":"Philippines (the)","ADM0_PCODE":"PH","date":"2022-11-09","validOn":"2023-11-06","validTo":null,"Shape_Leng":0.389440713761,"Shape_Area":0.00716782739573,"AREA_SQKM":86.9099215822,"psgc_id":"PH1731500049","psgc_code":"1731500049","psgc_name":"San Rafael","psgc_status":"fuzzy","match_confidence":1.0,"psgc_type":"barangay","match_method":"fuzzy","sga_member":false},"geometry":{"type":"Polygon","coordinates":[[[118.89857043400002,10.115291651000064],[118.96816516600006,10.111318981000068],[118.977435624,9.985590553000065],[118.93920507300004,9.97797666100007],[118.93402195500005,9.987086573000056],[118.89857043400002,10.115291651000064]]]}},{"type":"Feature","properties":{"ADM4_EN":"Santa Cruz","ADM4_PCODE":"PH1705316050","ADM4_REF":null,"ADM3_EN":"Puerto Princesa City (Capital)","ADM3_PCODE":"PH1705316","ADM2_EN":"Palawan","ADM2_PCODE":"PH17053","ADM1_EN":"Mimaropa Region","ADM1_PCODE":"PH17","ADM0_EN":"Philippines (the)","ADM0_PCODE":"PH","date":"2022-11-09","validOn":"2023-11-06","validTo":null,"Shape_Leng":0.307696285384,"Shape_Area":0.00250664950637,"AREA_SQKM":30.4019507746,"psgc_id":"PH1731500050","psgc_code":"1731500050","psgc_name":"Santa Cruz","psgc_status":"fuzzy","match_confidence":1.0,"psgc_type":"barangay","match_method":"fuzzy","sga_member":false},"geometry":{"type":"Polygon","coordinates":[[[118.74131799400004,9.985239740000054],[118.75525386700008,9.951205867000056],[118.77368092300003,9.93670121100007],[118.7719467610001,9.929671033000034],[118.76352201300006,9.93030374400007],[118.764540484,9.912951973000077],[118.75821607400007,9.932207448000042],[118.74957583600008,9.928836549000039],[118.75145880000002,9.922318365000024],[118.73199053700012,9.929167569000072],[118.72639955900001,9.945157237000046],[118.7050529600001,9.95895857000005],[118.7147739290001,9.995874767000032],[118.74131799400004,9.985239740000054]]]}},{"type":"Feature","properties":{"ADM4_EN":"Santa Lourdes","ADM4_PCODE":"PH1705316051","ADM4_REF":null,"ADM3_EN":"Puerto Princesa City (Capital)","ADM3_PCODE":"PH1705316","ADM2_EN":"Palawan","ADM2_PCODE":"PH17053","ADM1_EN":"Mimaropa Region","ADM1_PCODE":"PH17","ADM0_EN":"Philippines (the)","ADM0_PCODE":"PH","date":"2022-11-09","validOn":"2023-11-06","validTo":null,"Shape_Leng":0.551549231234,"Shape_Area":0.00255354604818,"AREA_SQKM":30.9802951682,"psgc_id":"PH1731500051","psgc_code":"1731500051","psgc_name":"Santa Lourdes","psgc_status":"fuzzy","match_confidence":1.0,"psgc_type":"barangay","match_method":"fuzzy","sga_member":false},"geometry":{"type":"MultiPolygon","coordinates":[[[[118.76786795700002,9.839886613000033],[118.77682650500003,9.83893265200004],[118.77628787900005,9.833092057000044],[118.76786795700002,9.839886613000033]]],[[[118.76455804300008,9.855318877000059],[118.76395352400004,9.84886244300003],[118.75750041100002,9.852855264000027],[118.75849504500002,9.853617670000062],[118.76455804300008,9.855318877000059]]],[[[118.76709281700005,9.87219944800006],[118.77091633400005,9.87192480400006],[118.7704076340001,9.86911498400002],[118.76709281700005,9.87219944800006]]],[[[118.81391493700005,9.873106493000023],[118.81760536700006,9.874070173000064],[118.81758755200008,9.872580966000044],[118.81391493700005,9.873106493000023]]],[[[118.76906581700007,9.877809548000073],[118.77122031700003,9.878888674000052],[118.77146578500003,9.877948609000043],[118.76906581700007,9.877809548000073]]],[[[118.74464158500007,9.88847731200002],[118.74649247500008,9.843779108000035],[118.73778979400004,9.836094868000032],[118.74077157900001,9.830008838000026],[118.72506706100012,9.822939371000075],[118.69199595900011,9.839262012000063],[118.67338075200007,9.870921053000075],[118.72908395600007,9.864166604000047],[118.74464158500007,9.88847731200002]]],[[[118.77801375500007,9.881088728000066],[118.787534993,9.888987367000027],[118.79479974100002,9.878922982000063],[118.77801375500007,9.881088728000066]]],[[[118.79639112200005,9.901558264000073],[118.79720983200002,9.902180716000032],[118.7977877400001,9.899556291000067],[118.79639112200005,9.901558264000073]]]]}},{"type":"Feature","properties":{"ADM4_EN":"Santa Lucia (Pob.)","ADM4_PCODE":"PH1705316052","ADM4_REF":null,"ADM3_EN":"Puerto Princesa City (Capital)","ADM3_PCODE":"PH1705316","ADM2_EN":"Palawan","ADM2_PCODE":"PH17053","ADM1_EN":"Mimaropa Region","ADM1_PCODE":"PH17","ADM0_EN":"Philippines (the)","ADM0_PCODE":"PH","date":"2022-11-09","validOn":"2023-11-06","validTo":null,"Shape_Leng":0.421864328843,"Shape_Area":0.00560740923733,"AREA_SQKM":68.0658588404,"psgc_id":"PH1731500052","psgc_code":"1731500052","psgc_name":"Santa Lucia","psgc_status":"fuzzy","match_confidence":1.0,"psgc_type":"barangay","match_method":"fuzzy","sga_member":false},"geometry":{"type":"Polygon","coordinates":[[[118.69892752100009,9.732540598000071],[118.69419113700008,9.711751187000061],[118.72920539800009,9.708542831000045],[118.70032855600004,9.677305046000072],[118.71090232900008,9.641862377000052],[118.70490255900006,9.612831022000023],[118.63043522700002,9.66442134500005],[118.6561692350001,9.707897494000065],[118.68424593800012,9.733267044000058],[118.69892752100009,9.732540598000071]]]}},{"type":"Feature","properties":{"ADM4_EN":"Santa Monica","ADM4_PCODE":"PH1705316053","ADM4_REF":null,"ADM3_EN":"Puerto Princesa City (Capital)","ADM3_PCODE":"PH1705316","ADM2_EN":"Palawan","ADM2_PCODE":"PH17053","ADM1_EN":"Mimaropa Region","ADM1_PCODE":"PH17","ADM0_EN":"Philippines (the)","ADM0_PCODE":"PH","date":"2022-11-09","validOn":"2023-11-06","validTo":null,"Shape_Leng":0.139360540244,"Shape_Area":0.000569180169718,"AREA_SQKM":6.90656781542,"psgc_id":"PH1731500053","psgc_code":"1731500053","psgc_name":"Santa Monica","psgc_status":"fuzzy","match_confidence":1.0,"psgc_type":"barangay","match_method":"fuzzy","sga_member":false},"geometry":{"type":"Polygon","coordinates":[[[118.72769563800011,9.821795504000022],[118.74225100900003,9.806456266000055],[118.7429345380001,9.784291519000021],[118.73558926300007,9.778327361000038],[118.71999546600011,9.785264582000025],[118.72787546200004,9.796249981000074],[118.72769563800011,9.821795504000022]]]}},{"type":"Feature","properties":{"ADM4_EN":"Seaside (Pob.)","ADM4_PCODE":"PH1705316054","ADM4_REF":null,"ADM3_EN":"Puerto Princesa City (Capital)","ADM3_PCODE":"PH1705316","ADM2_EN":"Palawan","ADM2_PCODE":"PH17053","ADM1_EN":"Mimaropa Region","ADM1_PCODE":"PH17","ADM0_EN":"Philippines (the)","ADM0_PCODE":"PH","date":"2022-11-09","validOn":"2023-11-06","validTo":null,"Shape_Leng":0.00776113157954,"Shape_Area":3.40753761538e-06,"AREA_SQKM":0.0413544689359,"psgc_id":"PH1731500054","psgc_code":"1731500054","psgc_name":"Seaside","psgc_status":"fuzzy","match_confidence":1.0,"psgc_type":"barangay","match_method":"fuzzy","sga_member":false},"geometry":{"type":"Polygon","coordinates":[[[118.73232104500005,9.744328808000034],[118.73403747000009,9.742446230000041],[118.73214408000001,9.74251614000002],[118.73232104500005,9.744328808000034]]]}},{"type":"Feature","properties":{"ADM4_EN":"Sicsican","ADM4_PCODE":"PH1705316055","ADM4_REF":null,"ADM3_EN":"Puerto Princesa City (Capital)","ADM3_PCODE":"PH1705316","ADM2_EN":"Palawan","ADM2_PCODE":"PH17053","ADM1_EN":"Mimaropa Region","ADM1_PCODE":"PH17","ADM0_EN":"Philippines (the)","ADM0_PCODE":"PH","date":"2022-11-09","validOn":"2023-11-06","validTo":null,"Shape_Leng":0.197981414688,"Shape_Area":0.000945659798519,"AREA_SQKM":11.4748402937,"psgc_id":"PH1731500055","psgc_code":"1731500055","psgc_name":"Sicsican","psgc_status":"fuzzy","match_confidence":1.0,"psgc_type":"barangay","match_method":"fuzzy","sga_member":false},"geometry":{"type":"MultiPolygon","coordinates":[[[[118.69946568600005,9.77386965200003],[118.69859892200009,9.773342441000068],[118.698546985,9.77452637500005],[118.69946568600005,9.77386965200003]]],[[[118.70849889400006,9.827371580000033],[118.72506706100012,9.822939371000075],[118.72638958700009,9.789795902000037],[118.71807837600011,9.788386670000023],[118.71609598600003,9.771119799000076],[118.70558768300009,9.777537834000043],[118.70037349800009,9.772106703000077],[118.70849889400006,9.827371580000033]]]]}},{"type":"Feature","properties":{"ADM4_EN":"Simpocan","ADM4_PCODE":"PH1705316056","ADM4_REF":null,"ADM3_EN":"Puerto Princesa City (Capital)","ADM3_PCODE":"PH1705316","ADM2_EN":"Palawan","ADM2_PCODE":"PH17053","ADM1_EN":"Mimaropa Region","ADM1_PCODE":"PH17","ADM0_EN":"Philippines (the)","ADM0_PCODE":"PH","date":"2022-11-09","validOn":"2023-11-06","validTo":null,"Shape_Leng":0.328085075097,"Shape_Area":0.00565395055554,"AREA_SQKM":68.6068050383,"psgc_id":"PH1731500056","psgc_code":"1731500056","psgc_name":"Simpocan","psgc_status":"fuzzy","match_confidence":1.0,"psgc_type":"barangay","match_method":"fuzzy","sga_member":false},"geometry":{"type":"Polygon","coordinates":[[[118.56850932800012,9.845669529000077],[118.63613218100011,9.811281313000052],[118.62776782700007,9.770714674000033],[118.59293778900008,9.755327015000034],[118.52801663800005,9.782860795000033],[118.54094667000004,9.806969844000037],[118.56605338000008,9.829596713000058],[118.56850932800012,9.845669529000077]]]}},{"type":"Feature","properties":{"ADM4_EN":"Tagabinit","ADM4_PCODE":"PH1705316057","ADM4_REF":null,"ADM3_EN":"Puerto Princesa City (Capital)","ADM3_PCODE":"PH1705316","ADM2_EN":"Palawan","ADM2_PCODE":"PH17053","ADM1_EN":"Mimaropa Region","ADM1_PCODE":"PH17","ADM0_EN":"Philippines (the)","ADM0_PCODE":"PH","date":"2022-11-09","validOn":"2023-11-06","validTo":null,"Shape_Leng":0.229322407918,"Shape_Area":0.00234397986619,"AREA_SQKM":28.4173633423,"psgc_id":"PH1731500057","psgc_code":"1731500057","psgc_name":"Tagabinit","psgc_status":"fuzzy","match_confidence":1.0,"psgc_type":"barangay","match_method":"fuzzy","sga_member":false},"geometry":{"type":"Polygon","coordinates":[[[118.858877344,10.10893492200006],[118.89857043400002,10.115291651000064],[118.90852760300004,10.075271723000071],[118.8882374430001,10.082628027000055],[118.87440657500008,10.068597839000063],[118.84196746000009,10.079864780000037],[118.83972325600007,10.104486719000022],[118.8562923820001,10.121829388000037],[118.858877344,10.10893492200006]]]}},{"type":"Feature","properties":{"ADM4_EN":"Tagburos","ADM4_PCODE":"PH1705316058","ADM4_REF":null,"ADM3_EN":"Puerto Princesa City (Capital)","ADM3_PCODE":"PH1705316","ADM2_EN":"Palawan","ADM2_PCODE":"PH17053","ADM1_EN":"Mimaropa Region","ADM1_PCODE":"PH17","ADM0_EN":"Philippines (the)","ADM0_PCODE":"PH","date":"2022-11-09","validOn":"2023-11-06","validTo":null,"Shape_Leng":0.153150625055,"Shape_Area":0.000684061597796,"AREA_SQKM":8.30002849137,"psgc_id":"PH1731500058","psgc_code":"1731500058","psgc_name":"Tagburos","psgc_status":"fuzzy","match_confidence":1.0,"psgc_type":"barangay","match_method":"fuzzy","sga_member":false},"geometry":{"type":"Polygon","coordinates":[[[118.74457931300003,9.837941745000023],[118.75634218900007,9.827588673000037],[118.7548494020001,9.815081468000074],[118.76568388400005,9.81460991800003],[118.75836510900001,9.805628682000076],[118.74225100900003,9.806456266000055],[118.72506706100012,9.822939371000075],[118.74457931300003,9.837941745000023]]]}},{"type":"Feature","properties":{"ADM4_EN":"Tagumpay (Pob.)","ADM4_PCODE":"PH1705316059","ADM4_REF":null,"ADM3_EN":"Puerto Princesa City (Capital)","ADM3_PCODE":"PH1705316","ADM2_EN":"Palawan","ADM2_PCODE":"PH17053","ADM1_EN":"Mimaropa Region","ADM1_PCODE":"PH17","ADM0_EN":"Philippines (the)","ADM0_PCODE":"PH","date":"2022-11-09","validOn":"2023-11-06","validTo":null,"Shape_Leng":0.0150631718969,"Shape_Area":1.00651571856e-05,"AREA_SQKM":0.122152984849,"psgc_id":"PH1731500059","psgc_code":"1731500059","psgc_name":"Tagumpay","psgc_status":"fuzzy","match_confidence":1.0,"psgc_type":"barangay","match_method":"fuzzy","sga_member":false},"geometry":{"type":"Polygon","coordinates":[[[118.73414705100004,9.744345595000027],[118.7365466330001,9.740361904000054],[118.7330692700001,9.740520660000072],[118.73414705100004,9.744345595000027]]]}},{"type":"Feature","properties":{"ADM4_EN":"Tanabag","ADM4_PCODE":"PH1705316060","ADM4_REF":null,"ADM3_EN":"Puerto Princesa City (Capital)","ADM3_PCODE":"PH1705316","ADM2_EN":"Palawan","ADM2_PCODE":"PH17053","ADM1_EN":"Mimaropa Region","ADM1_PCODE":"PH17","ADM0_EN":"Philippines (the)","ADM0_PCODE":"PH","date":"2022-11-09","validOn":"2023-11-06","validTo":null,"Shape_Leng":0.31424938742,"Shape_Area":0.00275703229938,"AREA_SQKM":33.4285599931,"psgc_id":"PH1731500060","psgc_code":"1731500060","psgc_name":"Tanabag","psgc_status":"fuzzy","match_confidence":1.0,"psgc_type":"barangay","match_method":"fuzzy","sga_member":false},"geometry":{"type":"Polygon","coordinates":[[[118.99466351300009,10.124085639000043],[118.99513604900005,9.992563551000046],[118.977435624,9.985590553000065],[118.96816516600006,10.111318981000068],[118.99466351300009,10.124085639000043]]]}},{"type":"Feature","properties":{"ADM4_EN":"Tanglaw (Pob.)","ADM4_PCODE":"PH1705316061","ADM4_REF":null,"ADM3_EN":"Puerto Princesa City (Capital)","ADM3_PCODE":"PH1705316","ADM2_EN":"Palawan","ADM2_PCODE":"PH17053","ADM1_EN":"Mimaropa Region","ADM1_PCODE":"PH17","ADM0_EN":"Philippines (the)","ADM0_PCODE":"PH","date":"2022-11-09","validOn":"2023-11-06","validTo":null,"Shape_Leng":0.0215619519274,"Shape_Area":1.65261328977e-05,"AREA_SQKM":0.200567771166,"psgc_id":"PH1731500061","psgc_code":"1731500061","psgc_name":"Tanglaw","psgc_status":"fuzzy","match_confidence":1.0,"psgc_type":"barangay","match_method":"fuzzy","sga_member":false},"geometry":{"type":"Polygon","coordinates":[[[118.74020614400001,9.736551253000073],[118.74496570800011,9.739999616000034],[118.74353270200004,9.733839458000034],[118.74020614400001,9.736551253000073]]]}},{"type":"Feature","properties":{"ADM4_EN":"Barangay ng mga Mangingisda","ADM4_PCODE":"PH1705316062","ADM4_REF":null,"ADM3_EN":"Puerto Princesa City (Capital)","ADM3_PCODE":"PH1705316","ADM2_EN":"Palawan","ADM2_PCODE":"PH17053","ADM1_EN":"Mimaropa Region","ADM1_PCODE":"PH17","ADM0_EN":"Philippines (the)","ADM0_PCODE":"PH","date":"2022-11-09","validOn":"2023-11-06","validTo":null,"Shape_Leng":0.194154297547,"Shape_Area":0.000907975902821,"AREA_SQKM":11.0216530926,"psgc_id":"PH1731500062","psgc_code":"1731500062","psgc_name":"Barangay ng mga Mangingisda","psgc_status":"fuzzy","match_confidence":1.0,"psgc_type":"barangay","match_method":"fuzzy","sga_member":false},"geometry":{"type":"Polygon","coordinates":[[[118.72666917700008,9.67896623300004],[118.76193673400007,9.68736831900003],[118.7587075140001,9.66385823500002],[118.74708908800005,9.657111546000067],[118.73988754800007,9.662249803000066],[118.73385361300006,9.65193733600006],[118.73232894600005,9.659282054000073],[118.72533828100006,9.656688892000034],[118.72666917700008,9.67896623300004]]]}},{"type":"Feature","properties":{"ADM4_EN":"Inagawan Sub-Colony","ADM4_PCODE":"PH1705316063","ADM4_REF":null,"ADM3_EN":"Puerto Princesa City (Capital)","ADM3_PCODE":"PH1705316","ADM2_EN":"Palawan","ADM2_PCODE":"PH17053","ADM1_EN":"Mimaropa Region","ADM1_PCODE":"PH17","ADM0_EN":"Philippines (the)","ADM0_PCODE":"PH","date":"2022-11-09","validOn":"2023-11-06","validTo":null,"Shape_Leng":0.518641155391,"Shape_Area":0.0149782711131,"AREA_SQKM":181.856457773,"psgc_id":"PH1731500014","psgc_code":"1731500014","psgc_name":"Inagawan","psgc_status":"fuzzy","match_confidence":1.0,"psgc_type":"barangay","match_method":"fuzzy","sga_member":false},"geometry":{"type":"Polygon","coordinates":[[[118.6315951680001,9.663617748000036],[118.70569122100005,9.612200098000073],[118.69531847500002,9.584766012000046],[118.67490509400011,9.561958686000025],[118.6467153750001,9.562839748000044],[118.59591059000002,9.51077179500004],[118.54327299900001,9.569893256000057],[118.55272522100006,9.640903502000072],[118.6315951680001,9.663617748000036]]]}},{"type":"Feature","properties":{"ADM4_EN":"Luzviminda","ADM4_PCODE":"PH1705316064","ADM4_REF":null,"ADM3_EN":"Puerto Princesa City (Capital)","ADM3_PCODE":"PH1705316","ADM2_EN":"Palawan","ADM2_PCODE":"PH17053","ADM1_EN":"Mimaropa Region","ADM1_PCODE":"PH17","ADM0_EN":"Philippines (the)","ADM0_PCODE":"PH","date":"2022-11-09","validOn":"2023-11-06","validTo":null,"Shape_Leng":0.30574082204,"Shape_Area":0.00152566816916,"AREA_SQKM":18.5203645536,"psgc_id":"PH1731500064","psgc_code":"1731500064","psgc_name":"Luzviminda","psgc_status":"fuzzy","match_confidence":1.0,"psgc_type":"barangay","match_method":"fuzzy","sga_member":false},"geometry":{"type":"Polygon","coordinates":[[[118.7307167140001,9.700178466000068],[118.73879031500007,9.695687323000072],[118.71844537200002,9.650882227000068],[118.73590484200008,9.650028402000032],[118.73480358900008,9.642173583000044],[118.70490255900006,9.612831022000023],[118.71090232900008,9.641862377000052],[118.70032855600004,9.677305046000072],[118.72067652100009,9.684459283000024],[118.7307167140001,9.700178466000068]]]}},{"type":"Feature","properties":{"ADM4_EN":"Mandaragat","ADM4_PCODE":"PH1705316065","ADM4_REF":null,"ADM3_EN":"Puerto Princesa City (Capital)","ADM3_PCODE":"PH1705316","ADM2_EN":"Palawan","ADM2_PCODE":"PH17053","ADM1_EN":"Mimaropa Region","ADM1_PCODE":"PH17","ADM0_EN":"Philippines (the)","ADM0_PCODE":"PH","date":"2022-11-09","validOn":"2023-11-06","validTo":null,"Shape_Leng":0.0371683567843,"Shape_Area":5.02612848766e-05,"AREA_SQKM":0.609968290863,"psgc_id":"PH1731500065","psgc_code":"1731500065","psgc_name":"Mandaragat","psgc_status":"fuzzy","match_confidence":1.0,"psgc_type":"barangay","match_method":"fuzzy","sga_member":false},"geometry":{"type":"Polygon","coordinates":[[[118.73613916500005,9.749086954000063],[118.74613451200003,9.750456730000053],[118.73714355600009,9.746073986000056],[118.73613916500005,9.749086954000063]]]}},{"type":"Feature","properties":{"ADM4_EN":"San Manuel","ADM4_PCODE":"PH1705316066","ADM4_REF":null,"ADM3_EN":"Puerto Princesa City (Capital)","ADM3_PCODE":"PH1705316","ADM2_EN":"Palawan","ADM2_PCODE":"PH17053","ADM1_EN":"Mimaropa Region","ADM1_PCODE":"PH17","ADM0_EN":"Philippines (the)","ADM0_PCODE":"PH","date":"2022-11-09","validOn":"2023-11-06","validTo":null,"Shape_Leng":0.114782830982,"Shape_Area":0.000498251899331,"AREA_SQKM":6.04631092013,"psgc_id":"PH1731500066","psgc_code":"1731500066","psgc_name":"San Manuel","psgc_status":"fuzzy","match_confidence":1.0,"psgc_type":"barangay","match_method":"fuzzy","sga_member":false},"geometry":{"type":"Polygon","coordinates":[[[118.77273142700005,9.791095489000043],[118.77237550600012,9.765224748000037],[118.74734506900006,9.764642095000056],[118.74834123300002,9.782365879000054],[118.76178506300005,9.781622402000039],[118.77273142700005,9.791095489000043]]]}},{"type":"Feature","properties":{"ADM4_EN":"Tiniguiban","ADM4_PCODE":"PH1705316067","ADM4_REF":null,"ADM3_EN":"Puerto Princesa City (Capital)","ADM3_PCODE":"PH1705316","ADM2_EN":"Palawan","ADM2_PCODE":"PH17053","ADM1_EN":"Mimaropa Region","ADM1_PCODE":"PH17","ADM0_EN":"Philippines (the)","ADM0_PCODE":"PH","date":"2022-11-09","validOn":"2023-11-06","validTo":null,"Shape_Leng":0.142010313648,"Shape_Area":0.000283225778711,"AREA_SQKM":3.43696139912,"psgc_id":"PH1731500067","psgc_code":"1731500067","psgc_name":"Tiniguiban","psgc_status":"fuzzy","match_confidence":1.0,"psgc_type":"barangay","match_method":"fuzzy","sga_member":false},"geometry":{"type":"Polygon","coordinates":[[[118.72633240500011,9.783180478000077],[118.7482248010001,9.780758689000038],[118.74727226700008,9.763755550000042],[118.73588715800008,9.766234545000032],[118.73126132700008,9.77748912100003],[118.72541520900006,9.766538851000064],[118.72633240500011,9.783180478000077]]]}},{"type":"Feature","properties":{"ADM4_EN":"Alfonso XIII (Pob.)","ADM4_PCODE":"PH1705317001","ADM4_REF":null,"ADM3_EN":"Quezon","ADM3_PCODE":"PH1705317","ADM2_EN":"Palawan","ADM2_PCODE":"PH17053","ADM1_EN":"Mimaropa Region","ADM1_PCODE":"PH17","ADM0_EN":"Philippines (the)","ADM0_PCODE":"PH","date":"2022-11-09","validOn":"2023-11-06","validTo":null,"Shape_Leng":0.219088189631,"Shape_Area":0.0014719115913,"AREA_SQKM":17.8898074669,"psgc_id":"PH1705317001","psgc_code":"1705317001","psgc_name":"Alfonso XIII","psgc_status":"matched","match_confidence":1.0,"psgc_type":"barangay","match_method":"exact","sga_member":false},"geometry":{"type":"Polygon","coordinates":[[[117.9773640630001,9.252250440000068],[118.00632245400004,9.232981085000063],[118.00776795800004,9.178729812000029],[117.96125938000012,9.237590738000051],[117.9773640630001,9.252250440000068]]]}},{"type":"Feature","properties":{"ADM4_EN":"Aramaywan","ADM4_PCODE":"PH1705317002","ADM4_REF":null,"ADM3_EN":"Quezon","ADM3_PCODE":"PH1705317","ADM2_EN":"Palawan","ADM2_PCODE":"PH17053","ADM1_EN":"Mimaropa Region","ADM1_PCODE":"PH17","ADM0_EN":"Philippines (the)","ADM0_PCODE":"PH","date":"2022-11-09","validOn":"2023-11-06","validTo":null,"Shape_Leng":0.39921385226,"Shape_Area":0.00712265407775,"AREA_SQKM":86.5361797762,"psgc_id":"PH1705317002","psgc_code":"1705317002","psgc_name":"Aramaywan","psgc_status":"matched","match_confidence":1.0,"psgc_type":"barangay","match_method":"exact","sga_member":false},"geometry":{"type":"Polygon","coordinates":[[[118.1876520940001,9.408762960000047],[118.25544186200011,9.346867221000025],[118.18554268800006,9.306623237000053],[118.14470117600001,9.362953129000061],[118.12200259400004,9.360220129000027],[118.11618684700011,9.372273089000032],[118.12848668100003,9.38585832700005],[118.1276687830001,9.397897760000035],[118.14491544000009,9.395574097000065],[118.1876520940001,9.408762960000047]]]}},{"type":"Feature","properties":{"ADM4_EN":"Berong","ADM4_PCODE":"PH1705317003","ADM4_REF":null,"ADM3_EN":"Quezon","ADM3_PCODE":"PH1705317","ADM2_EN":"Palawan","ADM2_PCODE":"PH17053","ADM1_EN":"Mimaropa Region","ADM1_PCODE":"PH17","ADM0_EN":"Philippines (the)","ADM0_PCODE":"PH","date":"2022-11-09","validOn":"2023-11-06","validTo":null,"Shape_Leng":0.614829277891,"Shape_Area":0.0172466513444,"AREA_SQKM":209.496428754,"psgc_id":"PH1705317003","psgc_code":"1705317003","psgc_name":"Berong","psgc_status":"matched","match_confidence":1.0,"psgc_type":"barangay","match_method":"exact","sga_member":false},"geometry":{"type":"Polygon","coordinates":[[[118.2863226290001,9.549771670000041],[118.33442911300006,9.364288387000045],[118.25544186200011,9.346867221000025],[118.18482953600005,9.409773882000025],[118.19352943800004,9.432576034000022],[118.18900853200012,9.43884042700006],[118.1973711820001,9.471560190000048],[118.27136265200011,9.521310654000047],[118.28747407500009,9.538685438000073],[118.2863226290001,9.549771670000041]]]}},{"type":"Feature","properties":{"ADM4_EN":"Calumpang","ADM4_PCODE":"PH1705317005","ADM4_REF":null,"ADM3_EN":"Quezon","ADM3_PCODE":"PH1705317","ADM2_EN":"Palawan","ADM2_PCODE":"PH17053","ADM1_EN":"Mimaropa Region","ADM1_PCODE":"PH17","ADM0_EN":"Philippines (the)","ADM0_PCODE":"PH","date":"2022-11-09","validOn":"2023-11-06","validTo":null,"Shape_Leng":0.500368264968,"Shape_Area":0.00442774260155,"AREA_SQKM":53.8342544919,"psgc_id":"PH1705317005","psgc_code":"1705317005","psgc_name":"Calumpang","psgc_status":"matched","match_confidence":1.0,"psgc_type":"barangay","match_method":"exact","sga_member":false},"geometry":{"type":"Polygon","coordinates":[[[117.8012476780001,9.176377105000029],[117.81125740100003,9.162824379000028],[117.80765623600007,9.140719743000034],[117.90946259700002,9.043898515000024],[117.90068103500005,9.012492404000056],[117.80200278200005,9.123304009000037],[117.8063515770001,9.13261979500004],[117.79912658400008,9.145704288000047],[117.77322372200001,9.14624808700006],[117.77596941500008,9.16517776400002],[117.78805316300009,9.176025429000049],[117.8012476780001,9.176377105000029]]]}},{"type":"Feature","properties":{"ADM4_EN":"Isugod","ADM4_PCODE":"PH1705317011","ADM4_REF":null,"ADM3_EN":"Quezon","ADM3_PCODE":"PH1705317","ADM2_EN":"Palawan","ADM2_PCODE":"PH17053","ADM1_EN":"Mimaropa Region","ADM1_PCODE":"PH17","ADM0_EN":"Philippines (the)","ADM0_PCODE":"PH","date":"2022-11-09","validOn":"2023-11-06","validTo":null,"Shape_Leng":0.45156334515,"Shape_Area":0.00548318687475,"AREA_SQKM":66.6264764011,"psgc_id":"PH1705317011","psgc_code":"1705317011","psgc_name":"Isugod","psgc_status":"matched","match_confidence":1.0,"psgc_type":"barangay","match_method":"exact","sga_member":false},"geometry":{"type":"MultiPolygon","coordinates":[[[[118.08434495600011,9.35366354200005],[118.08729342700008,9.35604733200006],[118.09339314700003,9.352184253000075],[118.08434495600011,9.35366354200005]]],[[[118.14470117600001,9.362953129000061],[118.18554268800006,9.306623237000053],[118.16562072900001,9.29665149300007],[118.1345536770001,9.263212372000055],[118.07343510700002,9.312155567000048],[118.08720921100007,9.316453812000077],[118.08786521700006,9.33408607900003],[118.099506098,9.33845569400006],[118.10571485800006,9.328452398000024],[118.10988612400001,9.329225437000048],[118.1271195920001,9.342894753000053],[118.12195029300005,9.360367032000056],[118.14470117600001,9.362953129000061]]]]}},{"type":"Feature","properties":{"ADM4_EN":"Quinlogan","ADM4_PCODE":"PH1705317012","ADM4_REF":null,"ADM3_EN":"Quezon","ADM3_PCODE":"PH1705317","ADM2_EN":"Palawan","ADM2_PCODE":"PH17053","ADM1_EN":"Mimaropa Region","ADM1_PCODE":"PH17","ADM0_EN":"Philippines (the)","ADM0_PCODE":"PH","date":"2022-11-09","validOn":"2023-11-06","validTo":null,"Shape_Leng":0.448186689612,"Shape_Area":0.00715627685857,"AREA_SQKM":87.0146360701,"psgc_id":"PH1705317012","psgc_code":"1705317012","psgc_name":"Quinlogan","psgc_status":"matched","match_confidence":1.0,"psgc_type":"barangay","match_method":"exact","sga_member":false},"geometry":{"type":"Polygon","coordinates":[[[117.79735656800005,9.146928729000024],[117.8063515770001,9.13261979500004],[117.80200278200005,9.123304009000037],[117.90068103500005,9.012492404000056],[117.86050454100007,8.99552976800004],[117.75877454400006,9.111456541000052],[117.76615023000011,9.134133129000077],[117.78159025600007,9.146716899000069],[117.79735656800005,9.146928729000024]]]}},{"type":"Feature","properties":{"ADM4_EN":"Maasin","ADM4_PCODE":"PH1705317014","ADM4_REF":null,"ADM3_EN":"Quezon","ADM3_PCODE":"PH1705317","ADM2_EN":"Palawan","ADM2_PCODE":"PH17053","ADM1_EN":"Mimaropa Region","ADM1_PCODE":"PH17","ADM0_EN":"Philippines (the)","ADM0_PCODE":"PH","date":"2022-11-09","validOn":"2023-11-06","validTo":null,"Shape_Leng":0.240147458295,"Shape_Area":0.00267347034251,"AREA_SQKM":32.4887644499,"psgc_id":"PH1705317014","psgc_code":"1705317014","psgc_name":"Maasin","psgc_status":"matched","match_confidence":1.0,"psgc_type":"barangay","match_method":"exact","sga_member":false},"geometry":{"type":"Polygon","coordinates":[[[118.08683752800005,9.306010443000048],[118.11136504400008,9.28245232100005],[118.09351507500003,9.24943193300004],[118.07914889500012,9.244827013000076],[118.05112619800002,9.26855862800005],[118.04258125900003,9.265979150000021],[118.04081891100009,9.276996199000052],[118.052136001,9.284526534000065],[118.04648611200003,9.29409492700006],[118.05150512000012,9.299775733000047],[118.08683752800005,9.306010443000048]]]}},{"type":"Feature","properties":{"ADM4_EN":"Panitian","ADM4_PCODE":"PH1705317016","ADM4_REF":null,"ADM3_EN":"Quezon","ADM3_PCODE":"PH1705317","ADM2_EN":"Palawan","ADM2_PCODE":"PH17053","ADM1_EN":"Mimaropa Region","ADM1_PCODE":"PH17","ADM0_EN":"Philippines (the)","ADM0_PCODE":"PH","date":"2022-11-09","validOn":"2023-11-06","validTo":null,"Shape_Leng":0.753887833351,"Shape_Area":0.00603851810627,"AREA_SQKM":73.3931397629,"psgc_id":"PH1705317016","psgc_code":"1705317016","psgc_name":"Panitian","psgc_status":"matched","match_confidence":1.0,"psgc_type":"barangay","match_method":"exact","sga_member":false},"geometry":{"type":"MultiPolygon","coordinates":[[[[117.8845751450001,9.259527502000026],[117.89182369700006,9.259376598000074],[117.8912272010001,9.257904232000044],[117.8845751450001,9.259527502000026]]],[[[117.933797088,9.270880853000051],[117.9468630880001,9.269143678000034],[117.94398410500003,9.265079506000063],[117.933797088,9.270880853000051]]],[[[117.98183840600007,9.28049287500005],[117.97815625900012,9.252493258000072],[117.96125938000012,9.237590738000051],[118.00776795800004,9.178729812000029],[117.98317069400002,9.15965392000004],[117.95734391500002,9.16282454700007],[117.93183144300008,9.219817921000072],[117.88011924500006,9.23725666300004],[117.90777254600005,9.261866217000033],[117.95296714000006,9.250816733000022],[117.95357297500004,9.262828570000067],[117.98183840600007,9.28049287500005]]],[[[117.94706103500005,9.294799631000046],[117.93804499900011,9.282126835000042],[117.9380732080001,9.273266680000063],[117.93013191300008,9.28348244800003],[117.94706103500005,9.294799631000046]]],[[[118.00033661100008,9.287379079000061],[118.00074076900012,9.297102421000034],[118.00330196700008,9.287069908000035],[118.00033661100008,9.287379079000061]]],[[[117.9567910400001,9.300040952000074],[117.96534914200004,9.297587950000036],[117.96685721600011,9.289186073000053],[117.9567910400001,9.300040952000074]]],[[[117.94615419900003,9.312523034000037],[117.94845719600005,9.312156040000048],[117.94865579600003,9.31123942000005],[117.94615419900003,9.312523034000037]]]]}},{"type":"Feature","properties":{"ADM4_EN":"Pinaglabanan","ADM4_PCODE":"PH1705317017","ADM4_REF":null,"ADM3_EN":"Quezon","ADM3_PCODE":"PH1705317","ADM2_EN":"Palawan","ADM2_PCODE":"PH17053","ADM1_EN":"Mimaropa Region","ADM1_PCODE":"PH17","ADM0_EN":"Philippines (the)","ADM0_PCODE":"PH","date":"2022-11-09","validOn":"2023-11-06","validTo":null,"Shape_Leng":0.212323758967,"Shape_Area":0.00245255418523,"AREA_SQKM":29.8100917061,"psgc_id":"PH1705317017","psgc_code":"1705317017","psgc_name":"Pinaglabanan","psgc_status":"matched","match_confidence":1.0,"psgc_type":"barangay","match_method":"exact","sga_member":false},"geometry":{"type":"Polygon","coordinates":[[[118.02442311000004,9.221809019000034],[118.08114008500002,9.223569160000068],[118.08137653900008,9.20901041600007],[118.064496125,9.189005526000074],[118.00776795800004,9.178729812000029],[118.02442311000004,9.221809019000034]]]}},{"type":"Feature","properties":{"ADM4_EN":"Sowangan","ADM4_PCODE":"PH1705317020","ADM4_REF":null,"ADM3_EN":"Quezon","ADM3_PCODE":"PH1705317","ADM2_EN":"Palawan","ADM2_PCODE":"PH17053","ADM1_EN":"Mimaropa Region","ADM1_PCODE":"PH17","ADM0_EN":"Philippines (the)","ADM0_PCODE":"PH","date":"2022-11-09","validOn":"2023-11-06","validTo":null,"Shape_Leng":0.50371626325,"Shape_Area":0.00784909654655,"AREA_SQKM":95.4144163132,"psgc_id":"PH1705317020","psgc_code":"1705317020","psgc_name":"Sowangan","psgc_status":"matched","match_confidence":1.0,"psgc_type":"barangay","match_method":"exact","sga_member":false},"geometry":{"type":"MultiPolygon","coordinates":[[[[117.88535443400008,9.235194412000055],[117.90171786500002,9.18514239500007],[117.94918922000011,9.128814348000049],[117.92333303600003,9.092272165000054],[117.84126382800002,9.160540370000035],[117.83628188400007,9.174380112000051],[117.82319745200004,9.172519672000021],[117.817513587,9.182391452000047],[117.81632561000004,9.191293363000057],[117.82899006500008,9.190224557000022],[117.85534534100009,9.21748444800005],[117.86197457700007,9.208713772000067],[117.86928719100001,9.229912065000065],[117.88535443400008,9.235194412000055]]],[[[117.85878361000005,9.248082859000021],[117.85684411900002,9.242893837000054],[117.84908130500003,9.243691039000055],[117.84938715800001,9.245189888000027],[117.85878361000005,9.248082859000021]]]]}},{"type":"Feature","properties":{"ADM4_EN":"Tabon","ADM4_PCODE":"PH1705317021","ADM4_REF":null,"ADM3_EN":"Quezon","ADM3_PCODE":"PH1705317","ADM2_EN":"Palawan","ADM2_PCODE":"PH17053","ADM1_EN":"Mimaropa Region","ADM1_PCODE":"PH17","ADM0_EN":"Philippines (the)","ADM0_PCODE":"PH","date":"2022-11-09","validOn":"2023-11-06","validTo":null,"Shape_Leng":0.382629630619,"Shape_Area":0.00293941042744,"AREA_SQKM":35.724477136,"psgc_id":"PH1705317021","psgc_code":"1705317021","psgc_name":"Tabon","psgc_status":"matched","match_confidence":1.0,"psgc_type":"barangay","match_method":"exact","sga_member":false},"geometry":{"type":"Polygon","coordinates":[[[118.03784816000007,9.277585749000025],[118.04258125900003,9.265979150000021],[118.05112619800002,9.26855862800005],[118.05632941200008,9.258984376000058],[118.0754562940001,9.252352907000045],[118.08303219400011,9.227967197000055],[118.03052542600005,9.227355373000023],[118.01912827900003,9.21500504200003],[118.00776795800004,9.178729812000029],[118.00174519600012,9.224773859000038],[118.00741423500006,9.229005259000076],[117.99777415800008,9.240237806000039],[118.02328736900006,9.246163726000077],[118.0229078100001,9.263448480000022],[118.03784816000007,9.277585749000025]]]}},{"type":"Feature","properties":{"ADM4_EN":"Calatagbak","ADM4_PCODE":"PH1705317023","ADM4_REF":null,"ADM3_EN":"Quezon","ADM3_PCODE":"PH1705317","ADM2_EN":"Palawan","ADM2_PCODE":"PH17053","ADM1_EN":"Mimaropa Region","ADM1_PCODE":"PH17","ADM0_EN":"Philippines (the)","ADM0_PCODE":"PH","date":"2022-11-09","validOn":"2023-11-06","validTo":null,"Shape_Leng":0.22250875643,"Shape_Area":0.00228533259771,"AREA_SQKM":27.7748587157,"psgc_id":"PH1705317023","psgc_code":"1705317023","psgc_name":"Calatagbak","psgc_status":"matched","match_confidence":1.0,"psgc_type":"barangay","match_method":"exact","sga_member":false},"geometry":{"type":"Polygon","coordinates":[[[118.1345536770001,9.263212372000055],[118.12040872300008,9.25183015400006],[118.11554765100004,9.207089112000062],[118.08137653900008,9.20901041600007],[118.07914889500012,9.244827013000076],[118.09351507500003,9.24943193300004],[118.10820942600003,9.281010627000057],[118.1345536770001,9.263212372000055]]]}},{"type":"Feature","properties":{"ADM4_EN":"Malatgao","ADM4_PCODE":"PH1705317024","ADM4_REF":null,"ADM3_EN":"Quezon","ADM3_PCODE":"PH1705317","ADM2_EN":"Palawan","ADM2_PCODE":"PH17053","ADM1_EN":"Mimaropa Region","ADM1_PCODE":"PH17","ADM0_EN":"Philippines (the)","ADM0_PCODE":"PH","date":"2022-11-09","validOn":"2023-11-06","validTo":null,"Shape_Leng":0.311133779878,"Shape_Area":0.00396052782584,"AREA_SQKM":48.1420273606,"psgc_id":"PH1705317024","psgc_code":"1705317024","psgc_name":"Malatgao","psgc_status":"matched","match_confidence":1.0,"psgc_type":"barangay","match_method":"exact","sga_member":false},"geometry":{"type":"Polygon","coordinates":[[[117.88535443400008,9.235194412000055],[117.93183144300008,9.219817921000072],[117.94493456600003,9.201942897000038],[117.95734391500002,9.16282454700007],[117.98317069400002,9.15965392000004],[117.94918922000011,9.128814348000049],[117.90171786500002,9.18514239500007],[117.88535443400008,9.235194412000055]]]}},{"type":"Feature","properties":{"ADM4_EN":"Tagusao","ADM4_PCODE":"PH1705317025","ADM4_REF":null,"ADM3_EN":"Quezon","ADM3_PCODE":"PH1705317","ADM2_EN":"Palawan","ADM2_PCODE":"PH17053","ADM1_EN":"Mimaropa Region","ADM1_PCODE":"PH17","ADM0_EN":"Philippines (the)","ADM0_PCODE":"PH","date":"2022-11-09","validOn":"2023-11-06","validTo":null,"Shape_Leng":0.445883170202,"Shape_Area":0.00583784403818,"AREA_SQKM":70.9742616435,"psgc_id":"PH1705317025","psgc_code":"1705317025","psgc_name":"Tagusao","psgc_status":"matched","match_confidence":1.0,"psgc_type":"barangay","match_method":"exact","sga_member":false},"geometry":{"type":"Polygon","coordinates":[[[117.8129293720001,9.198059456000067],[117.82170972400002,9.173889060000022],[117.83628188400007,9.174380112000051],[117.84126382800002,9.160540370000035],[117.92333303600003,9.092272165000054],[117.90946259700002,9.043898515000024],[117.80765623600007,9.140719743000034],[117.81125740100003,9.162824379000028],[117.8012476780001,9.176377105000029],[117.8129293720001,9.198059456000067]]]}},{"type":"Feature","properties":{"ADM4_EN":"Abaroan","ADM4_PCODE":"PH1705318001","ADM4_REF":null,"ADM3_EN":"Roxas","ADM3_PCODE":"PH1705318","ADM2_EN":"Palawan","ADM2_PCODE":"PH17053","ADM1_EN":"Mimaropa Region","ADM1_PCODE":"PH17","ADM0_EN":"Philippines (the)","ADM0_PCODE":"PH","date":"2022-11-09","validOn":"2023-11-06","validTo":null,"Shape_Leng":0.380407543363,"Shape_Area":0.00761972047137,"AREA_SQKM":92.2997472059,"psgc_id":"PH1705318001","psgc_code":"1705318001","psgc_name":"Abaroan","psgc_status":"matched","match_confidence":1.0,"psgc_type":"barangay","match_method":"exact","sga_member":false},"geometry":{"type":"Polygon","coordinates":[[[119.33834007300004,10.354561360000048],[119.29464648200008,10.34693076900004],[119.26534949100005,10.322971463000044],[119.17811709800003,10.369943687000045],[119.27795367600004,10.417498884000054],[119.33834007300004,10.354561360000048]]]}},{"type":"Feature","properties":{"ADM4_EN":"Antonino","ADM4_PCODE":"PH1705318002","ADM4_REF":null,"ADM3_EN":"Roxas","ADM3_PCODE":"PH1705318","ADM2_EN":"Palawan","ADM2_PCODE":"PH17053","ADM1_EN":"Mimaropa Region","ADM1_PCODE":"PH17","ADM0_EN":"Philippines (the)","ADM0_PCODE":"PH","date":"2022-11-09","validOn":"2023-11-06","validTo":null,"Shape_Leng":0.501347259671,"Shape_Area":0.0104865650091,"AREA_SQKM":126.9898833,"psgc_id":"PH1705318002","psgc_code":"1705318002","psgc_name":"Antonino","psgc_status":"matched","match_confidence":1.0,"psgc_type":"barangay","match_method":"exact","sga_member":false},"geometry":{"type":"Polygon","coordinates":[[[119.49476635000008,10.483782113000075],[119.5076750400001,10.484992212000066],[119.52417000500009,10.50354881900006],[119.54793553700006,10.506727875000024],[119.514806,10.412819],[119.46970990000011,10.413632580000069],[119.44049435500006,10.404713786000059],[119.430617,10.426829],[119.39998887800004,10.443391949000045],[119.42701992200011,10.474705407000044],[119.42515570300009,10.516197759000022],[119.444861,10.534022],[119.49476635000008,10.483782113000075]]]}},{"type":"Feature","properties":{"ADM4_EN":"Bagong Bayan","ADM4_PCODE":"PH1705318003","ADM4_REF":null,"ADM3_EN":"Roxas","ADM3_PCODE":"PH1705318","ADM2_EN":"Palawan","ADM2_PCODE":"PH17053","ADM1_EN":"Mimaropa Region","ADM1_PCODE":"PH17","ADM0_EN":"Philippines (the)","ADM0_PCODE":"PH","date":"2022-11-09","validOn":"2023-11-06","validTo":null,"Shape_Leng":0.311234883748,"Shape_Area":0.00244756205458,"AREA_SQKM":29.6400510878,"psgc_id":"PH1705318003","psgc_code":"1705318003","psgc_name":"Bagong Bayan","psgc_status":"matched","match_confidence":1.0,"psgc_type":"barangay","match_method":"exact","sga_member":false},"geometry":{"type":"Polygon","coordinates":[[[119.55178839500002,10.509598222000022],[119.55638082500002,10.48386821500003],[119.57446621400004,10.457869809000044],[119.56805957300003,10.451451490000068],[119.57241993900004,10.43623038000004],[119.5865481730001,10.438999348000038],[119.58282385200005,10.427791550000052],[119.5501705260001,10.41242830300007],[119.54934665300004,10.435063176000028],[119.5277784220001,10.451083907000054],[119.55178839500002,10.509598222000022]]]}},{"type":"Feature","properties":{"ADM4_EN":"Caramay","ADM4_PCODE":"PH1705318004","ADM4_REF":null,"ADM3_EN":"Roxas","ADM3_PCODE":"PH1705318","ADM2_EN":"Palawan","ADM2_PCODE":"PH17053","ADM1_EN":"Mimaropa Region","ADM1_PCODE":"PH17","ADM0_EN":"Philippines (the)","ADM0_PCODE":"PH","date":"2022-11-09","validOn":"2023-11-06","validTo":null,"Shape_Leng":0.4898647093,"Shape_Area":0.00638267192845,"AREA_SQKM":77.3501896774,"psgc_id":"PH1705318004","psgc_code":"1705318004","psgc_name":"Caramay","psgc_status":"matched","match_confidence":1.0,"psgc_type":"barangay","match_method":"exact","sga_member":false},"geometry":{"type":"MultiPolygon","coordinates":[[[[119.25683223700003,10.185878368000033],[119.25798078800005,10.185368659000062],[119.25659588000008,10.185721241000067],[119.25683223700003,10.185878368000033]]],[[[119.22134816000005,10.203591310000036],[119.24425790700002,10.199588538000057],[119.2473778850001,10.181966415000034],[119.23278285600009,10.18102895800007],[119.22910715700004,10.16440368800005],[119.16303727900004,10.180041890000041],[119.098715,10.315789],[119.12642180000012,10.301435024000057],[119.15092334100007,10.263175170000068],[119.22134816000005,10.203591310000036]]]]}},{"type":"Feature","properties":{"ADM4_EN":"Dumarao","ADM4_PCODE":"PH1705318005","ADM4_REF":null,"ADM3_EN":"Roxas","ADM3_PCODE":"PH1705318","ADM2_EN":"Palawan","ADM2_PCODE":"PH17053","ADM1_EN":"Mimaropa Region","ADM1_PCODE":"PH17","ADM0_EN":"Philippines (the)","ADM0_PCODE":"PH","date":"2022-11-09","validOn":"2023-11-06","validTo":null,"Shape_Leng":0.393054636542,"Shape_Area":0.00839201107432,"AREA_SQKM":101.611951664,"psgc_id":"PH1705318005","psgc_code":"1705318005","psgc_name":"Dumarao","psgc_status":"matched","match_confidence":1.0,"psgc_type":"barangay","match_method":"exact","sga_member":false},"geometry":{"type":"Polygon","coordinates":[[[119.366077,10.587404],[119.40475431400012,10.557721480000055],[119.42515570300009,10.516197759000022],[119.42701992200011,10.474705407000044],[119.39442525000004,10.432926228000042],[119.36830282200003,10.442143195000028],[119.33713595300003,10.471588299000075],[119.36464668000008,10.510787622000066],[119.35387845500009,10.575174858000025],[119.366077,10.587404]]]}},{"type":"Feature","properties":{"ADM4_EN":"Iraan","ADM4_PCODE":"PH1705318006","ADM4_REF":null,"ADM3_EN":"Roxas","ADM3_PCODE":"PH1705318","ADM2_EN":"Palawan","ADM2_PCODE":"PH17053","ADM1_EN":"Mimaropa Region","ADM1_PCODE":"PH17","ADM0_EN":"Philippines (the)","ADM0_PCODE":"PH","date":"2022-11-09","validOn":"2023-11-06","validTo":null,"Shape_Leng":0.173188190115,"Shape_Area":0.000951316635973,"AREA_SQKM":11.5209890353,"psgc_id":"PH1705318006","psgc_code":"1705318006","psgc_name":"Iraan","psgc_status":"matched","match_confidence":1.0,"psgc_type":"barangay","match_method":"exact","sga_member":false},"geometry":{"type":"Polygon","coordinates":[[[119.33713595300003,10.471588299000075],[119.36830282200003,10.442143195000028],[119.39442525000004,10.432926228000042],[119.37958139000011,10.417138390000048],[119.32964663000007,10.46386022200005],[119.33713595300003,10.471588299000075]]]}},{"type":"Feature","properties":{"ADM4_EN":"Jolo","ADM4_PCODE":"PH1705318008","ADM4_REF":null,"ADM3_EN":"Roxas","ADM3_PCODE":"PH1705318","ADM2_EN":"Palawan","ADM2_PCODE":"PH17053","ADM1_EN":"Mimaropa Region","ADM1_PCODE":"PH17","ADM0_EN":"Philippines (the)","ADM0_PCODE":"PH","date":"2022-11-09","validOn":"2023-11-06","validTo":null,"Shape_Leng":0.617242959071,"Shape_Area":0.00453336109562,"AREA_SQKM":54.9479754971,"psgc_id":"PH1705318008","psgc_code":"1705318008","psgc_name":"Jolo","psgc_status":"matched","match_confidence":1.0,"psgc_type":"barangay","match_method":"exact","sga_member":false},"geometry":{"type":"MultiPolygon","coordinates":[[[[119.23045051000008,10.087451570000042],[119.23149653200005,10.07365291900004],[119.22258177200001,10.060345446000042],[119.21448948300008,10.06097107200003],[119.23045051000008,10.087451570000042]]],[[[119.08444347500006,10.27655328700007],[119.21893590900004,10.088516105000053],[119.21014176300002,10.070012125000062],[119.07599086900007,10.252914641000075],[119.08444347500006,10.27655328700007]]]]}},{"type":"Feature","properties":{"ADM4_EN":"Magara (Arasan)","ADM4_PCODE":"PH1705318009","ADM4_REF":null,"ADM3_EN":"Roxas","ADM3_PCODE":"PH1705318","ADM2_EN":"Palawan","ADM2_PCODE":"PH17053","ADM1_EN":"Mimaropa Region","ADM1_PCODE":"PH17","ADM0_EN":"Philippines (the)","ADM0_PCODE":"PH","date":"2022-11-09","validOn":"2023-11-06","validTo":null,"Shape_Leng":0.39759985332,"Shape_Area":0.00672162125791,"AREA_SQKM":81.4435213108,"psgc_id":"PH1705318009","psgc_code":"1705318009","psgc_name":"Magara","psgc_status":"matched","match_confidence":1.0,"psgc_type":"barangay","match_method":"exact","sga_member":false},"geometry":{"type":"Polygon","coordinates":[[[119.14148399900012,10.343315226000072],[119.2142528170001,10.269986685000049],[119.23867663400006,10.264615831000071],[119.23623533800003,10.238457018000076],[119.219823,10.220183],[119.20155855200005,10.233866080000041],[119.19311966400005,10.226125609000064],[119.15092334100007,10.263175170000068],[119.12642180000012,10.301435024000057],[119.098715,10.315789],[119.14148399900012,10.343315226000072]]]}},{"type":"Feature","properties":{"ADM4_EN":"Malcampo","ADM4_PCODE":"PH1705318010","ADM4_REF":null,"ADM3_EN":"Roxas","ADM3_PCODE":"PH1705318","ADM2_EN":"Palawan","ADM2_PCODE":"PH17053","ADM1_EN":"Mimaropa Region","ADM1_PCODE":"PH17","ADM0_EN":"Philippines (the)","ADM0_PCODE":"PH","date":"2022-11-09","validOn":"2023-11-06","validTo":null,"Shape_Leng":0.207322915685,"Shape_Area":0.00163604056539,"AREA_SQKM":19.8214737408,"psgc_id":"PH1705318010","psgc_code":"1705318010","psgc_name":"Malcampo","psgc_status":"matched","match_confidence":1.0,"psgc_type":"barangay","match_method":"exact","sga_member":false},"geometry":{"type":"Polygon","coordinates":[[[119.302995,10.310271],[119.31272793900007,10.298501644000055],[119.28906682700006,10.274108746000024],[119.27441977,10.295628460000046],[119.28399563700009,10.300306951000039],[119.26534949100005,10.322971463000044],[119.29481432900002,10.34695937600003],[119.302995,10.310271]]]}},{"type":"Feature","properties":{"ADM4_EN":"Mendoza","ADM4_PCODE":"PH1705318011","ADM4_REF":null,"ADM3_EN":"Roxas","ADM3_PCODE":"PH1705318","ADM2_EN":"Palawan","ADM2_PCODE":"PH17053","ADM1_EN":"Mimaropa Region","ADM1_PCODE":"PH17","ADM0_EN":"Philippines (the)","ADM0_PCODE":"PH","date":"2022-11-09","validOn":"2023-11-06","validTo":null,"Shape_Leng":0.17422175968,"Shape_Area":0.00166990259223,"AREA_SQKM":20.2252240716,"psgc_id":"PH1705318011","psgc_code":"1705318011","psgc_name":"Mendoza","psgc_status":"matched","match_confidence":1.0,"psgc_type":"barangay","match_method":"exact","sga_member":false},"geometry":{"type":"Polygon","coordinates":[[[119.39998887800004,10.443391949000045],[119.43233235000002,10.423014735000038],[119.40161840400003,10.380361935000053],[119.37846869000009,10.415406110000049],[119.39998887800004,10.443391949000045]]]}},{"type":"Feature","properties":{"ADM4_EN":"Narra (Minara)","ADM4_PCODE":"PH1705318012","ADM4_REF":null,"ADM3_EN":"Roxas","ADM3_PCODE":"PH1705318","ADM2_EN":"Palawan","ADM2_PCODE":"PH17053","ADM1_EN":"Mimaropa Region","ADM1_PCODE":"PH17","ADM0_EN":"Philippines (the)","ADM0_PCODE":"PH","date":"2022-11-09","validOn":"2023-11-06","validTo":null,"Shape_Leng":0.293435702053,"Shape_Area":0.00200249664126,"AREA_SQKM":24.2555921684,"psgc_id":"PH1705318012","psgc_code":"1705318012","psgc_name":"Narra","psgc_status":"matched","match_confidence":1.0,"psgc_type":"barangay","match_method":"exact","sga_member":false},"geometry":{"type":"Polygon","coordinates":[[[119.30522083300002,10.441799875000072],[119.38078367300011,10.346978816000046],[119.36383337300003,10.338723537000021],[119.33609038000009,10.361946660000058],[119.29505885300011,10.432917718000056],[119.30522083300002,10.441799875000072]]]}},{"type":"Feature","properties":{"ADM4_EN":"New Barbacan (Retac)","ADM4_PCODE":"PH1705318013","ADM4_REF":null,"ADM3_EN":"Roxas","ADM3_PCODE":"PH1705318","ADM2_EN":"Palawan","ADM2_PCODE":"PH17053","ADM1_EN":"Mimaropa Region","ADM1_PCODE":"PH17","ADM0_EN":"Philippines (the)","ADM0_PCODE":"PH","date":"2022-11-09","validOn":"2023-11-06","validTo":null,"Shape_Leng":0.294433345841,"Shape_Area":0.00169537141876,"AREA_SQKM":20.5356003644,"psgc_id":"PH1705318013","psgc_code":"1705318013","psgc_name":"New Barbacan","psgc_status":"matched","match_confidence":1.0,"psgc_type":"barangay","match_method":"exact","sga_member":false},"geometry":{"type":"Polygon","coordinates":[[[119.29505885300011,10.432917718000056],[119.33609038000009,10.361946660000058],[119.36383337300003,10.338723537000021],[119.35287490700011,10.322629619000054],[119.33834007300004,10.354561360000048],[119.27795367600004,10.417498884000054],[119.29505885300011,10.432917718000056]]]}},{"type":"Feature","properties":{"ADM4_EN":"New Cuyo","ADM4_PCODE":"PH1705318014","ADM4_REF":null,"ADM3_EN":"Roxas","ADM3_PCODE":"PH1705318","ADM2_EN":"Palawan","ADM2_PCODE":"PH17053","ADM1_EN":"Mimaropa Region","ADM1_PCODE":"PH17","ADM0_EN":"Philippines (the)","ADM0_PCODE":"PH","date":"2022-11-09","validOn":"2023-11-06","validTo":null,"Shape_Leng":0.327923483723,"Shape_Area":0.00280704633843,"AREA_SQKM":34.009113998,"psgc_id":"PH1705318014","psgc_code":"1705318014","psgc_name":"New Cuyo","psgc_status":"matched","match_confidence":1.0,"psgc_type":"barangay","match_method":"exact","sga_member":false},"geometry":{"type":"Polygon","coordinates":[[[119.21760698100002,10.346596153000064],[119.24270215000001,10.31219236000004],[119.27441977,10.295628460000046],[119.28906682700006,10.274108746000024],[119.28552209300005,10.262435966000055],[119.25415692700005,10.269245167000065],[119.17811709800003,10.369943687000045],[119.21760698100002,10.346596153000064]]]}},{"type":"Feature","properties":{"ADM4_EN":"Barangay 1 (Pob.)","ADM4_PCODE":"PH1705318015","ADM4_REF":null,"ADM3_EN":"Roxas","ADM3_PCODE":"PH1705318","ADM2_EN":"Palawan","ADM2_PCODE":"PH17053","ADM1_EN":"Mimaropa Region","ADM1_PCODE":"PH17","ADM0_EN":"Philippines (the)","ADM0_PCODE":"PH","date":"2022-11-09","validOn":"2023-11-06","validTo":null,"Shape_Leng":0.0597659877676,"Shape_Area":6.21307292812e-05,"AREA_SQKM":0.75273647655,"psgc_id":"PH1705318015","psgc_code":"1705318015","psgc_name":"Barangay 1","psgc_status":"matched","match_confidence":1.0,"psgc_type":"barangay","match_method":"exact","sga_member":false},"geometry":{"type":"MultiPolygon","coordinates":[[[[119.38887233000003,10.30518831300003],[119.39297688300007,10.302909628000066],[119.38892320500008,10.301294145000043],[119.38887233000003,10.30518831300003]]],[[[119.34990907400004,10.323020879000069],[119.352461951,10.315052385000058],[119.3445859410001,10.316049814000053],[119.34451961700006,10.31956725200007],[119.34990907400004,10.323020879000069]]]]}},{"type":"Feature","properties":{"ADM4_EN":"Rizal","ADM4_PCODE":"PH1705318017","ADM4_REF":null,"ADM3_EN":"Roxas","ADM3_PCODE":"PH1705318","ADM2_EN":"Palawan","ADM2_PCODE":"PH17053","ADM1_EN":"Mimaropa Region","ADM1_PCODE":"PH17","ADM0_EN":"Philippines (the)","ADM0_PCODE":"PH","date":"2022-11-09","validOn":"2023-11-06","validTo":null,"Shape_Leng":0.243508770512,"Shape_Area":0.00150983485444,"AREA_SQKM":18.2959050933,"psgc_id":"PH1705318017","psgc_code":"1705318017","psgc_name":"Rizal","psgc_status":"matched","match_confidence":1.0,"psgc_type":"barangay","match_method":"exact","sga_member":false},"geometry":{"type":"MultiPolygon","coordinates":[[[[119.2936472880001,10.210963468000045],[119.29484145600009,10.210638440000025],[119.29493655800002,10.209873999000024],[119.2936472880001,10.210963468000045]]],[[[119.29898252700002,10.237945189000072],[119.30427133600006,10.237404262000041],[119.30227027100011,10.233870025000044],[119.29898252700002,10.237945189000072]]],[[[119.30022458500002,10.242672109000068],[119.30067189500005,10.241088607000052],[119.29930304800007,10.24301339300007],[119.30022458500002,10.242672109000068]]],[[[119.32640627400008,10.249936456000057],[119.33287749200008,10.24111836700007],[119.32635628300011,10.236565514000063],[119.32168837300003,10.240615202000072],[119.32640627400008,10.249936456000057]]],[[[119.28538094500004,10.260721344000046],[119.25325569300003,10.220394021000061],[119.23623533800003,10.238457018000076],[119.2384110810001,10.261786366000024],[119.25415692700005,10.269245167000065],[119.28538094500004,10.260721344000046]]]]}},{"type":"Feature","properties":{"ADM4_EN":"Salvacion","ADM4_PCODE":"PH1705318018","ADM4_REF":null,"ADM3_EN":"Roxas","ADM3_PCODE":"PH1705318","ADM2_EN":"Palawan","ADM2_PCODE":"PH17053","ADM1_EN":"Mimaropa Region","ADM1_PCODE":"PH17","ADM0_EN":"Philippines (the)","ADM0_PCODE":"PH","date":"2022-11-09","validOn":"2023-11-06","validTo":null,"Shape_Leng":0.170304271081,"Shape_Area":0.00117191430857,"AREA_SQKM":14.2023872006,"psgc_id":"PH1705318018","psgc_code":"1705318018","psgc_name":"Salvacion","psgc_status":"matched","match_confidence":1.0,"psgc_type":"barangay","match_method":"exact","sga_member":false},"geometry":{"type":"Polygon","coordinates":[[[119.25175946000002,10.221781290000024],[119.240566,10.198898],[119.22134816000005,10.203591310000036],[119.19311966400005,10.226125609000064],[119.20155855200005,10.233866080000041],[119.219823,10.220183],[119.23623533800003,10.238457018000076],[119.25175946000002,10.221781290000024]]]}},{"type":"Feature","properties":{"ADM4_EN":"San Isidro","ADM4_PCODE":"PH1705318019","ADM4_REF":null,"ADM3_EN":"Roxas","ADM3_PCODE":"PH1705318","ADM2_EN":"Palawan","ADM2_PCODE":"PH17053","ADM1_EN":"Mimaropa Region","ADM1_PCODE":"PH17","ADM0_EN":"Philippines (the)","ADM0_PCODE":"PH","date":"2022-11-09","validOn":"2023-11-06","validTo":null,"Shape_Leng":0.15337515682,"Shape_Area":0.00117483350983,"AREA_SQKM":14.2302881646,"psgc_id":"PH1705318019","psgc_code":"1705318019","psgc_name":"San Isidro","psgc_status":"matched","match_confidence":1.0,"psgc_type":"barangay","match_method":"exact","sga_member":false},"geometry":{"type":"Polygon","coordinates":[[[119.44049435500006,10.404713786000059],[119.4293305000001,10.364377500000046],[119.41614468700004,10.360397109000075],[119.40161840400003,10.380361935000053],[119.43233235000002,10.423014735000038],[119.44049435500006,10.404713786000059]]]}},{"type":"Feature","properties":{"ADM4_EN":"San Jose","ADM4_PCODE":"PH1705318020","ADM4_REF":null,"ADM3_EN":"Roxas","ADM3_PCODE":"PH1705318","ADM2_EN":"Palawan","ADM2_PCODE":"PH17053","ADM1_EN":"Mimaropa Region","ADM1_PCODE":"PH17","ADM0_EN":"Philippines (the)","ADM0_PCODE":"PH","date":"2022-11-09","validOn":"2023-11-06","validTo":null,"Shape_Leng":0.172650736443,"Shape_Area":0.000979755267539,"AREA_SQKM":11.8699918962,"psgc_id":"PH1705318020","psgc_code":"1705318020","psgc_name":"San Jose","psgc_status":"matched","match_confidence":1.0,"psgc_type":"barangay","match_method":"exact","sga_member":false},"geometry":{"type":"Polygon","coordinates":[[[119.21760698100002,10.346596153000064],[119.26534949100005,10.322971463000044],[119.28399563700009,10.300306951000039],[119.27441977,10.295628460000046],[119.254422,10.303307],[119.21760698100002,10.346596153000064]]]}},{"type":"Feature","properties":{"ADM4_EN":"San Miguel","ADM4_PCODE":"PH1705318021","ADM4_REF":null,"ADM3_EN":"Roxas","ADM3_PCODE":"PH1705318","ADM2_EN":"Palawan","ADM2_PCODE":"PH17053","ADM1_EN":"Mimaropa Region","ADM1_PCODE":"PH17","ADM0_EN":"Philippines (the)","ADM0_PCODE":"PH","date":"2022-11-09","validOn":"2023-11-06","validTo":null,"Shape_Leng":0.258453822385,"Shape_Area":0.00117463339847,"AREA_SQKM":14.239844779,"psgc_id":"PH1705318021","psgc_code":"1705318021","psgc_name":"San Miguel","psgc_status":"matched","match_confidence":1.0,"psgc_type":"barangay","match_method":"exact","sga_member":false},"geometry":{"type":"MultiPolygon","coordinates":[[[[119.2404558830001,10.127435525000067],[119.24716259200011,10.103565983000067],[119.23720097700004,10.086443270000075],[119.22941453600004,10.092777761000036],[119.2326287090001,10.12218186900003],[119.2404558830001,10.127435525000067]]],[[[119.20862895800008,10.136063669000066],[119.22729777300003,10.120163510000054],[119.21729553000011,10.093867523000029],[119.19133060000001,10.12754674000007],[119.20862895800008,10.136063669000066]]]]}},{"type":"Feature","properties":{"ADM4_EN":"San Nicolas","ADM4_PCODE":"PH1705318022","ADM4_REF":null,"ADM3_EN":"Roxas","ADM3_PCODE":"PH1705318","ADM2_EN":"Palawan","ADM2_PCODE":"PH17053","ADM1_EN":"Mimaropa Region","ADM1_PCODE":"PH17","ADM0_EN":"Philippines (the)","ADM0_PCODE":"PH","date":"2022-11-09","validOn":"2023-11-06","validTo":null,"Shape_Leng":0.344123225056,"Shape_Area":0.00209052086251,"AREA_SQKM":25.3213359169,"psgc_id":"PH1705318022","psgc_code":"1705318022","psgc_name":"San Nicolas","psgc_status":"matched","match_confidence":1.0,"psgc_type":"barangay","match_method":"exact","sga_member":false},"geometry":{"type":"Polygon","coordinates":[[[119.34386023500008,10.406435429000055],[119.3777715980001,10.377484396000057],[119.38511603200004,10.383144639000022],[119.39640749500006,10.373344348000046],[119.39993992400002,10.377332326000044],[119.3908379930001,10.363638537000043],[119.39287021300004,10.345246491000069],[119.38261507700008,10.345568467000021],[119.36241944000005,10.364336180000066],[119.30522083300002,10.441799875000072],[119.31780980700012,10.453413545000046],[119.34386023500008,10.406435429000055]]]}},{"type":"Feature","properties":{"ADM4_EN":"Sandoval","ADM4_PCODE":"PH1705318023","ADM4_REF":null,"ADM3_EN":"Roxas","ADM3_PCODE":"PH1705318","ADM2_EN":"Palawan","ADM2_PCODE":"PH17053","ADM1_EN":"Mimaropa Region","ADM1_PCODE":"PH17","ADM0_EN":"Philippines (the)","ADM0_PCODE":"PH","date":"2022-11-09","validOn":"2023-11-06","validTo":null,"Shape_Leng":0.381495291209,"Shape_Area":0.00304546054068,"AREA_SQKM":36.8862571007,"psgc_id":"PH1705318023","psgc_code":"1705318023","psgc_name":"Sandoval","psgc_status":"matched","match_confidence":1.0,"psgc_type":"barangay","match_method":"exact","sga_member":false},"geometry":{"type":"Polygon","coordinates":[[[119.32964663000007,10.46386022200005],[119.39083342000004,10.400790830000062],[119.41614468700004,10.360397109000075],[119.40595169800008,10.347207532000027],[119.39253930100006,10.350561647000063],[119.3908379930001,10.363638537000043],[119.39733062000005,10.365937660000043],[119.39993992400002,10.377332326000044],[119.39640749500006,10.373344348000046],[119.38511603200004,10.383144639000022],[119.3777715980001,10.377484396000057],[119.35024541900009,10.395689632000028],[119.31780980700012,10.453413545000046],[119.32964663000007,10.46386022200005]]]}},{"type":"Feature","properties":{"ADM4_EN":"Tagumpay","ADM4_PCODE":"PH1705318024","ADM4_REF":null,"ADM3_EN":"Roxas","ADM3_PCODE":"PH1705318","ADM2_EN":"Palawan","ADM2_PCODE":"PH17053","ADM1_EN":"Mimaropa Region","ADM1_PCODE":"PH17","ADM0_EN":"Philippines (the)","ADM0_PCODE":"PH","date":"2022-11-09","validOn":"2023-11-06","validTo":null,"Shape_Leng":0.320919242839,"Shape_Area":0.00425605781792,"AREA_SQKM":51.5636343426,"psgc_id":"PH1705318024","psgc_code":"1705318024","psgc_name":"Tagumpay","psgc_status":"matched","match_confidence":1.0,"psgc_type":"barangay","match_method":"exact","sga_member":false},"geometry":{"type":"Polygon","coordinates":[[[119.17811709800003,10.369943687000045],[119.22532347900005,10.302014672000041],[119.25415692700005,10.269245167000065],[119.2384110810001,10.261786366000024],[119.2142528170001,10.269986685000049],[119.14148399900012,10.343315226000072],[119.17811709800003,10.369943687000045]]]}},{"type":"Feature","properties":{"ADM4_EN":"Taradungan","ADM4_PCODE":"PH1705318025","ADM4_REF":null,"ADM3_EN":"Roxas","ADM3_PCODE":"PH1705318","ADM2_EN":"Palawan","ADM2_PCODE":"PH17053","ADM1_EN":"Mimaropa Region","ADM1_PCODE":"PH17","ADM0_EN":"Philippines (the)","ADM0_PCODE":"PH","date":"2022-11-09","validOn":"2023-11-06","validTo":null,"Shape_Leng":0.336257048962,"Shape_Area":0.00449759838749,"AREA_SQKM":54.4758792068,"psgc_id":"PH1705318025","psgc_code":"1705318025","psgc_name":"Taradungan","psgc_status":"matched","match_confidence":1.0,"psgc_type":"barangay","match_method":"exact","sga_member":false},"geometry":{"type":"Polygon","coordinates":[[[119.54915591800011,10.435206219000065],[119.5501705260001,10.41242830300007],[119.569368,10.37296],[119.51105298100003,10.360803407000049],[119.49046180200003,10.371093105000057],[119.47007712900006,10.413659764000045],[119.514806,10.412819],[119.5277784220001,10.451083907000054],[119.54915591800011,10.435206219000065]]]}},{"type":"Feature","properties":{"ADM4_EN":"Tinitian","ADM4_PCODE":"PH1705318026","ADM4_REF":null,"ADM3_EN":"Roxas","ADM3_PCODE":"PH1705318","ADM2_EN":"Palawan","ADM2_PCODE":"PH17053","ADM1_EN":"Mimaropa Region","ADM1_PCODE":"PH17","ADM0_EN":"Philippines (the)","ADM0_PCODE":"PH","date":"2022-11-09","validOn":"2023-11-06","validTo":null,"Shape_Leng":0.636753909246,"Shape_Area":0.00667184198576,"AREA_SQKM":80.8803643934,"psgc_id":"PH1705318026","psgc_code":"1705318026","psgc_name":"Tinitian","psgc_status":"matched","match_confidence":1.0,"psgc_type":"barangay","match_method":"exact","sga_member":false},"geometry":{"type":"Polygon","coordinates":[[[119.07599086900007,10.252914641000075],[119.21014176300002,10.070012125000062],[119.20582479200004,10.053935744000057],[119.13611044400011,10.02537804700006],[119.15858181400006,10.120522504000064],[119.06620954000005,10.226487813000062],[119.07599086900007,10.252914641000075]]]}},{"type":"Feature","properties":{"ADM4_EN":"Tumarbong","ADM4_PCODE":"PH1705318028","ADM4_REF":null,"ADM3_EN":"Roxas","ADM3_PCODE":"PH1705318","ADM2_EN":"Palawan","ADM2_PCODE":"PH17053","ADM1_EN":"Mimaropa Region","ADM1_PCODE":"PH17","ADM0_EN":"Philippines (the)","ADM0_PCODE":"PH","date":"2022-11-09","validOn":"2023-11-06","validTo":null,"Shape_Leng":0.29581494572,"Shape_Area":0.00197691463843,"AREA_SQKM":23.9458497507,"psgc_id":"PH1705318028","psgc_code":"1705318028","psgc_name":"Tumarbong","psgc_status":"matched","match_confidence":1.0,"psgc_type":"barangay","match_method":"exact","sga_member":false},"geometry":{"type":"MultiPolygon","coordinates":[[[[119.49550358700003,10.270268156000043],[119.49024205600006,10.265910862000055],[119.4895997970001,10.266084790000036],[119.49550358700003,10.270268156000043]]],[[[119.44972525800006,10.284405255000024],[119.45276891300011,10.282401899000035],[119.44964241800005,10.283193202000064],[119.44972525800006,10.284405255000024]]],[[[119.48042266800007,10.317735913000035],[119.4831780830001,10.31869869600007],[119.48303141100007,10.317797960000064],[119.48042266800007,10.317735913000035]]],[[[119.47015342200007,10.413494790000072],[119.49046180200003,10.371093105000057],[119.45681320500012,10.375397503000045],[119.42712513700008,10.35176412900006],[119.41549322100002,10.355580588000066],[119.4293305000001,10.364377500000046],[119.44049435500006,10.404713786000059],[119.47015342200007,10.413494790000072]]]]}},{"type":"Feature","properties":{"ADM4_EN":"Barangay II (Pob.)","ADM4_PCODE":"PH1705318029","ADM4_REF":null,"ADM3_EN":"Roxas","ADM3_PCODE":"PH1705318","ADM2_EN":"Palawan","ADM2_PCODE":"PH17053","ADM1_EN":"Mimaropa Region","ADM1_PCODE":"PH17","ADM0_EN":"Philippines (the)","ADM0_PCODE":"PH","date":"2022-11-09","validOn":"2023-11-06","validTo":null,"Shape_Leng":0.0934014577436,"Shape_Area":9.61704464141e-05,"AREA_SQKM":1.16525604944,"psgc_id":"PH1705318029","psgc_code":"1705318029","psgc_name":"Barangay II","psgc_status":"matched","match_confidence":1.0,"psgc_type":"barangay","match_method":"exact","sga_member":false},"geometry":{"type":"MultiPolygon","coordinates":[[[[119.35604726800011,10.281940639000027],[119.36240275700004,10.27672145300005],[119.3521128110001,10.269186495000042],[119.35071465700003,10.271830487000045],[119.35604726800011,10.281940639000027]]],[[[119.36304535600004,10.286071913000058],[119.36547683300012,10.286298225000053],[119.36422463400004,10.284917557000028],[119.36304535600004,10.286071913000058]]],[[[119.34130661600011,10.316051282000046],[119.34455082000011,10.31905185000005],[119.3445859410001,10.316049814000053],[119.34130661600011,10.316051282000046]]]]}},{"type":"Feature","properties":{"ADM4_EN":"Barangay III (Pob.)","ADM4_PCODE":"PH1705318030","ADM4_REF":null,"ADM3_EN":"Roxas","ADM3_PCODE":"PH1705318","ADM2_EN":"Palawan","ADM2_PCODE":"PH17053","ADM1_EN":"Mimaropa Region","ADM1_PCODE":"PH17","ADM0_EN":"Philippines (the)","ADM0_PCODE":"PH","date":"2022-11-09","validOn":"2023-11-06","validTo":null,"Shape_Leng":0.0963973576466,"Shape_Area":0.000436085641545,"AREA_SQKM":5.28296844047,"psgc_id":"PH1705318030","psgc_code":"1705318030","psgc_name":"Barangay III","psgc_status":"matched","match_confidence":1.0,"psgc_type":"barangay","match_method":"exact","sga_member":false},"geometry":{"type":"Polygon","coordinates":[[[119.3385536940001,10.354220920000046],[119.347889,10.32071],[119.33637486000009,10.321893129000046],[119.32564474500009,10.352079170000025],[119.3385536940001,10.354220920000046]]]}},{"type":"Feature","properties":{"ADM4_EN":"Barangay IV (Pob.)","ADM4_PCODE":"PH1705318031","ADM4_REF":null,"ADM3_EN":"Roxas","ADM3_PCODE":"PH1705318","ADM2_EN":"Palawan","ADM2_PCODE":"PH17053","ADM1_EN":"Mimaropa Region","ADM1_PCODE":"PH17","ADM0_EN":"Philippines (the)","ADM0_PCODE":"PH","date":"2022-11-09","validOn":"2023-11-06","validTo":null,"Shape_Leng":0.174472740714,"Shape_Area":0.0014445293021,"AREA_SQKM":17.5002448198,"psgc_id":"PH1705318031","psgc_code":"1705318031","psgc_name":"Barangay IV","psgc_status":"matched","match_confidence":1.0,"psgc_type":"barangay","match_method":"exact","sga_member":false},"geometry":{"type":"Polygon","coordinates":[[[119.32564474500009,10.352079170000025],[119.34130661600011,10.316051282000046],[119.32587776600008,10.313510763000068],[119.31262984800003,10.298366804000068],[119.29481432900002,10.34695937600003],[119.32564474500009,10.352079170000025]]]}},{"type":"Feature","properties":{"ADM4_EN":"Barangay V Pob. (Porao Island)","ADM4_PCODE":"PH1705318032","ADM4_REF":null,"ADM3_EN":"Roxas","ADM3_PCODE":"PH1705318","ADM2_EN":"Palawan","ADM2_PCODE":"PH17053","ADM1_EN":"Mimaropa Region","ADM1_PCODE":"PH17","ADM0_EN":"Philippines (the)","ADM0_PCODE":"PH","date":"2022-11-09","validOn":"2023-11-06","validTo":null,"Shape_Leng":0.00946672861063,"Shape_Area":4.81970238916e-06,"AREA_SQKM":0.0584026755648,"psgc_id":"PH1705318032","psgc_code":"1705318032","psgc_name":"Barangay V Pob.","psgc_status":"matched","match_confidence":1.0,"psgc_type":"barangay","match_method":"exact","sga_member":false},"geometry":{"type":"Polygon","coordinates":[[[119.36695024900007,10.257009866000033],[119.36944088400003,10.258075657000063],[119.36979861100008,10.256449444000054],[119.36695024900007,10.257009866000033]]]}},{"type":"Feature","properties":{"ADM4_EN":"Barangay VI Pob. (Johnson Island)","ADM4_PCODE":"PH1705318033","ADM4_REF":null,"ADM3_EN":"Roxas","ADM3_PCODE":"PH1705318","ADM2_EN":"Palawan","ADM2_PCODE":"PH17053","ADM1_EN":"Mimaropa Region","ADM1_PCODE":"PH17","ADM0_EN":"Philippines (the)","ADM0_PCODE":"PH","date":"2022-11-09","validOn":"2023-11-06","validTo":null,"Shape_Leng":0.0158490006926,"Shape_Area":1.41800835591e-05,"AREA_SQKM":0.171830387886,"psgc_id":"PH1705318033","psgc_code":"1705318033","psgc_name":"Barangay VI Pob.","psgc_status":"matched","match_confidence":1.0,"psgc_type":"barangay","match_method":"exact","sga_member":false},"geometry":{"type":"Polygon","coordinates":[[[119.38333809900007,10.251431276000062],[119.38687396900002,10.250649226000064],[119.38620468300007,10.247708250000073],[119.38333809900007,10.251431276000062]]]}},{"type":"Feature","properties":{"ADM4_EN":"Nicanor Zabala","ADM4_PCODE":"PH1705318034","ADM4_REF":null,"ADM3_EN":"Roxas","ADM3_PCODE":"PH1705318","ADM2_EN":"Palawan","ADM2_PCODE":"PH17053","ADM1_EN":"Mimaropa Region","ADM1_PCODE":"PH17","ADM0_EN":"Philippines (the)","ADM0_PCODE":"PH","date":"2022-11-09","validOn":"2023-11-06","validTo":null,"Shape_Leng":0.599791069614,"Shape_Area":0.00532233964784,"AREA_SQKM":64.5040672461,"psgc_id":"PH1705318034","psgc_code":"1705318034","psgc_name":"Nicanor Zabala","psgc_status":"matched","match_confidence":1.0,"psgc_type":"barangay","match_method":"exact","sga_member":false},"geometry":{"type":"MultiPolygon","coordinates":[[[[119.24767741100004,10.154613384000072],[119.25413551200006,10.148884991000045],[119.24981048100005,10.141767035000044],[119.24731812300001,10.14519443100005],[119.24767741100004,10.154613384000072]]],[[[119.16303727900004,10.180041890000041],[119.22910715700004,10.16440368800005],[119.23570418200006,10.14910638400005],[119.22514715800003,10.145398322000062],[119.22654083200007,10.126376065000045],[119.20862895800008,10.136063669000066],[119.19133060000001,10.12754674000007],[119.18103621700004,10.135603150000065],[119.08444347500006,10.27655328700007],[119.098715,10.315789],[119.16303727900004,10.180041890000041]]]]}},{"type":"Feature","properties":{"ADM4_EN":"Alimanguan","ADM4_PCODE":"PH1705319001","ADM4_REF":null,"ADM3_EN":"San Vicente","ADM3_PCODE":"PH1705319","ADM2_EN":"Palawan","ADM2_PCODE":"PH17053","ADM1_EN":"Mimaropa Region","ADM1_PCODE":"PH17","ADM0_EN":"Philippines (the)","ADM0_PCODE":"PH","date":"2022-11-09","validOn":"2023-11-06","validTo":null,"Shape_Leng":0.213626257468,"Shape_Area":0.00198906244936,"AREA_SQKM":24.0763409275,"psgc_id":"PH1705319001","psgc_code":"1705319001","psgc_name":"Alimanguan","psgc_status":"matched","match_confidence":1.0,"psgc_type":"barangay","match_method":"exact","sga_member":false},"geometry":{"type":"Polygon","coordinates":[[[119.37764793000008,10.621779702000026],[119.36372933500002,10.58589087200005],[119.31063355700007,10.58203138600004],[119.32401475300003,10.606500063000055],[119.31994508600008,10.621639689000062],[119.37764793000008,10.621779702000026]]]}},{"type":"Feature","properties":{"ADM4_EN":"Binga","ADM4_PCODE":"PH1705319002","ADM4_REF":null,"ADM3_EN":"San Vicente","ADM3_PCODE":"PH1705319","ADM2_EN":"Palawan","ADM2_PCODE":"PH17053","ADM1_EN":"Mimaropa Region","ADM1_PCODE":"PH17","ADM0_EN":"Philippines (the)","ADM0_PCODE":"PH","date":"2022-11-09","validOn":"2023-11-06","validTo":null,"Shape_Leng":0.249958339278,"Shape_Area":0.00119531477307,"AREA_SQKM":14.461013458,"psgc_id":"PH1705319002","psgc_code":"1705319002","psgc_name":"Binga","psgc_status":"matched","match_confidence":1.0,"psgc_type":"barangay","match_method":"exact","sga_member":false},"geometry":{"type":"MultiPolygon","coordinates":[[[[119.29496584800006,10.76240335500006],[119.29603811600009,10.762152644000025],[119.29484249500001,10.761006422000037],[119.29496584800006,10.76240335500006]]],[[[119.31755413000008,10.78897580000006],[119.3443386140001,10.75906053600005],[119.35006242000009,10.737718450000045],[119.32542871100009,10.743893704000072],[119.31772646400009,10.77074585300005],[119.30283041200005,10.775398344000052],[119.27433892400006,10.764876918000027],[119.31755413000008,10.78897580000006]]]]}},{"type":"Feature","properties":{"ADM4_EN":"Caruray","ADM4_PCODE":"PH1705319003","ADM4_REF":null,"ADM3_EN":"San Vicente","ADM3_PCODE":"PH1705319","ADM2_EN":"Palawan","ADM2_PCODE":"PH17053","ADM1_EN":"Mimaropa Region","ADM1_PCODE":"PH17","ADM0_EN":"Philippines (the)","ADM0_PCODE":"PH","date":"2022-11-09","validOn":"2023-11-06","validTo":null,"Shape_Leng":1.29785617582,"Shape_Area":0.0170725493768,"AREA_SQKM":206.827813803,"psgc_id":"PH1705319003","psgc_code":"1705319003","psgc_name":"Caruray","psgc_status":"matched","match_confidence":1.0,"psgc_type":"barangay","match_method":"exact","sga_member":false},"geometry":{"type":"MultiPolygon","coordinates":[[[[118.95307803000003,10.334279060000028],[118.95370435400002,10.333966821000047],[118.95314383000004,10.33373405900005],[118.95307803000003,10.334279060000028]]],[[[118.93782478600008,10.331733652000025],[118.95271075900007,10.334496199000057],[118.94516181900008,10.32984274200004],[118.93782478600008,10.331733652000025]]],[[[118.95891160500003,10.335854021000046],[118.95713699800001,10.332383794000066],[118.955276378,10.333015698000054],[118.95891160500003,10.335854021000046]]],[[[118.95953953100002,10.336659561000033],[118.96070581200001,10.336211301000048],[118.9605960880001,10.33557640600003],[118.95953953100002,10.336659561000033]]],[[[118.96520306800005,10.364862696000046],[118.96574857700011,10.364378852000073],[118.9650748030001,10.364427141000021],[118.96520306800005,10.364862696000046]]],[[[119.06394273300009,10.422815133000029],[119.14616559300009,10.346086361000062],[119.10021180800004,10.318791814000065],[119.06620954000005,10.226487813000062],[119.0613520280001,10.232227755000054],[119.055288743,10.225280284000064],[118.97150500200007,10.31015095600003],[118.99129648400003,10.301634092000029],[119.00720849600009,10.344040807000056],[119.01944917600008,10.336646251000047],[119.0277353240001,10.33854935200003],[119.01488804400003,10.354713424000067],[119.01863418000005,10.375400028000058],[119.00659807000011,10.371775723000042],[118.99601234600004,10.353461505000041],[118.98102813000003,10.353169144000049],[118.97598505100007,10.345750406000036],[118.96499554000002,10.371175704000052],[118.98296404000007,10.375646524000047],[118.97979149700006,10.385338447000038],[118.99196907900011,10.392864597000028],[118.98610972300003,10.406220420000068],[118.99487782100005,10.413258756000062],[119.00145875400005,10.40255034200004],[119.00788924200003,10.408599816000049],[119.01194688300006,10.403997409000056],[119.02309052900011,10.417222941000034],[119.03591759800008,10.412148271000035],[119.03650568700004,10.397307645000069],[119.04733980000003,10.404114162000042],[119.04961220400003,10.389517544000057],[119.06445125200003,10.388113518000068],[119.07634968700006,10.410116750000043],[119.06394273300009,10.422815133000029]]],[[[119.015651047,10.442270862000044],[119.0272478390001,10.434992196000053],[119.02182073600011,10.418097400000022],[119.01142274500012,10.431854866000037],[119.015651047,10.442270862000044]]],[[[119.00031996000007,10.459214134000035],[119.00455545900002,10.450604354000063],[118.99922483500006,10.443599712000037],[118.99524532900011,10.452685485000075],[119.00031996000007,10.459214134000035]]]]}},{"type":"Feature","properties":{"ADM4_EN":"Kemdeng","ADM4_PCODE":"PH1705319004","ADM4_REF":null,"ADM3_EN":"San Vicente","ADM3_PCODE":"PH1705319","ADM2_EN":"Palawan","ADM2_PCODE":"PH17053","ADM1_EN":"Mimaropa Region","ADM1_PCODE":"PH17","ADM0_EN":"Philippines (the)","ADM0_PCODE":"PH","date":"2022-11-09","validOn":"2023-11-06","validTo":null,"Shape_Leng":0.301738584917,"Shape_Area":0.00453880296455,"AREA_SQKM":54.9642973826,"psgc_id":"PH1705319004","psgc_code":"1705319004","psgc_name":"Kemdeng","psgc_status":"matched","match_confidence":1.0,"psgc_type":"barangay","match_method":"exact","sga_member":false},"geometry":{"type":"Polygon","coordinates":[[[119.31780980700012,10.453413545000046],[119.269486,10.416159],[119.22550939700011,10.461443342000052],[119.22426601000006,10.487851113000033],[119.25050838200002,10.480421025000055],[119.2608260510001,10.500143517000026],[119.27466579300005,10.503620316000024],[119.31780980700012,10.453413545000046]]]}},{"type":"Feature","properties":{"ADM4_EN":"New Agutaya","ADM4_PCODE":"PH1705319005","ADM4_REF":null,"ADM3_EN":"San Vicente","ADM3_PCODE":"PH1705319","ADM2_EN":"Palawan","ADM2_PCODE":"PH17053","ADM1_EN":"Mimaropa Region","ADM1_PCODE":"PH17","ADM0_EN":"Philippines (the)","ADM0_PCODE":"PH","date":"2022-11-09","validOn":"2023-11-06","validTo":null,"Shape_Leng":0.304378596725,"Shape_Area":0.00431392518987,"AREA_SQKM":52.231531411,"psgc_id":"PH1705319005","psgc_code":"1705319005","psgc_name":"New Agutaya","psgc_status":"matched","match_confidence":1.0,"psgc_type":"barangay","match_method":"exact","sga_member":false},"geometry":{"type":"Polygon","coordinates":[[[119.294701185,10.558539649000068],[119.36081712400005,10.521722132000036],[119.36464668000008,10.510787622000066],[119.3356474090001,10.469480831000055],[119.27708441900006,10.527326083000048],[119.255256744,10.534159745000068],[119.294701185,10.558539649000068]]]}},{"type":"Feature","properties":{"ADM4_EN":"New Canipo","ADM4_PCODE":"PH1705319006","ADM4_REF":null,"ADM3_EN":"San Vicente","ADM3_PCODE":"PH1705319","ADM2_EN":"Palawan","ADM2_PCODE":"PH17053","ADM1_EN":"Mimaropa Region","ADM1_PCODE":"PH17","ADM0_EN":"Philippines (the)","ADM0_PCODE":"PH","date":"2022-11-09","validOn":"2023-11-06","validTo":null,"Shape_Leng":0.275859231314,"Shape_Area":0.00222136609309,"AREA_SQKM":26.8800990628,"psgc_id":"PH1705319006","psgc_code":"1705319006","psgc_name":"New Canipo","psgc_status":"matched","match_confidence":1.0,"psgc_type":"barangay","match_method":"exact","sga_member":false},"geometry":{"type":"MultiPolygon","coordinates":[[[[119.29488807700011,10.693146958000057],[119.29916060900007,10.693265972000063],[119.2949907090001,10.691619457000058],[119.29488807700011,10.693146958000057]]],[[[119.30798379500004,10.70402630700005],[119.31190709700002,10.694445511000026],[119.30379822700002,10.688477179000074],[119.30216229100006,10.69580284500006],[119.30798379500004,10.70402630700005]]],[[[119.35006242000009,10.737718450000045],[119.37465001500004,10.71730087900005],[119.37615278600003,10.66937245400004],[119.33066095700008,10.670906170000023],[119.34084507900002,10.69822355100007],[119.34239446100003,10.736208774000033],[119.35006242000009,10.737718450000045]]]]}},{"type":"Feature","properties":{"ADM4_EN":"Port Barton","ADM4_PCODE":"PH1705319007","ADM4_REF":null,"ADM3_EN":"San Vicente","ADM3_PCODE":"PH1705319","ADM2_EN":"Palawan","ADM2_PCODE":"PH17053","ADM1_EN":"Mimaropa Region","ADM1_PCODE":"PH17","ADM0_EN":"Philippines (the)","ADM0_PCODE":"PH","date":"2022-11-09","validOn":"2023-11-06","validTo":null,"Shape_Leng":1.71838786338,"Shape_Area":0.0104689171988,"AREA_SQKM":126.793559741,"psgc_id":"PH1705319007","psgc_code":"1705319007","psgc_name":"Port Barton","psgc_status":"matched","match_confidence":1.0,"psgc_type":"barangay","match_method":"exact","sga_member":false},"geometry":{"type":"MultiPolygon","coordinates":[[[[119.14587669700006,10.407329635000053],[119.14673020100008,10.406399356000065],[119.14594878500009,10.406361126000036],[119.14587669700006,10.407329635000053]]],[[[119.138087358,10.406338258000062],[119.13820222600009,10.419739173000039],[119.1416113250001,10.416526720000036],[119.138087358,10.406338258000062]]],[[[119.09336209600008,10.42777824500007],[119.09449268100002,10.427371203000064],[119.0934722610001,10.426832218000072],[119.09336209600008,10.42777824500007]]],[[[119.15703910900004,10.458311102000039],[119.16139708000003,10.458355127000061],[119.1619853310001,10.457770329000027],[119.15703910900004,10.458311102000039]]],[[[119.15469086700011,10.459389714000054],[119.1565132290001,10.458955315000026],[119.1545597060001,10.457930267000052],[119.15469086700011,10.459389714000054]]],[[[119.16305026000009,10.458106003000069],[119.17743985800007,10.461485051000068],[119.18263168400006,10.450806219000071],[119.17435153500003,10.459499462000053],[119.16305026000009,10.458106003000069]]],[[[119.14808893000009,10.462516486000027],[119.14982215000009,10.46410301900005],[119.15344361700011,10.460986477000063],[119.14808893000009,10.462516486000027]]],[[[119.16089590500007,10.466815471000075],[119.1628034260001,10.470071004000033],[119.1635403360001,10.465971258000025],[119.16089590500007,10.466815471000075]]],[[[119.16442909400007,10.481357162000052],[119.1653500540001,10.480453015000023],[119.16481205500008,10.480545016000065],[119.16442909400007,10.481357162000052]]],[[[119.157650579,10.481784128000072],[119.16231648400003,10.480890026000054],[119.15993252200008,10.477291113000035],[119.157650579,10.481784128000072]]],[[[119.097819404,10.485140870000066],[119.10723719000009,10.477574299000025],[119.11503806100006,10.484415799000033],[119.12214225900004,10.476602659000037],[119.10230321000006,10.468039737000026],[119.10643435400004,10.457730187000038],[119.11418466700002,10.46010945300003],[119.11129412000003,10.44779740000007],[119.12414232200001,10.448067440000045],[119.11195574400006,10.420935241000052],[119.12727281800005,10.382755345000021],[119.142435825,10.381749078000041],[119.14739940900006,10.392550437000068],[119.14217166800006,10.399760601000025],[119.16398518900007,10.413116820000027],[119.17617481600007,10.411396765000063],[119.1910691920001,10.45222958100004],[119.21417186400004,10.461644461000049],[119.2161333140001,10.481420943000046],[119.22381848000009,10.482285133000062],[119.22550939700011,10.461443342000052],[119.269486,10.416159],[119.185218,10.375822],[119.14616559300009,10.346086361000062],[119.13758743400001,10.349114823000036],[119.06414832200005,10.422735683000042],[119.0919066570001,10.417995112000028],[119.10488522800006,10.433367328000031],[119.0863276130001,10.442984984000077],[119.09245245800003,10.451290993000043],[119.07389210100007,10.451192270000035],[119.08964716900005,10.461744748000058],[119.07706148000011,10.463311176000047],[119.08420183200008,10.467351484000062],[119.08321644000011,10.481214753000074],[119.09102400100005,10.47063974300005],[119.097819404,10.485140870000066]]],[[[119.1517202770001,10.490964344000076],[119.1536812920001,10.490287661000025],[119.1521760170001,10.488132794000023],[119.1517202770001,10.490964344000076]]],[[[119.1330645270001,10.50925077100004],[119.14452489100006,10.504911803000027],[119.15185697100003,10.492415612000059],[119.13759605200005,10.500072063000061],[119.13225725500001,10.493864981000058],[119.1330645270001,10.50925077100004]]],[[[119.06909012100004,10.512517925000054],[119.08317641800011,10.503408261000061],[119.07777443700002,10.48523102400003],[119.05458172600004,10.489331374000074],[119.06300121700008,10.497224819000053],[119.0564558960001,10.505456589000062],[119.06909012100004,10.512517925000054]]]]}},{"type":"Feature","properties":{"ADM4_EN":"Poblacion (San Vicente)","ADM4_PCODE":"PH1705319008","ADM4_REF":null,"ADM3_EN":"San Vicente","ADM3_PCODE":"PH1705319","ADM2_EN":"Palawan","ADM2_PCODE":"PH17053","ADM1_EN":"Mimaropa Region","ADM1_PCODE":"PH17","ADM0_EN":"Philippines (the)","ADM0_PCODE":"PH","date":"2022-11-09","validOn":"2023-11-06","validTo":null,"Shape_Leng":0.973945883895,"Shape_Area":0.00323296326575,"AREA_SQKM":39.1427607755,"psgc_id":"PH1705319008","psgc_code":"1705319008","psgc_name":"Poblacion","psgc_status":"matched","match_confidence":1.0,"psgc_type":"barangay","match_method":"exact","sga_member":false},"geometry":{"type":"MultiPolygon","coordinates":[[[[119.228361962,10.533178656000075],[119.23117516700006,10.534087268000064],[119.22825534200001,10.53183021700005],[119.228361962,10.533178656000075]]],[[[119.11544552400005,10.54159183300004],[119.11767177800004,10.539616911000053],[119.11580584,10.538779290000036],[119.11544552400005,10.54159183300004]]],[[[119.2427008190001,10.551899869000067],[119.255256744,10.534159745000068],[119.27708441900006,10.527326083000048],[119.3356474090001,10.469480831000055],[119.31780980700012,10.453413545000046],[119.27466579300005,10.503620316000024],[119.25888706900002,10.500660881000044],[119.26825835000011,10.513998077000053],[119.25101939300009,10.532722156000034],[119.2392893970001,10.531156783000029],[119.22949362800011,10.547409918000028],[119.24053606000007,10.544711902000074],[119.2427008190001,10.551899869000067]]],[[[119.1114816060001,10.551208552000048],[119.11542048600006,10.552894476000063],[119.11541766000005,10.552005396000027],[119.1114816060001,10.551208552000048]]],[[[119.19876821700007,10.550806925000074],[119.20380442400005,10.55288533700002],[119.20373967800003,10.552263390000064],[119.19876821700007,10.550806925000074]]],[[[119.16086065600007,10.592758097000058],[119.16030917100011,10.572274202000074],[119.17657125700009,10.572675491000041],[119.17114257100002,10.57837016600007],[119.17414155400002,10.58134268300006],[119.19962203700004,10.567208227000037],[119.1981608430001,10.564341740000032],[119.17435973900001,10.570151984000063],[119.16545910900004,10.562996553000062],[119.15348891500003,10.569681849000062],[119.14152631900004,10.550897947000067],[119.12931322400004,10.555406996000045],[119.11905021000007,10.549454482000044],[119.13544333000004,10.571514942000022],[119.11922852200007,10.576780769000038],[119.1195294470001,10.585107318000041],[119.12973390000002,10.590091920000077],[119.12836765800012,10.581975858000021],[119.13808738600005,10.586828486000059],[119.14254766400006,10.579441170000052],[119.16086065600007,10.592758097000058]]]]}},{"type":"Feature","properties":{"ADM4_EN":"San Isidro","ADM4_PCODE":"PH1705319009","ADM4_REF":null,"ADM3_EN":"San Vicente","ADM3_PCODE":"PH1705319","ADM2_EN":"Palawan","ADM2_PCODE":"PH17053","ADM1_EN":"Mimaropa Region","ADM1_PCODE":"PH17","ADM0_EN":"Philippines (the)","ADM0_PCODE":"PH","date":"2022-11-09","validOn":"2023-11-06","validTo":null,"Shape_Leng":0.235705725815,"Shape_Area":0.00244733985265,"AREA_SQKM":29.6276788469,"psgc_id":"PH1705319009","psgc_code":"1705319009","psgc_name":"San Isidro","psgc_status":"matched","match_confidence":1.0,"psgc_type":"barangay","match_method":"exact","sga_member":false},"geometry":{"type":"Polygon","coordinates":[[[119.35387845500009,10.575174858000025],[119.36081712400005,10.521722132000036],[119.29448683400005,10.558755169000051],[119.30812602600008,10.584373190000065],[119.36372933500002,10.58589087200005],[119.35387845500009,10.575174858000025]]]}},{"type":"Feature","properties":{"ADM4_EN":"Santo Niño","ADM4_PCODE":"PH1705319010","ADM4_REF":"Santo Nino","ADM3_EN":"San Vicente","ADM3_PCODE":"PH1705319","ADM2_EN":"Palawan","ADM2_PCODE":"PH17053","ADM1_EN":"Mimaropa Region","ADM1_PCODE":"PH17","ADM0_EN":"Philippines (the)","ADM0_PCODE":"PH","date":"2022-11-09","validOn":"2023-11-06","validTo":null,"Shape_Leng":0.211780989175,"Shape_Area":0.00241804039425,"AREA_SQKM":29.2648896198,"psgc_id":"PH1705319010","psgc_code":"1705319010","psgc_name":"Santo Niño","psgc_status":"matched","match_confidence":1.0,"psgc_type":"barangay","match_method":"exact","sga_member":false},"geometry":{"type":"Polygon","coordinates":[[[119.37615278600003,10.66937245400004],[119.37764793000008,10.621779702000026],[119.31994508600008,10.621639689000062],[119.33066095700008,10.670906170000023],[119.37615278600003,10.66937245400004]]]}},{"type":"Feature","properties":{"ADM4_EN":"Abongan","ADM4_PCODE":"PH1705320001","ADM4_REF":null,"ADM3_EN":"Taytay","ADM3_PCODE":"PH1705320","ADM2_EN":"Palawan","ADM2_PCODE":"PH17053","ADM1_EN":"Mimaropa Region","ADM1_PCODE":"PH17","ADM0_EN":"Philippines (the)","ADM0_PCODE":"PH","date":"2022-11-09","validOn":"2023-11-06","validTo":null,"Shape_Leng":0.565771968643,"Shape_Area":0.010037327224,"AREA_SQKM":121.477202343,"psgc_id":"PH1705320001","psgc_code":"1705320001","psgc_name":"Abongan","psgc_status":"matched","match_confidence":1.0,"psgc_type":"barangay","match_method":"exact","sga_member":false},"geometry":{"type":"Polygon","coordinates":[[[119.44233035400009,10.725335708000046],[119.44917652800007,10.712458259000073],[119.46156764300008,10.71318586500007],[119.45534114700001,10.704799871000034],[119.47309962200006,10.68979547400005],[119.46006858600003,10.683993772000065],[119.460883,10.646704],[119.44442050100008,10.641904379000039],[119.40475431400012,10.557721480000055],[119.366077,10.587404],[119.37764793000008,10.621779702000026],[119.37465001500004,10.71730087900005],[119.39896490800004,10.718489920000025],[119.4283104000001,10.696860094000044],[119.438021,10.700174],[119.4323352030001,10.721549480000022],[119.44233035400009,10.725335708000046]]]}},{"type":"Feature","properties":{"ADM4_EN":"Banbanan","ADM4_PCODE":"PH1705320002","ADM4_REF":null,"ADM3_EN":"Taytay","ADM3_PCODE":"PH1705320","ADM2_EN":"Palawan","ADM2_PCODE":"PH17053","ADM1_EN":"Mimaropa Region","ADM1_PCODE":"PH17","ADM0_EN":"Philippines (the)","ADM0_PCODE":"PH","date":"2022-11-09","validOn":"2023-11-06","validTo":null,"Shape_Leng":0.746263345884,"Shape_Area":0.00376796052045,"AREA_SQKM":45.5791897629,"psgc_id":"PH1705320002","psgc_code":"1705320002","psgc_name":"Banbanan","psgc_status":"matched","match_confidence":1.0,"psgc_type":"barangay","match_method":"exact","sga_member":false},"geometry":{"type":"MultiPolygon","coordinates":[[[[119.37452977100008,10.794827603000044],[119.37606807000009,10.795838916000037],[119.37653826700011,10.795454391000021],[119.37452977100008,10.794827603000044]]],[[[119.35058892800009,10.823281869000027],[119.35225429600007,10.822315166000067],[119.35155646900012,10.821966233000069],[119.35058892800009,10.823281869000027]]],[[[119.32626929600008,10.826536173000022],[119.333874207,10.827598267000042],[119.32840922200012,10.821334336000064],[119.32626929600008,10.826536173000022]]],[[[119.3539440290001,10.827436588000069],[119.3548578760001,10.82792218800006],[119.35521484000003,10.826278455000022],[119.3539440290001,10.827436588000069]]],[[[119.3278800700001,10.831258689000038],[119.329170051,10.830847594000033],[119.32828644000006,10.83044164200004],[119.3278800700001,10.831258689000038]]],[[[119.34653063500002,10.832269418000067],[119.351879918,10.834605976000034],[119.35104218400011,10.829344835000029],[119.34653063500002,10.832269418000067]]],[[[119.30897123900002,10.843173064000041],[119.311126811,10.842084919000058],[119.31101492000005,10.841648835000058],[119.30897123900002,10.843173064000041]]],[[[119.2824536170001,10.847950429000036],[119.31156599500002,10.829095001000042],[119.3167745940001,10.846614136000028],[119.32258564000006,10.820183884000073],[119.33245965100002,10.810002189000045],[119.34155292000003,10.812667051000062],[119.33796315100005,10.821676736000029],[119.34662294200007,10.820451687000059],[119.34448259200008,10.827434587000027],[119.3523459160001,10.819767813000055],[119.35703655700001,10.821422965000068],[119.3478812940001,10.816210622000028],[119.34610055200005,10.798443407000036],[119.3590698590001,10.80590611100007],[119.3680174110001,10.788939851000066],[119.38442978400008,10.794319691000055],[119.38967854300006,10.787728026000025],[119.3443386140001,10.75906053600005],[119.2652603040001,10.842815485000074],[119.2824536170001,10.847950429000036]]],[[[119.30010567400006,10.848702206000041],[119.30425459600008,10.844097280000028],[119.29594740800007,10.849736742000061],[119.30010567400006,10.848702206000041]]],[[[119.33893249700009,10.847313266000072],[119.34359472400001,10.849111046000075],[119.338628835,10.845568986000046],[119.33893249700009,10.847313266000072]]],[[[119.31854896400012,10.855793577000043],[119.32271757700005,10.86009827600003],[119.32618401800005,10.85766688700005],[119.31854896400012,10.855793577000043]]]]}},{"type":"Feature","properties":{"ADM4_EN":"Bantulan","ADM4_PCODE":"PH1705320003","ADM4_REF":null,"ADM3_EN":"Taytay","ADM3_PCODE":"PH1705320","ADM2_EN":"Palawan","ADM2_PCODE":"PH17053","ADM1_EN":"Mimaropa Region","ADM1_PCODE":"PH17","ADM0_EN":"Philippines (the)","ADM0_PCODE":"PH","date":"2022-11-09","validOn":"2023-11-06","validTo":null,"Shape_Leng":0.623039060624,"Shape_Area":0.00386576355849,"AREA_SQKM":46.7675196884,"psgc_id":"PH1705320003","psgc_code":"1705320003","psgc_name":"Bantulan","psgc_status":"matched","match_confidence":1.0,"psgc_type":"barangay","match_method":"exact","sga_member":false},"geometry":{"type":"Polygon","coordinates":[[[119.58633663,10.836799196000072],[119.5993522980001,10.811473384000067],[119.5791592280001,10.813153850000049],[119.5953212930001,10.798108411000044],[119.58834995100005,10.781719940000073],[119.58486563600002,10.78529500600007],[119.57626803300002,10.784095415000024],[119.58313866600008,10.773006810000027],[119.59515317600005,10.771326355000042],[119.58676491500012,10.744447232000027],[119.58963012000004,10.73477769300007],[119.60072461100003,10.731090031000065],[119.59613833200001,10.722361848000048],[119.52176842900008,10.743385541000066],[119.53645448200007,10.766011480000031],[119.54577759000006,10.762945583000032],[119.53749966900011,10.757497649000072],[119.53968163600007,10.748615720000032],[119.55503202400007,10.757846590000042],[119.56243251900003,10.753685959000052],[119.5581830210001,10.769996517000038],[119.5441067920001,10.771541428000035],[119.58633663,10.836799196000072]]]}},{"type":"Feature","properties":{"ADM4_EN":"Batas","ADM4_PCODE":"PH1705320004","ADM4_REF":null,"ADM3_EN":"Taytay","ADM3_PCODE":"PH1705320","ADM2_EN":"Palawan","ADM2_PCODE":"PH17053","ADM1_EN":"Mimaropa Region","ADM1_PCODE":"PH17","ADM0_EN":"Philippines (the)","ADM0_PCODE":"PH","date":"2022-11-09","validOn":"2023-11-06","validTo":null,"Shape_Leng":0.445039446757,"Shape_Area":0.00271779791425,"AREA_SQKM":32.8366893715,"psgc_id":"PH1705320004","psgc_code":"1705320004","psgc_name":"Batas","psgc_status":"matched","match_confidence":1.0,"psgc_type":"barangay","match_method":"exact","sga_member":false},"geometry":{"type":"MultiPolygon","coordinates":[[[[119.65860240600011,11.127687233000074],[119.6608168780001,11.127384145000065],[119.65965898600007,11.125750775000029],[119.65860240600011,11.127687233000074]]],[[[119.65463870700012,11.135831655000061],[119.65886788500006,11.135013186000037],[119.65791809200005,11.133306197000024],[119.65463870700012,11.135831655000061]]],[[[119.66557087000001,11.13874480100003],[119.66895408000005,11.138052562000041],[119.6678381700001,11.13741598200005],[119.66557087000001,11.13874480100003]]],[[[119.55647751600009,11.145758662000048],[119.55540152700007,11.143611393000072],[119.5549949220001,11.143740405000074],[119.55647751600009,11.145758662000048]]],[[[119.55501832400012,11.147729618000028],[119.55370297200011,11.147025474000031],[119.55397784800005,11.14829267500005],[119.55501832400012,11.147729618000028]]],[[[119.69477378900001,11.15792035100003],[119.70004468700006,11.157116400000064],[119.69010078300005,11.149221773000022],[119.69477378900001,11.15792035100003]]],[[[119.64928806400007,11.16906846300003],[119.65360541400003,11.162552515000073],[119.65247654400002,11.16051449500003],[119.64928806400007,11.16906846300003]]],[[[119.66489860000001,11.170397954000066],[119.66498053600003,11.169775955000034],[119.66446281700007,11.170161200000052],[119.66489860000001,11.170397954000066]]],[[[119.66735378600004,11.169908373000055],[119.67261763600004,11.172057321000068],[119.67214369200008,11.166364929000054],[119.66735378600004,11.169908373000055]]],[[[119.67564321500004,11.19082521100006],[119.67529127900002,11.18701438000005],[119.67173845400009,11.187256133000062],[119.67564321500004,11.19082521100006]]],[[[119.5987259740001,11.196637718000034],[119.62783137800011,11.186753947000057],[119.62527642000009,11.162152394000032],[119.60631623200004,11.150596773000075],[119.5956067940001,11.161604393000061],[119.59395120800002,11.140901961000054],[119.58461959200008,11.147065927000028],[119.56215374100009,11.138198758000044],[119.55613454600007,11.173240365000026],[119.56995070200003,11.181093494000038],[119.589763,11.174513580000053],[119.59116623500006,11.191827485000033],[119.5987259740001,11.196637718000034]]],[[[119.6858027290001,11.206537877000073],[119.68731120100006,11.206339816000025],[119.68623481700001,11.205827354000064],[119.6858027290001,11.206537877000073]]]]}},{"type":"Feature","properties":{"ADM4_EN":"Bato","ADM4_PCODE":"PH1705320005","ADM4_REF":null,"ADM3_EN":"Taytay","ADM3_PCODE":"PH1705320","ADM2_EN":"Palawan","ADM2_PCODE":"PH17053","ADM1_EN":"Mimaropa Region","ADM1_PCODE":"PH17","ADM0_EN":"Philippines (the)","ADM0_PCODE":"PH","date":"2022-11-09","validOn":"2023-11-06","validTo":null,"Shape_Leng":0.381377037546,"Shape_Area":0.00471539703719,"AREA_SQKM":57.0570527874,"psgc_id":"PH1705320005","psgc_code":"1705320005","psgc_name":"Bato","psgc_status":"matched","match_confidence":1.0,"psgc_type":"barangay","match_method":"exact","sga_member":false},"geometry":{"type":"Polygon","coordinates":[[[119.506747,10.751929],[119.53380695900012,10.739478259000066],[119.545175,10.702097],[119.49684262000005,10.682352040000069],[119.48664932200006,10.66620311400004],[119.4717948870001,10.666083025000034],[119.47232137100002,10.678109946000063],[119.46006858600003,10.683993772000065],[119.47137536200012,10.686212771000044],[119.47237484700008,10.693633756000054],[119.46089261100008,10.694741902000032],[119.46257112600006,10.705105723000031],[119.45508669500009,10.706549522000046],[119.46156764300008,10.71318586500007],[119.44917652800007,10.712458259000073],[119.44550538100009,10.721609571000045],[119.45630204200006,10.71984085300005],[119.45947281400004,10.731631782000022],[119.506747,10.751929]]]}},{"type":"Feature","properties":{"ADM4_EN":"Beton","ADM4_PCODE":"PH1705320006","ADM4_REF":null,"ADM3_EN":"Taytay","ADM3_PCODE":"PH1705320","ADM2_EN":"Palawan","ADM2_PCODE":"PH17053","ADM1_EN":"Mimaropa Region","ADM1_PCODE":"PH17","ADM0_EN":"Philippines (the)","ADM0_PCODE":"PH","date":"2022-11-09","validOn":"2023-11-06","validTo":null,"Shape_Leng":0.440917186619,"Shape_Area":0.000623968018979,"AREA_SQKM":7.54722487191,"psgc_id":"PH1705320006","psgc_code":"1705320006","psgc_name":"Beton","psgc_status":"matched","match_confidence":1.0,"psgc_type":"barangay","match_method":"exact","sga_member":false},"geometry":{"type":"MultiPolygon","coordinates":[[[[119.6454758430001,10.80279458900003],[119.64864839300003,10.801092078000067],[119.6445594170001,10.79703192900007],[119.6454758430001,10.80279458900003]]],[[[119.62014838900006,10.814385128000026],[119.62381970000001,10.812888943000075],[119.61949540100011,10.813700432000076],[119.62014838900006,10.814385128000026]]],[[[119.62579422400006,10.838149714000053],[119.64146762400003,10.820678101000055],[119.64079998900002,10.80199758200007],[119.63213325700008,10.798097660000053],[119.62158500800001,10.80591812800003],[119.63118110300002,10.81144772700003],[119.62851487700004,10.818444976000023],[119.61711427600005,10.820999284000038],[119.6328096850001,10.823258231000068],[119.62149708000004,10.828619289000073],[119.62579422400006,10.838149714000053]]],[[[119.62140500100008,10.857998223000038],[119.63538131900009,10.866704952000077],[119.6333185090001,10.850795579000021],[119.62140500100008,10.857998223000038]]],[[[119.61725509500002,10.87815414000005],[119.61969699600002,10.885222816000066],[119.61959611300006,10.880757686000038],[119.61725509500002,10.87815414000005]]],[[[119.62140353300003,10.90271714100004],[119.62287975900006,10.895866051000041],[119.61989454400009,10.889809124000067],[119.61863458000005,10.898107701000072],[119.62140353300003,10.90271714100004]]]]}},{"type":"Feature","properties":{"ADM4_EN":"Busy Bees","ADM4_PCODE":"PH1705320007","ADM4_REF":null,"ADM3_EN":"Taytay","ADM3_PCODE":"PH1705320","ADM2_EN":"Palawan","ADM2_PCODE":"PH17053","ADM1_EN":"Mimaropa Region","ADM1_PCODE":"PH17","ADM0_EN":"Philippines (the)","ADM0_PCODE":"PH","date":"2022-11-09","validOn":"2023-11-06","validTo":null,"Shape_Leng":0.298071609311,"Shape_Area":0.00249460244981,"AREA_SQKM":30.1543439803,"psgc_id":"PH1705320007","psgc_code":"1705320007","psgc_name":"Busy Bees","psgc_status":"matched","match_confidence":1.0,"psgc_type":"barangay","match_method":"exact","sga_member":false},"geometry":{"type":"MultiPolygon","coordinates":[[[[119.61213897100004,10.954150697000046],[119.615373868,10.961145410000029],[119.61813564400006,10.947338082000044],[119.61213897100004,10.954150697000046]]],[[[119.57314717500003,10.982004251000035],[119.57500160100005,10.982014366000044],[119.5740896740001,10.98043978000004],[119.57314717500003,10.982004251000035]]],[[[119.51028669000004,11.052184650000072],[119.54246010800011,11.04098768600005],[119.5498071400001,11.024792495000042],[119.544771695,11.01571892100003],[119.52453873000002,11.01026889700006],[119.51707072600004,11.01791367900006],[119.4979037060001,10.994706524000037],[119.46924023300005,11.01312772600005],[119.48886361200005,11.043720027000063],[119.51028669000004,11.052184650000072]]]]}},{"type":"Feature","properties":{"ADM4_EN":"Calawag","ADM4_PCODE":"PH1705320008","ADM4_REF":null,"ADM3_EN":"Taytay","ADM3_PCODE":"PH1705320","ADM2_EN":"Palawan","ADM2_PCODE":"PH17053","ADM1_EN":"Mimaropa Region","ADM1_PCODE":"PH17","ADM0_EN":"Philippines (the)","ADM0_PCODE":"PH","date":"2022-11-09","validOn":"2023-11-06","validTo":null,"Shape_Leng":0.65512794716,"Shape_Area":0.00531475103699,"AREA_SQKM":64.3163963526,"psgc_id":"PH1705320008","psgc_code":"1705320008","psgc_name":"Calawag","psgc_status":"matched","match_confidence":1.0,"psgc_type":"barangay","match_method":"exact","sga_member":false},"geometry":{"type":"MultiPolygon","coordinates":[[[[119.5995558950001,10.676471482000068],[119.60326193800006,10.676563671000054],[119.60112922700011,10.674086251000062],[119.5995558950001,10.676471482000068]]],[[[119.585698911,10.682258328000046],[119.58705628000007,10.67676812600007],[119.58216779100007,10.675084002000062],[119.585698911,10.682258328000046]]],[[[119.53380695900012,10.739478259000066],[119.59645948500008,10.72320749000005],[119.5914884440001,10.701395882000043],[119.58677523300003,10.703122361000055],[119.58605529200008,10.702842668000073],[119.59141255600002,10.69791389900007],[119.58369538200009,10.696452085000033],[119.58606345800001,10.686343664000049],[119.5734441080001,10.680397485000071],[119.57472440000004,10.658554559000038],[119.58726470400006,10.66985518100006],[119.59815854300007,10.661345202000064],[119.59823776400003,10.670025344000067],[119.61103002400012,10.661748830000022],[119.61633764900012,10.674509099000034],[119.622655258,10.670292007000057],[119.62417198000003,10.660057377000044],[119.57536372600009,10.618824536000034],[119.537093,10.651726],[119.545175,10.702097],[119.53380695900012,10.739478259000066]]]]}},{"type":"Feature","properties":{"ADM4_EN":"Casian","ADM4_PCODE":"PH1705320009","ADM4_REF":null,"ADM3_EN":"Taytay","ADM3_PCODE":"PH1705320","ADM2_EN":"Palawan","ADM2_PCODE":"PH17053","ADM1_EN":"Mimaropa Region","ADM1_PCODE":"PH17","ADM0_EN":"Philippines (the)","ADM0_PCODE":"PH","date":"2022-11-09","validOn":"2023-11-06","validTo":null,"Shape_Leng":0.718664839004,"Shape_Area":0.0020311900487,"AREA_SQKM":24.5496923171,"psgc_id":"PH1705320009","psgc_code":"1705320009","psgc_name":"Casian","psgc_status":"matched","match_confidence":1.0,"psgc_type":"barangay","match_method":"exact","sga_member":false},"geometry":{"type":"MultiPolygon","coordinates":[[[[119.71419937900009,10.963219164000066],[119.71591896900009,10.95503706200003],[119.71322401500004,10.936665722000043],[119.70583930400005,10.954265816000031],[119.71419937900009,10.963219164000066]]],[[[119.69575757300004,11.007628513000043],[119.69714772400005,11.000447832000077],[119.69671247000008,10.995838564000053],[119.69508622,11.000137065000047],[119.69575757300004,11.007628513000043]]],[[[119.66532691400005,11.027172113000063],[119.67136739800003,11.021800891000055],[119.66822410600003,11.018927700000063],[119.66484217400011,11.020718869000063],[119.66532691400005,11.027172113000063]]],[[[119.73375636500009,11.047681136000051],[119.73265061200004,11.048096853000061],[119.7332430890001,11.048653154000021],[119.73375636500009,11.047681136000051]]],[[[119.70814201000007,11.057499886000073],[119.7177853280001,11.041776881000033],[119.72574598200003,11.042336315000057],[119.72359502600011,11.029554060000066],[119.69849972500003,11.031124086000034],[119.6987798340001,11.053420008000046],[119.70814201000007,11.057499886000073]]],[[[119.70659461900004,11.061585636000075],[119.70593875300005,11.062566401000026],[119.70630709900001,11.063127790000067],[119.70659461900004,11.061585636000075]]],[[[119.68450696900004,11.072104945000035],[119.69671161300005,11.06443631600007],[119.67465945100003,11.02868260200006],[119.6718679390001,11.055049150000059],[119.68142271200009,11.060649363000039],[119.67792704900012,11.06664670300006],[119.685283335,11.063978207000048],[119.68450696900004,11.072104945000035]]],[[[119.72915498400005,11.07893477600004],[119.73892914100009,11.073009411000044],[119.73857747300008,11.065366746000052],[119.72793710100007,11.068655221000029],[119.72915498400005,11.07893477600004]]],[[[119.71178113700012,11.084654556000032],[119.71154073000002,11.085634361000075],[119.7118852210001,11.086073338000062],[119.71178113700012,11.084654556000032]]],[[[119.67132254300009,11.091585010000074],[119.67270719200008,11.088592278000021],[119.66995907800003,11.088624515000049],[119.67132254300009,11.091585010000074]]],[[[119.712681298,11.094438215000025],[119.71344907800005,11.093707504000065],[119.71282394900004,11.092035260000046],[119.712681298,11.094438215000025]]],[[[119.74873308300005,11.118808888000046],[119.7505576850001,11.115449234000039],[119.74775642500003,11.116768621000062],[119.74873308300005,11.118808888000046]]],[[[119.69718699400005,11.123427703000061],[119.70182939400001,11.120698749000042],[119.6949361290001,11.119944370000042],[119.69718699400005,11.123427703000061]]],[[[119.68776960900004,11.123053654000046],[119.69796373200006,11.093050215000062],[119.67686344200001,11.075963139000066],[119.68652669700009,11.089538143000027],[119.66693430400005,11.121541241000045],[119.68776960900004,11.123053654000046]]]]}},{"type":"Feature","properties":{"ADM4_EN":"Cataban","ADM4_PCODE":"PH1705320010","ADM4_REF":null,"ADM3_EN":"Taytay","ADM3_PCODE":"PH1705320","ADM2_EN":"Palawan","ADM2_PCODE":"PH17053","ADM1_EN":"Mimaropa Region","ADM1_PCODE":"PH17","ADM0_EN":"Philippines (the)","ADM0_PCODE":"PH","date":"2022-11-09","validOn":"2023-11-06","validTo":null,"Shape_Leng":0.460494345415,"Shape_Area":0.00559785823666,"AREA_SQKM":67.6775036253,"psgc_id":"PH1705320010","psgc_code":"1705320010","psgc_name":"Cataban","psgc_status":"matched","match_confidence":1.0,"psgc_type":"barangay","match_method":"exact","sga_member":false},"geometry":{"type":"Polygon","coordinates":[[[119.48886361200005,11.043720027000063],[119.42822458500007,10.920473860000072],[119.4059635430001,10.909650958000043],[119.36593918200003,11.009177721000071],[119.38140667400012,10.999603377000028],[119.39026070400007,11.006444867000027],[119.40476458400008,11.003838543000029],[119.39730122100002,10.989146951000066],[119.41413797000007,10.983210640000038],[119.4760691140001,11.043784932000051],[119.48886361200005,11.043720027000063]]]}},{"type":"Feature","properties":{"ADM4_EN":"Debangan","ADM4_PCODE":"PH1705320011","ADM4_REF":null,"ADM3_EN":"Taytay","ADM3_PCODE":"PH1705320","ADM2_EN":"Palawan","ADM2_PCODE":"PH17053","ADM1_EN":"Mimaropa Region","ADM1_PCODE":"PH17","ADM0_EN":"Philippines (the)","ADM0_PCODE":"PH","date":"2022-11-09","validOn":"2023-11-06","validTo":null,"Shape_Leng":0.0962266862167,"Shape_Area":0.000265562235397,"AREA_SQKM":3.21013543882,"psgc_id":"PH1705320011","psgc_code":"1705320011","psgc_name":"Debangan","psgc_status":"matched","match_confidence":1.0,"psgc_type":"barangay","match_method":"exact","sga_member":false},"geometry":{"type":"Polygon","coordinates":[[[119.73085186800006,11.030304942000043],[119.74657310600003,11.017945815000076],[119.73643688400011,11.007981175000054],[119.72551941000006,11.021509749000074],[119.73085186800006,11.030304942000043]]]}},{"type":"Feature","properties":{"ADM4_EN":"Depla","ADM4_PCODE":"PH1705320012","ADM4_REF":null,"ADM3_EN":"Taytay","ADM3_PCODE":"PH1705320","ADM2_EN":"Palawan","ADM2_PCODE":"PH17053","ADM1_EN":"Mimaropa Region","ADM1_PCODE":"PH17","ADM0_EN":"Philippines (the)","ADM0_PCODE":"PH","date":"2022-11-09","validOn":"2023-11-06","validTo":null,"Shape_Leng":0.27752921809,"Shape_Area":0.0016583060762,"AREA_SQKM":20.0420970869,"psgc_id":"PH1705320012","psgc_code":"1705320012","psgc_name":"Depla","psgc_status":"matched","match_confidence":1.0,"psgc_type":"barangay","match_method":"exact","sga_member":false},"geometry":{"type":"MultiPolygon","coordinates":[[[[119.62023547000001,11.07108450100003],[119.62023534500008,11.06938851600006],[119.61896442200009,11.06988214300003],[119.62023547000001,11.07108450100003]]],[[[119.58496897100008,11.100130372000024],[119.58907778600008,11.08770357000003],[119.62424280500011,11.085830505000047],[119.61647016000006,11.073392908000073],[119.62281743300002,11.057504633000065],[119.55937139600007,11.057975028000044],[119.58496897100008,11.100130372000024]]],[[[119.59767625200004,11.101265625000053],[119.60024254400003,11.095127157000036],[119.59769511700006,11.094348315000047],[119.59767625200004,11.101265625000053]]],[[[119.58952261000002,11.101503708000052],[119.5885192400001,11.101022812000053],[119.588694228,11.101595269000029],[119.58952261000002,11.101503708000052]]],[[[119.60668239000006,11.107830353000054],[119.6094935970001,11.105922458000066],[119.6069844970001,11.105909634000056],[119.60668239000006,11.107830353000054]]]]}},{"type":"Feature","properties":{"ADM4_EN":"Liminangcong","ADM4_PCODE":"PH1705320013","ADM4_REF":null,"ADM3_EN":"Taytay","ADM3_PCODE":"PH1705320","ADM2_EN":"Palawan","ADM2_PCODE":"PH17053","ADM1_EN":"Mimaropa Region","ADM1_PCODE":"PH17","ADM0_EN":"Philippines (the)","ADM0_PCODE":"PH","date":"2022-11-09","validOn":"2023-11-06","validTo":null,"Shape_Leng":0.873538338916,"Shape_Area":0.00681421041147,"AREA_SQKM":82.387429433,"psgc_id":"PH1705320013","psgc_code":"1705320013","psgc_name":"Liminangcong","psgc_status":"matched","match_confidence":1.0,"psgc_type":"barangay","match_method":"exact","sga_member":false},"geometry":{"type":"MultiPolygon","coordinates":[[[[119.35040438600004,10.930018940000025],[119.354592969,10.927554477000058],[119.34951445500008,10.927189843000065],[119.35040438600004,10.930018940000025]]],[[[119.34227688900012,10.93346510200007],[119.34391507500004,10.93318040400004],[119.34222209100005,10.931340527000032],[119.34227688900012,10.93346510200007]]],[[[119.3522150550001,10.937000242000067],[119.35452068200004,10.936523634000025],[119.35334476800006,10.93569954000003],[119.3522150550001,10.937000242000067]]],[[[119.3375478160001,10.935610907000068],[119.34216555400008,10.937031215000047],[119.3377846940001,10.93117053800006],[119.3375478160001,10.935610907000068]]],[[[119.34536676300002,10.939615210000056],[119.34635395300006,10.939201963000073],[119.34536127000001,10.939004038000064],[119.34536676300002,10.939615210000056]]],[[[119.31769108200001,10.940250718000073],[119.31818560700003,10.939955518000033],[119.317173066,10.939389909000056],[119.31769108200001,10.940250718000073]]],[[[119.3340185730001,11.016983993000053],[119.33539803500003,11.016160435000074],[119.33381196700009,11.015176370000063],[119.3340185730001,11.016983993000053]]],[[[119.30622975300003,11.022147351000058],[119.30759837200003,11.020551813000054],[119.306660598,11.019600528000069],[119.30622975300003,11.022147351000058]]],[[[119.3195023830001,11.034378909000054],[119.33439636300011,11.01988340400004],[119.33006705100001,11.009185686000023],[119.34667659100012,10.989559712000073],[119.34826782500011,11.003215561000047],[119.35789724800009,10.998649663000037],[119.36593918200003,11.009177721000071],[119.4059635430001,10.909650958000043],[119.35322327300003,10.888310520000061],[119.34783657500009,10.896006799000077],[119.33412232600006,10.892031746000043],[119.36163040300005,10.936922269000036],[119.35288346200002,10.948207619000073],[119.32854687800011,10.941651098000023],[119.32804910100003,10.93388193100003],[119.31868586700011,10.937135863000037],[119.32175197600009,10.941472263000037],[119.30986060100008,10.943693862000032],[119.3324925710001,10.949894627000049],[119.3128220540001,10.952077435000035],[119.30818521100002,10.963532065000038],[119.30311968500007,11.00836712000006],[119.3195023830001,11.034378909000054]]]]}},{"type":"Feature","properties":{"ADM4_EN":"Meytegued","ADM4_PCODE":"PH1705320014","ADM4_REF":null,"ADM3_EN":"Taytay","ADM3_PCODE":"PH1705320","ADM2_EN":"Palawan","ADM2_PCODE":"PH17053","ADM1_EN":"Mimaropa Region","ADM1_PCODE":"PH17","ADM0_EN":"Philippines (the)","ADM0_PCODE":"PH","date":"2022-11-09","validOn":"2023-11-06","validTo":null,"Shape_Leng":0.434358993808,"Shape_Area":0.00238230328353,"AREA_SQKM":28.795803415,"psgc_id":"PH1705320014","psgc_code":"1705320014","psgc_name":"Meytegued","psgc_status":"matched","match_confidence":1.0,"psgc_type":"barangay","match_method":"exact","sga_member":false},"geometry":{"type":"MultiPolygon","coordinates":[[[[119.63602268500006,10.99022033700004],[119.63836443600007,10.987757421000026],[119.63791463100006,10.98634580700002],[119.63602268500006,10.99022033700004]]],[[[119.59066453900004,10.990457296000045],[119.59169391400007,10.992692917000056],[119.59158893900008,10.990426352000043],[119.59066453900004,10.990457296000045]]],[[[119.59525217900011,10.996701718000054],[119.59601592400008,10.997728687000063],[119.59619865200011,10.996848493000073],[119.59525217900011,10.996701718000054]]],[[[119.59544021800002,11.01539925000003],[119.59109206000005,11.013954755000043],[119.59371614600002,11.017414862000066],[119.59544021800002,11.01539925000003]]],[[[119.62113072900001,11.05436041400003],[119.62517840400005,11.036800855000024],[119.63403189300004,11.032441151000057],[119.63933357400003,11.037950838000029],[119.64295500600008,11.02527168000006],[119.63354564100007,10.99489765900006],[119.62925404100008,11.023698005000028],[119.61062466800001,11.004995678000057],[119.59849231900012,11.009972577000042],[119.59873392600002,11.034066671000062],[119.59312702600005,11.028638346000037],[119.56170017000011,11.043115919000059],[119.55882087900011,11.055846905000067],[119.62113072900001,11.05436041400003]]]]}},{"type":"Feature","properties":{"ADM4_EN":"New Guinlo","ADM4_PCODE":"PH1705320015","ADM4_REF":null,"ADM3_EN":"Taytay","ADM3_PCODE":"PH1705320","ADM2_EN":"Palawan","ADM2_PCODE":"PH17053","ADM1_EN":"Mimaropa Region","ADM1_PCODE":"PH17","ADM0_EN":"Philippines (the)","ADM0_PCODE":"PH","date":"2022-11-09","validOn":"2023-11-06","validTo":null,"Shape_Leng":0.245694076412,"Shape_Area":0.00260979483132,"AREA_SQKM":31.573314199,"psgc_id":"PH1705320015","psgc_code":"1705320015","psgc_name":"New Guinlo","psgc_status":"matched","match_confidence":1.0,"psgc_type":"barangay","match_method":"exact","sga_member":false},"geometry":{"type":"Polygon","coordinates":[[[119.46609637800009,10.806860622000045],[119.506747,10.751929],[119.45947281400004,10.731631782000022],[119.44118974500009,10.791402030000029],[119.46609637800009,10.806860622000045]]]}},{"type":"Feature","properties":{"ADM4_EN":"Old Guinlo","ADM4_PCODE":"PH1705320016","ADM4_REF":null,"ADM3_EN":"Taytay","ADM3_PCODE":"PH1705320","ADM2_EN":"Palawan","ADM2_PCODE":"PH17053","ADM1_EN":"Mimaropa Region","ADM1_PCODE":"PH17","ADM0_EN":"Philippines (the)","ADM0_PCODE":"PH","date":"2022-11-09","validOn":"2023-11-06","validTo":null,"Shape_Leng":0.189247652128,"Shape_Area":0.000936896263315,"AREA_SQKM":11.3329089459,"psgc_id":"PH1705320016","psgc_code":"1705320016","psgc_name":"Old Guinlo","psgc_status":"matched","match_confidence":1.0,"psgc_type":"barangay","match_method":"exact","sga_member":false},"geometry":{"type":"MultiPolygon","coordinates":[[[[119.45473693600002,10.832759286000055],[119.46738581500006,10.821752186000026],[119.46609637800009,10.806860622000045],[119.44118974500009,10.791402030000029],[119.43402497500006,10.79959214300004],[119.44012635700005,10.811164552000037],[119.43209161400011,10.831562381000026],[119.44629224800008,10.82728596000004],[119.45473693600002,10.832759286000055]]],[[[119.42902141500008,10.84560091800006],[119.43206402900012,10.846279855000034],[119.43009616300003,10.843502417000025],[119.42902141500008,10.84560091800006]]]]}},{"type":"Feature","properties":{"ADM4_EN":"Pamantolon","ADM4_PCODE":"PH1705320017","ADM4_REF":null,"ADM3_EN":"Taytay","ADM3_PCODE":"PH1705320","ADM2_EN":"Palawan","ADM2_PCODE":"PH17053","ADM1_EN":"Mimaropa Region","ADM1_PCODE":"PH17","ADM0_EN":"Philippines (the)","ADM0_PCODE":"PH","date":"2022-11-09","validOn":"2023-11-06","validTo":null,"Shape_Leng":0.392803350892,"Shape_Area":0.00387189044983,"AREA_SQKM":46.8214211897,"psgc_id":"PH1705320017","psgc_code":"1705320017","psgc_name":"Pamantolon","psgc_status":"matched","match_confidence":1.0,"psgc_type":"barangay","match_method":"exact","sga_member":false},"geometry":{"type":"MultiPolygon","coordinates":[[[[119.50270455900011,10.915582375000042],[119.50119360200006,10.912667536000072],[119.50207400200009,10.915629964000061],[119.50270455900011,10.915582375000042]]],[[[119.5140934420001,10.920633673000054],[119.51423076800006,10.919784006000043],[119.51361278900004,10.920277978000058],[119.5140934420001,10.920633673000054]]],[[[119.43988243000001,10.94734081100006],[119.49904461500012,10.92741658600005],[119.49024348400008,10.90870235400007],[119.49248666000005,10.886710571000037],[119.48318686300001,10.881067277000056],[119.48538338600008,10.872040681000044],[119.50247771400007,10.864481764000061],[119.46830148400011,10.851909135000028],[119.42822458500007,10.920473860000072],[119.43988243000001,10.94734081100006]]]]}},{"type":"Feature","properties":{"ADM4_EN":"Pancol","ADM4_PCODE":"PH1705320018","ADM4_REF":null,"ADM3_EN":"Taytay","ADM3_PCODE":"PH1705320","ADM2_EN":"Palawan","ADM2_PCODE":"PH17053","ADM1_EN":"Mimaropa Region","ADM1_PCODE":"PH17","ADM0_EN":"Philippines (the)","ADM0_PCODE":"PH","date":"2022-11-09","validOn":"2023-11-06","validTo":null,"Shape_Leng":0.649910622053,"Shape_Area":0.00466999382214,"AREA_SQKM":56.4767847289,"psgc_id":"PH1705320018","psgc_code":"1705320018","psgc_name":"Pancol","psgc_status":"matched","match_confidence":1.0,"psgc_type":"barangay","match_method":"exact","sga_member":false},"geometry":{"type":"MultiPolygon","coordinates":[[[[119.36944560000006,10.852893334000044],[119.36976078100008,10.852618782000036],[119.36945832900005,10.852678010000034],[119.36944560000006,10.852893334000044]]],[[[119.36893474900012,10.852289986000073],[119.3689867270001,10.853003836000028],[119.36936513700005,10.852686303000041],[119.36893474900012,10.852289986000073]]],[[[119.37002490800012,10.853443132000052],[119.37030444600009,10.853777427000068],[119.37052382000002,10.853574597000033],[119.37002490800012,10.853443132000052]]],[[[119.36776411400001,10.858735510000031],[119.36860983400004,10.857618987000023],[119.36737551200008,10.856970102000048],[119.36776411400001,10.858735510000031]]],[[[119.31945258100006,10.860674256000038],[119.32413554000004,10.860820919000048],[119.32723442100007,10.858466098000065],[119.31945258100006,10.860674256000038]]],[[[119.35406698300005,10.860927317000062],[119.35633529400002,10.858689121000054],[119.35428158200011,10.858938113000022],[119.35406698300005,10.860927317000062]]],[[[119.32473455200011,10.86950347100003],[119.32660359200008,10.869674401000054],[119.32670649700003,10.86951822900005],[119.32473455200011,10.86950347100003]]],[[[119.35866247500007,10.868707017000077],[119.36431532300003,10.86963995900004],[119.36553804200003,10.867894245000059],[119.35866247500007,10.868707017000077]]],[[[119.34601018800004,10.880331553000076],[119.34124930700011,10.861830734000023],[119.33823941900005,10.868968944000073],[119.3332356950001,10.863482958000077],[119.33200504700005,10.876426199000036],[119.34601018800004,10.880331553000076]]],[[[119.32059208700002,10.884592895000026],[119.32603136900002,10.88205272700003],[119.32990116500002,10.876228597000022],[119.321564125,10.877889953000022],[119.32059208700002,10.884592895000026]]],[[[119.33961050700009,10.890385781000077],[119.34102737900002,10.89032196200003],[119.34103253600006,10.889418913000043],[119.33961050700009,10.890385781000077]]],[[[119.42822458500007,10.920473860000072],[119.46830148400011,10.851909135000028],[119.44537558400009,10.848238088000073],[119.44118038500005,10.838722463000067],[119.42719087000012,10.857543380000038],[119.4154441610001,10.855658277000032],[119.41309343900002,10.87192316900007],[119.3895851310001,10.87094432300006],[119.37215406100006,10.858369337000056],[119.3639840400001,10.87406575700004],[119.34825249000005,10.87155742300007],[119.35266281000008,10.88812702000007],[119.42822458500007,10.920473860000072]]]]}},{"type":"Feature","properties":{"ADM4_EN":"Paly (Paly Island)","ADM4_PCODE":"PH1705320019","ADM4_REF":null,"ADM3_EN":"Taytay","ADM3_PCODE":"PH1705320","ADM2_EN":"Palawan","ADM2_PCODE":"PH17053","ADM1_EN":"Mimaropa Region","ADM1_PCODE":"PH17","ADM0_EN":"Philippines (the)","ADM0_PCODE":"PH","date":"2022-11-09","validOn":"2023-11-06","validTo":null,"Shape_Leng":0.136653423449,"Shape_Area":0.000306303644737,"AREA_SQKM":3.70641541002,"psgc_id":"PH1705320019","psgc_code":"1705320019","psgc_name":"Paly","psgc_status":"matched","match_confidence":1.0,"psgc_type":"barangay","match_method":"exact","sga_member":false},"geometry":{"type":"Polygon","coordinates":[[[119.69849567800009,10.728234587000031],[119.70278710000002,10.700496613000041],[119.69334253000011,10.683585047000065],[119.6887271270001,10.708143894000045],[119.69849567800009,10.728234587000031]]]}},{"type":"Feature","properties":{"ADM4_EN":"Poblacion","ADM4_PCODE":"PH1705320020","ADM4_REF":null,"ADM3_EN":"Taytay","ADM3_PCODE":"PH1705320","ADM2_EN":"Palawan","ADM2_PCODE":"PH17053","ADM1_EN":"Mimaropa Region","ADM1_PCODE":"PH17","ADM0_EN":"Philippines (the)","ADM0_PCODE":"PH","date":"2022-11-09","validOn":"2023-11-06","validTo":null,"Shape_Leng":0.581281027264,"Shape_Area":0.0070931233063,"AREA_SQKM":85.8012196916,"psgc_id":"PH1705320020","psgc_code":"1705320020","psgc_name":"Poblacion","psgc_status":"matched","match_confidence":1.0,"psgc_type":"barangay","match_method":"exact","sga_member":false},"geometry":{"type":"Polygon","coordinates":[[[119.50198532800005,10.864489954000021],[119.51395318300001,10.848418421000076],[119.51062670700003,10.82911582500003],[119.53032010100003,10.82211869300005],[119.53430227100012,10.812189991000025],[119.56877845800011,10.836333509000042],[119.58147601400003,10.834592293000071],[119.5441067920001,10.771541428000035],[119.52938969700006,10.773700466000037],[119.5311748900001,10.75548746800007],[119.52176842900008,10.743385541000066],[119.506747,10.751929],[119.46609637800009,10.806860622000045],[119.46738581500006,10.821752186000026],[119.44967127200005,10.83782351900004],[119.45016659800001,10.848317311000073],[119.50198532800005,10.864489954000021]]]}},{"type":"Feature","properties":{"ADM4_EN":"Pularaquen (Canique)","ADM4_PCODE":"PH1705320021","ADM4_REF":null,"ADM3_EN":"Taytay","ADM3_PCODE":"PH1705320","ADM2_EN":"Palawan","ADM2_PCODE":"PH17053","ADM1_EN":"Mimaropa Region","ADM1_PCODE":"PH17","ADM0_EN":"Philippines (the)","ADM0_PCODE":"PH","date":"2022-11-09","validOn":"2023-11-06","validTo":null,"Shape_Leng":0.306760289525,"Shape_Area":0.00299423908328,"AREA_SQKM":36.2007481177,"psgc_id":"PH1705320021","psgc_code":"1705320021","psgc_name":"Pularaquen","psgc_status":"matched","match_confidence":1.0,"psgc_type":"barangay","match_method":"exact","sga_member":false},"geometry":{"type":"MultiPolygon","coordinates":[[[[119.52827242800004,10.972723554000027],[119.53596679800012,10.972585756000058],[119.53682177600001,10.971746475000032],[119.52827242800004,10.972723554000027]]],[[[119.49487636900005,10.994035626000027],[119.49675723000007,10.969098452000026],[119.48755066500007,10.960147522000057],[119.4990254170001,10.927434886000071],[119.43988243000001,10.94734081100006],[119.46924023300005,11.01312772600005],[119.49487636900005,10.994035626000027]]]]}},{"type":"Feature","properties":{"ADM4_EN":"San Jose","ADM4_PCODE":"PH1705320022","ADM4_REF":null,"ADM3_EN":"Taytay","ADM3_PCODE":"PH1705320","ADM2_EN":"Palawan","ADM2_PCODE":"PH17053","ADM1_EN":"Mimaropa Region","ADM1_PCODE":"PH17","ADM0_EN":"Philippines (the)","ADM0_PCODE":"PH","date":"2022-11-09","validOn":"2023-11-06","validTo":null,"Shape_Leng":1.21668335146,"Shape_Area":0.00420176830594,"AREA_SQKM":50.8117776015,"psgc_id":"PH1705320022","psgc_code":"1705320022","psgc_name":"San Jose","psgc_status":"matched","match_confidence":1.0,"psgc_type":"barangay","match_method":"exact","sga_member":false},"geometry":{"type":"MultiPolygon","coordinates":[[[[119.29454147700005,10.865330310000047],[119.29475252400005,10.865121529000021],[119.29434993600012,10.864805798000077],[119.29454147700005,10.865330310000047]]],[[[119.31286373600005,10.87158633100006],[119.31433937300005,10.869347729000026],[119.31152835500006,10.870824782000057],[119.31286373600005,10.87158633100006]]],[[[119.22526111400009,10.871489537000059],[119.2257460080001,10.871300981000047],[119.22560521000003,10.870735973000023],[119.22526111400009,10.871489537000059]]],[[[119.22170380500006,10.873562851000031],[119.22189660400011,10.872660145000054],[119.22178586000007,10.872399132000055],[119.22170380500006,10.873562851000031]]],[[[119.30680431700011,10.87494861600004],[119.3072805700001,10.875425103000055],[119.3076849040001,10.875026235000064],[119.30680431700011,10.87494861600004]]],[[[119.24053670400008,10.881568963000063],[119.24039933900008,10.88156568900007],[119.2404927660001,10.881671613000037],[119.24053670400008,10.881568963000063]]],[[[119.23955982900009,10.881565261000048],[119.24023087900002,10.881283230000065],[119.23972305400002,10.880977605000055],[119.23955982900009,10.881565261000048]]],[[[119.24030525400008,10.882011155000043],[119.24001211400002,10.881965649000051],[119.24027990500008,10.88209708900007],[119.24030525400008,10.882011155000043]]],[[[119.2471694190001,10.886546285000065],[119.2469471500001,10.886074804000032],[119.24686723400009,10.886089845000072],[119.2471694190001,10.886546285000065]]],[[[119.29500621300008,10.90648574200003],[119.29642477300001,10.906139513000028],[119.29390763600009,10.905712882000046],[119.29500621300008,10.90648574200003]]],[[[119.21508981000011,10.909309180000037],[119.21502469400002,10.908402959000057],[119.21480991700003,10.90854706400006],[119.21508981000011,10.909309180000037]]],[[[119.29517634600006,10.910253842000031],[119.2939038290001,10.909477293000066],[119.29512515500005,10.910741029000064],[119.29517634600006,10.910253842000031]]],[[[119.25093706900009,10.912613767000039],[119.25133823700003,10.912455903000023],[119.25094081800012,10.912328322000064],[119.25093706900009,10.912613767000039]]],[[[119.29331749200003,10.926584516000048],[119.29769886000008,10.922036323000043],[119.28654476800011,10.919505869000034],[119.29331749200003,10.926584516000048]]],[[[119.22895608400006,10.956890259000033],[119.230134453,10.947323182000048],[119.238825786,10.952231207000068],[119.24505106900006,10.943217450000077],[119.2336773830001,10.93042090800003],[119.24481853600003,10.927283389000024],[119.24422365500004,10.909842336000054],[119.25556988900007,10.911757306000027],[119.26019004300008,10.918293772000027],[119.2507861900001,10.932513865000033],[119.2659387970001,10.947159573000022],[119.27340893700011,10.935342798000022],[119.28449431500007,10.936314258000039],[119.27527210300002,10.924529439000025],[119.29372602800004,10.911314511000057],[119.29015557500009,10.904695874000026],[119.27950103900002,10.907078091000074],[119.27771052100002,10.892258817000027],[119.29155548400001,10.895701092000024],[119.29881996600011,10.891575637000074],[119.28675541400003,10.882120696000072],[119.27502934300003,10.884184821000076],[119.26626902300006,10.870114113000056],[119.27599462900002,10.865671414000076],[119.30218975700006,10.878096416000062],[119.30631626200011,10.873334641000042],[119.29928310700006,10.869999661000065],[119.30813666800009,10.871108142000026],[119.30143399400004,10.864336939000054],[119.29329843800008,10.868218580000075],[119.28241167600004,10.84834174100007],[119.2652603040001,10.842815485000074],[119.2353149700001,10.85382123200003],[119.2460517070001,10.864256171000022],[119.22207650900009,10.872738344000027],[119.22772547400007,10.879545199000063],[119.2406231110001,10.87095370000003],[119.24336382500007,10.885362891000057],[119.2594039060001,10.884967650000021],[119.24008944000002,10.908395254000027],[119.23441908500001,10.90156335100005],[119.225069845,10.910063560000026],[119.21381038400011,10.904750283000055],[119.22974653800009,10.92151106700004],[119.23236409300011,10.934428197000045],[119.21460891800007,10.939692490000027],[119.22895608400006,10.956890259000033]]],[[[119.22818409500007,10.958359185000063],[119.230345682,10.958677856000065],[119.22942220700008,10.957460680000054],[119.22818409500007,10.958359185000063]]]]}},{"type":"Feature","properties":{"ADM4_EN":"Sandoval","ADM4_PCODE":"PH1705320023","ADM4_REF":null,"ADM3_EN":"Taytay","ADM3_PCODE":"PH1705320","ADM2_EN":"Palawan","ADM2_PCODE":"PH17053","ADM1_EN":"Mimaropa Region","ADM1_PCODE":"PH17","ADM0_EN":"Philippines (the)","ADM0_PCODE":"PH","date":"2022-11-09","validOn":"2023-11-06","validTo":null,"Shape_Leng":0.273749302935,"Shape_Area":0.00230990343448,"AREA_SQKM":27.9179691252,"psgc_id":"PH1705320023","psgc_code":"1705320023","psgc_name":"Sandoval","psgc_status":"matched","match_confidence":1.0,"psgc_type":"barangay","match_method":"exact","sga_member":false},"geometry":{"type":"MultiPolygon","coordinates":[[[[119.51385980400005,11.09681078500006],[119.52532939600007,11.093628867000064],[119.53022920100011,11.074536841000054],[119.54391742900009,11.063425166000059],[119.54230751900002,11.040729258000056],[119.51028669000004,11.052184650000072],[119.4760691140001,11.043784932000051],[119.48362226400002,11.053720559000055],[119.46985120600004,11.054272763000029],[119.51385980400005,11.09681078500006]]],[[[119.54001067200011,11.111796512000069],[119.54063867500008,11.110193667000033],[119.5391312700001,11.110568221000051],[119.54001067200011,11.111796512000069]]]]}},{"type":"Feature","properties":{"ADM4_EN":"Silanga","ADM4_PCODE":"PH1705320024","ADM4_REF":null,"ADM3_EN":"Taytay","ADM3_PCODE":"PH1705320","ADM2_EN":"Palawan","ADM2_PCODE":"PH17053","ADM1_EN":"Mimaropa Region","ADM1_PCODE":"PH17","ADM0_EN":"Philippines (the)","ADM0_PCODE":"PH","date":"2022-11-09","validOn":"2023-11-06","validTo":null,"Shape_Leng":0.265338717107,"Shape_Area":0.00142253003922,"AREA_SQKM":17.1947440116,"psgc_id":"PH1705320024","psgc_code":"1705320024","psgc_name":"Silanga","psgc_status":"matched","match_confidence":1.0,"psgc_type":"barangay","match_method":"exact","sga_member":false},"geometry":{"type":"Polygon","coordinates":[[[119.5608009550001,11.084541295000065],[119.5511210520001,11.061739486000022],[119.56984307500011,11.007505442000024],[119.5612895060001,10.996119084000043],[119.5575459050001,11.00252241100003],[119.54589498400003,11.000582933000032],[119.53846107700008,11.012722710000048],[119.5498071400001,11.024792495000042],[119.54285678200006,11.02946902900004],[119.54030547400009,11.069364948000043],[119.5608009550001,11.084541295000065]]]}},{"type":"Feature","properties":{"ADM4_EN":"Alacalian","ADM4_PCODE":"PH1705320025","ADM4_REF":null,"ADM3_EN":"Taytay","ADM3_PCODE":"PH1705320","ADM2_EN":"Palawan","ADM2_PCODE":"PH17053","ADM1_EN":"Mimaropa Region","ADM1_PCODE":"PH17","ADM0_EN":"Philippines (the)","ADM0_PCODE":"PH","date":"2022-11-09","validOn":"2023-11-06","validTo":null,"Shape_Leng":0.435039020196,"Shape_Area":0.00426877108899,"AREA_SQKM":51.647826031,"psgc_id":"PH1705320025","psgc_code":"1705320025","psgc_name":"Alacalian","psgc_status":"matched","match_confidence":1.0,"psgc_type":"barangay","match_method":"exact","sga_member":false},"geometry":{"type":"Polygon","coordinates":[[[119.38951240500012,10.78771536000005],[119.40516668400005,10.765672016000053],[119.39745210700005,10.760927576000029],[119.39360302300008,10.76666683600007],[119.39044536200004,10.766588392000074],[119.39430807000008,10.756332100000066],[119.41165198600004,10.754247484000075],[119.41558175600005,10.766378161000034],[119.4299159740001,10.718705285000055],[119.43872665200001,10.715638115000047],[119.438021,10.700174],[119.4283104000001,10.696860094000044],[119.39896490800004,10.718489920000025],[119.37465001500004,10.71730087900005],[119.35006242000009,10.737718450000045],[119.3443386140001,10.75906053600005],[119.38951240500012,10.78771536000005]]]}},{"type":"Feature","properties":{"ADM4_EN":"Baras (Pangpang)","ADM4_PCODE":"PH1705320026","ADM4_REF":null,"ADM3_EN":"Taytay","ADM3_PCODE":"PH1705320","ADM2_EN":"Palawan","ADM2_PCODE":"PH17053","ADM1_EN":"Mimaropa Region","ADM1_PCODE":"PH17","ADM0_EN":"Philippines (the)","ADM0_PCODE":"PH","date":"2022-11-09","validOn":"2023-11-06","validTo":null,"Shape_Leng":0.50997927594,"Shape_Area":0.00091107573933,"AREA_SQKM":11.0254064593,"psgc_id":"PH1705320026","psgc_code":"1705320026","psgc_name":"Baras","psgc_status":"matched","match_confidence":1.0,"psgc_type":"barangay","match_method":"exact","sga_member":false},"geometry":{"type":"MultiPolygon","coordinates":[[[[119.6366056810001,10.68171275800006],[119.639896313,10.69037821300003],[119.64313902300012,10.677629142000058],[119.6578369020001,10.674475250000057],[119.64917610700002,10.673319746000061],[119.64849869200009,10.664174156000058],[119.66380172900006,10.664380035000022],[119.66908478700009,10.657069627000055],[119.6568575880001,10.659849678000057],[119.64963944300007,10.650017654000067],[119.64339399200003,10.659062557000027],[119.63915488000009,10.649511443000051],[119.6386476780001,10.657580899000038],[119.62430403200005,10.661046663000036],[119.62992407500008,10.676217936000057],[119.62005236800007,10.682757734000063],[119.62728830500009,10.690766363000023],[119.63353524900003,10.68296930200006],[119.6366056810001,10.68171275800006]]],[[[119.62643358500009,10.722028648000048],[119.63579825900001,10.719866970000055],[119.63385613900005,10.710107687000061],[119.62274404100003,10.71109350300003],[119.62643358500009,10.722028648000048]]],[[[119.6287486550001,10.728527808000024],[119.63473025400003,10.730247133000034],[119.63485042100001,10.727435528000058],[119.6287486550001,10.728527808000024]]],[[[119.654625656,10.744518957000025],[119.65751265500012,10.746696905000022],[119.66021083100009,10.74463558900004],[119.654625656,10.744518957000025]]]]}},{"type":"Feature","properties":{"ADM4_EN":"Libertad","ADM4_PCODE":"PH1705320027","ADM4_REF":null,"ADM3_EN":"Taytay","ADM3_PCODE":"PH1705320","ADM2_EN":"Palawan","ADM2_PCODE":"PH17053","ADM1_EN":"Mimaropa Region","ADM1_PCODE":"PH17","ADM0_EN":"Philippines (the)","ADM0_PCODE":"PH","date":"2022-11-09","validOn":"2023-11-06","validTo":null,"Shape_Leng":0.446646425734,"Shape_Area":0.00876687333248,"AREA_SQKM":106.121667311,"psgc_id":"PH1705320027","psgc_code":"1705320027","psgc_name":"Libertad","psgc_status":"matched","match_confidence":1.0,"psgc_type":"barangay","match_method":"exact","sga_member":false},"geometry":{"type":"Polygon","coordinates":[[[119.4637230620001,10.682798883000032],[119.47232137100002,10.678109946000063],[119.4717948870001,10.666083025000034],[119.48664932200006,10.66620311400004],[119.50057114800006,10.638377285000047],[119.48962795600005,10.632881181000073],[119.50470761100007,10.558198178000055],[119.444861,10.534022],[119.42515570300009,10.516197759000022],[119.40475431400012,10.557721480000055],[119.44442050100008,10.641904379000039],[119.460883,10.646704],[119.4637230620001,10.682798883000032]]]}},{"type":"Feature","properties":{"ADM4_EN":"Minapla","ADM4_PCODE":"PH1705320028","ADM4_REF":null,"ADM3_EN":"Taytay","ADM3_PCODE":"PH1705320","ADM2_EN":"Palawan","ADM2_PCODE":"PH17053","ADM1_EN":"Mimaropa Region","ADM1_PCODE":"PH17","ADM0_EN":"Philippines (the)","ADM0_PCODE":"PH","date":"2022-11-09","validOn":"2023-11-06","validTo":null,"Shape_Leng":0.486900574535,"Shape_Area":0.00273147954685,"AREA_SQKM":33.040731615,"psgc_id":"PH1705320028","psgc_code":"1705320028","psgc_name":"Minapla","psgc_status":"matched","match_confidence":1.0,"psgc_type":"barangay","match_method":"exact","sga_member":false},"geometry":{"type":"MultiPolygon","coordinates":[[[[119.23575294200009,10.831067579000035],[119.23911809200001,10.835392484000067],[119.23879979700007,10.834132533000059],[119.23575294200009,10.831067579000035]]],[[[119.23187201500002,10.84119481700003],[119.23171529500007,10.841194813000072],[119.23195682200003,10.84136323000007],[119.23187201500002,10.84119481700003]]],[[[119.24185207200003,10.842137670000056],[119.24198995900008,10.841852398000071],[119.2416645610001,10.842000442000028],[119.24185207200003,10.842137670000056]]],[[[119.21218065800008,10.860529646000032],[119.27063081000006,10.839169310000045],[119.31726764000007,10.789000690000023],[119.2742851370001,10.764837487000023],[119.26217897000004,10.797971633000031],[119.26315868000006,10.830609503000062],[119.25202137200006,10.837914234000039],[119.24020559000007,10.833017032000043],[119.24350704200003,10.842751607000025],[119.24134593300005,10.845941568000057],[119.2371670330001,10.844826261000037],[119.23123960800001,10.841011899000023],[119.22837078300006,10.847027590000039],[119.22135804200002,10.843125779000047],[119.2230276570001,10.851010004000045],[119.21102773700011,10.847221482000066],[119.21218065800008,10.860529646000032]]]]}},{"type":"Feature","properties":{"ADM4_EN":"Talog","ADM4_PCODE":"PH1705320029","ADM4_REF":null,"ADM3_EN":"Taytay","ADM3_PCODE":"PH1705320","ADM2_EN":"Palawan","ADM2_PCODE":"PH17053","ADM1_EN":"Mimaropa Region","ADM1_PCODE":"PH17","ADM0_EN":"Philippines (the)","ADM0_PCODE":"PH","date":"2022-11-09","validOn":"2023-11-06","validTo":null,"Shape_Leng":0.265720020434,"Shape_Area":0.00351627159069,"AREA_SQKM":42.5606202509,"psgc_id":"PH1705320029","psgc_code":"1705320029","psgc_name":"Talog","psgc_status":"matched","match_confidence":1.0,"psgc_type":"barangay","match_method":"exact","sga_member":false},"geometry":{"type":"Polygon","coordinates":[[[119.5693329180001,10.624754873000029],[119.53574,10.602901],[119.50470761100007,10.558198178000055],[119.48962795600005,10.632881181000073],[119.537093,10.651726],[119.5693329180001,10.624754873000029]]]}},{"type":"Feature","properties":{"ADM4_EN":"Tumbod","ADM4_PCODE":"PH1705320030","ADM4_REF":null,"ADM3_EN":"Taytay","ADM3_PCODE":"PH1705320","ADM2_EN":"Palawan","ADM2_PCODE":"PH17053","ADM1_EN":"Mimaropa Region","ADM1_PCODE":"PH17","ADM0_EN":"Philippines (the)","ADM0_PCODE":"PH","date":"2022-11-09","validOn":"2023-11-06","validTo":null,"Shape_Leng":0.37661829798,"Shape_Area":0.00175792523148,"AREA_SQKM":21.2521273824,"psgc_id":"PH1705320030","psgc_code":"1705320030","psgc_name":"Tumbod","psgc_status":"matched","match_confidence":1.0,"psgc_type":"barangay","match_method":"exact","sga_member":false},"geometry":{"type":"MultiPolygon","coordinates":[[[[119.2946764080001,11.021480705000045],[119.29496063200008,11.021489345000077],[119.2946662170001,11.021245516000022],[119.2946764080001,11.021480705000045]]],[[[119.30579394800009,11.020655489000035],[119.306660598,11.019600528000069],[119.30621912600009,11.018708377000053],[119.30579394800009,11.020655489000035]]],[[[119.2915019300001,11.02299570300005],[119.30241864600009,11.01519739300005],[119.30504676400005,11.01563820900003],[119.30203193300008,10.993263223000042],[119.28783533,10.980338514000039],[119.29795273500008,10.974154160000069],[119.29239741100002,10.966809435000073],[119.30059564800001,10.959223012000052],[119.291809467,10.948045243000024],[119.27143369700002,10.958020375000046],[119.26233931900003,10.983084409000071],[119.2740931080001,10.99733954800007],[119.26729198500004,11.001691616000073],[119.26931198700004,11.018571910000048],[119.28241155400008,11.018607776000067],[119.28460285300002,11.011819237000054],[119.2915019300001,11.02299570300005]]]]}},{"type":"Feature","properties":{"ADM4_EN":"Paglaum","ADM4_PCODE":"PH1705320031","ADM4_REF":null,"ADM3_EN":"Taytay","ADM3_PCODE":"PH1705320","ADM2_EN":"Palawan","ADM2_PCODE":"PH17053","ADM1_EN":"Mimaropa Region","ADM1_PCODE":"PH17","ADM0_EN":"Philippines (the)","ADM0_PCODE":"PH","date":"2022-11-09","validOn":"2023-11-06","validTo":null,"Shape_Leng":0.19509296024,"Shape_Area":0.00224351413919,"AREA_SQKM":27.1506099151,"psgc_id":"PH1705320031","psgc_code":"1705320031","psgc_name":"Paglaum","psgc_status":"matched","match_confidence":1.0,"psgc_type":"barangay","match_method":"exact","sga_member":false},"geometry":{"type":"Polygon","coordinates":[[[119.537093,10.651726],[119.50057114800006,10.638377285000047],[119.48624978400005,10.664931337000041],[119.49684262000005,10.682352040000069],[119.545175,10.702097],[119.537093,10.651726]]]}},{"type":"Feature","properties":{"ADM4_EN":"Pag-Asa (Pob.)","ADM4_PCODE":"PH1705321004","ADM4_REF":null,"ADM3_EN":"Kalayaan","ADM3_PCODE":"PH1705321","ADM2_EN":"Palawan","ADM2_PCODE":"PH17053","ADM1_EN":"Mimaropa Region","ADM1_PCODE":"PH17","ADM0_EN":"Philippines (the)","ADM0_PCODE":"PH","date":"2022-11-09","validOn":"2023-11-06","validTo":null,"Shape_Leng":0.0310760248976,"Shape_Area":3.3078881882e-05,"AREA_SQKM":0.399814398507,"psgc_id":"PH1705321004","psgc_code":"1705321004","psgc_name":"Pag-Asa","psgc_status":"matched","match_confidence":1.0,"psgc_type":"barangay","match_method":"exact","sga_member":false},"geometry":{"type":"Polygon","coordinates":[[[114.28179727800011,11.05180998000003],[114.28976767900008,11.051458195000066],[114.27790168600006,11.05063427600004],[114.28179727800011,11.05180998000003]]]}},{"type":"Feature","properties":{"ADM4_EN":"Balala","ADM4_PCODE":"PH1705322001","ADM4_REF":null,"ADM3_EN":"Culion","ADM3_PCODE":"PH1705322","ADM2_EN":"Palawan","ADM2_PCODE":"PH17053","ADM1_EN":"Mimaropa Region","ADM1_PCODE":"PH17","ADM0_EN":"Philippines (the)","ADM0_PCODE":"PH","date":"2022-11-09","validOn":"2023-11-06","validTo":null,"Shape_Leng":0.0309811733431,"Shape_Area":2.45042639069e-05,"AREA_SQKM":0.295318042465,"psgc_id":"PH1705322001","psgc_code":"1705322001","psgc_name":"Balala","psgc_status":"matched","match_confidence":1.0,"psgc_type":"barangay","match_method":"exact","sga_member":false},"geometry":{"type":"Polygon","coordinates":[[[120.01376196700005,11.892693413000075],[120.021026,11.89265],[120.01358154700006,11.889304142000071],[120.01376196700005,11.892693413000075]]]}},{"type":"Feature","properties":{"ADM4_EN":"Baldat","ADM4_PCODE":"PH1705322002","ADM4_REF":null,"ADM3_EN":"Culion","ADM3_PCODE":"PH1705322","ADM2_EN":"Palawan","ADM2_PCODE":"PH17053","ADM1_EN":"Mimaropa Region","ADM1_PCODE":"PH17","ADM0_EN":"Philippines (the)","ADM0_PCODE":"PH","date":"2022-11-09","validOn":"2023-11-06","validTo":null,"Shape_Leng":0.446224450496,"Shape_Area":0.00223729203022,"AREA_SQKM":26.9624731143,"psgc_id":"PH1705322002","psgc_code":"1705322002","psgc_name":"Baldat","psgc_status":"matched","match_confidence":1.0,"psgc_type":"barangay","match_method":"exact","sga_member":false},"geometry":{"type":"MultiPolygon","coordinates":[[[[119.99821900300003,11.893263253000043],[119.99775852500011,11.892970439000067],[119.99804492300007,11.89338919100004],[119.99821900300003,11.893263253000043]]],[[[119.96380723900006,11.904833039000039],[119.96466429200007,11.904472261000024],[119.96364379800002,11.90458462600003],[119.96380723900006,11.904833039000039]]],[[[120.03169199400008,11.930893680000054],[120.03473130800012,11.930802095000047],[120.0345665640001,11.929967387000033],[120.03169199400008,11.930893680000054]]],[[[120.03889803700008,11.933955426000068],[120.03980206900007,11.933453271000076],[120.03878963400007,11.933553535000044],[120.03889803700008,11.933955426000068]]],[[[119.99922451500004,11.934000215000026],[120.00264849000007,11.923995676000061],[120.0123729390001,11.933867419000023],[120.0301695710001,11.916801530000043],[119.98689066200006,11.901456487000075],[119.992996317,11.892048265000028],[119.99900705000005,11.892291189000048],[120.00438116600003,11.898180687000036],[120.00050258200008,11.866466758000058],[119.96218780700008,11.875378424000075],[119.9532853710001,11.904779878000056],[119.97681006200003,11.903248427000051],[119.98569866100001,11.911630006000053],[119.97947690300009,11.920396236000045],[119.99922451500004,11.934000215000026]]]]}},{"type":"Feature","properties":{"ADM4_EN":"Binudac","ADM4_PCODE":"PH1705322003","ADM4_REF":null,"ADM3_EN":"Culion","ADM3_PCODE":"PH1705322","ADM2_EN":"Palawan","ADM2_PCODE":"PH17053","ADM1_EN":"Mimaropa Region","ADM1_PCODE":"PH17","ADM0_EN":"Philippines (the)","ADM0_PCODE":"PH","date":"2022-11-09","validOn":"2023-11-06","validTo":null,"Shape_Leng":0.482331618388,"Shape_Area":0.0032779633068,"AREA_SQKM":39.51837168,"psgc_id":"PH1705322003","psgc_code":"1705322003","psgc_name":"Binudac","psgc_status":"matched","match_confidence":1.0,"psgc_type":"barangay","match_method":"exact","sga_member":false},"geometry":{"type":"MultiPolygon","coordinates":[[[[119.93239961800009,11.747824841000067],[119.93757573500011,11.737765893000073],[119.929695637,11.723684306000052],[119.9238772220001,11.744165203000023],[119.93239961800009,11.747824841000067]]],[[[119.963402384,11.76799277400005],[119.96484465000003,11.766988463000075],[119.96374497600004,11.766559377000021],[119.963402384,11.76799277400005]]],[[[119.91406433200007,11.849832753000044],[119.93182257,11.827470147000042],[119.94584699000006,11.822609671000066],[119.96127474900004,11.796020790000057],[119.961418922,11.763136994000035],[119.92810011200004,11.760485075000076],[119.91968673000008,11.785050161000072],[119.90687521600012,11.792627908000043],[119.91068812300011,11.80826474500003],[119.89355837200003,11.829031980000025],[119.90412283,11.842559321000067],[119.90877297700001,11.840032047000022],[119.91426143700005,11.840476882000075],[119.91406433200007,11.849832753000044]]]]}},{"type":"Feature","properties":{"ADM4_EN":"Culango","ADM4_PCODE":"PH1705322004","ADM4_REF":null,"ADM3_EN":"Culion","ADM3_PCODE":"PH1705322","ADM2_EN":"Palawan","ADM2_PCODE":"PH17053","ADM1_EN":"Mimaropa Region","ADM1_PCODE":"PH17","ADM0_EN":"Philippines (the)","ADM0_PCODE":"PH","date":"2022-11-09","validOn":"2023-11-06","validTo":null,"Shape_Leng":0.0169361782024,"Shape_Area":8.72293441538e-06,"AREA_SQKM":0.105125425281,"psgc_id":"PH1705322004","psgc_code":"1705322004","psgc_name":"Culango","psgc_status":"matched","match_confidence":1.0,"psgc_type":"barangay","match_method":"exact","sga_member":false},"geometry":{"type":"Polygon","coordinates":[[[120.01376196700005,11.892693413000075],[120.01634500000011,11.895908],[120.01479697100001,11.892836760000023],[120.01376196700005,11.892693413000075]]]}},{"type":"Feature","properties":{"ADM4_EN":"Galoc","ADM4_PCODE":"PH1705322005","ADM4_REF":null,"ADM3_EN":"Culion","ADM3_PCODE":"PH1705322","ADM2_EN":"Palawan","ADM2_PCODE":"PH17053","ADM1_EN":"Mimaropa Region","ADM1_PCODE":"PH17","ADM0_EN":"Philippines (the)","ADM0_PCODE":"PH","date":"2022-11-09","validOn":"2023-11-06","validTo":null,"Shape_Leng":0.809573401672,"Shape_Area":0.00289700206063,"AREA_SQKM":34.9085229934,"psgc_id":"PH1705322005","psgc_code":"1705322005","psgc_name":"Galoc","psgc_status":"matched","match_confidence":1.0,"psgc_type":"barangay","match_method":"exact","sga_member":false},"geometry":{"type":"MultiPolygon","coordinates":[[[[119.82150349100004,11.939210280000054],[119.82237386500003,11.939098742000056],[119.82156467300001,11.938606175000075],[119.82150349100004,11.939210280000054]]],[[[119.86586083300006,11.950191580000023],[119.86736358300004,11.950083935000066],[119.86622889900002,11.949396722000074],[119.86586083300006,11.950191580000023]]],[[[119.84543904100008,11.962021554000046],[119.84552974000007,11.961762622000037],[119.84537055900012,11.961925584000028],[119.84543904100008,11.962021554000046]]],[[[119.84536130000004,11.962162789000047],[119.84560191900005,11.962137443000074],[119.84555935000003,11.96207044700003],[119.84536130000004,11.962162789000047]]],[[[119.8637480000001,11.97506876500006],[119.86417781700004,11.974691470000039],[119.86349924300009,11.974893420000058],[119.8637480000001,11.97506876500006]]],[[[119.88622837700007,11.978178478000075],[119.90910283300002,11.944375301000036],[119.90799227000002,11.923446470000044],[119.89210660000003,11.914876192000065],[119.89778859000012,11.871434092000072],[119.87790309600007,11.880512250000038],[119.86843140700012,11.901274771000033],[119.87153039600003,11.928077967000036],[119.86061094200011,11.929606728000067],[119.84603391300004,11.94706357900003],[119.85189231200002,11.956172421000076],[119.85714380600007,11.94119586100004],[119.87114532100009,11.946101507000037],[119.88014172400005,11.92646006800004],[119.8909212420001,11.923624712000048],[119.89263096200011,11.947716179000054],[119.88261945700003,11.958198688000039],[119.87420252100003,11.953745777000051],[119.87070534400004,11.96257786700005],[119.88622837700007,11.978178478000075]]],[[[119.84544051900002,11.980200999000033],[119.878596732,11.980979346000026],[119.85359347600001,11.975198873000068],[119.83037570300007,11.938463885000033],[119.82291779600007,11.940322261000063],[119.84544051900002,11.980200999000033]]]]}},{"type":"Feature","properties":{"ADM4_EN":"Jardin","ADM4_PCODE":"PH1705322006","ADM4_REF":null,"ADM3_EN":"Culion","ADM3_PCODE":"PH1705322","ADM2_EN":"Palawan","ADM2_PCODE":"PH17053","ADM1_EN":"Mimaropa Region","ADM1_PCODE":"PH17","ADM0_EN":"Philippines (the)","ADM0_PCODE":"PH","date":"2022-11-09","validOn":"2023-11-06","validTo":null,"Shape_Leng":0.1982497376,"Shape_Area":0.000187740063775,"AREA_SQKM":2.26252462263,"psgc_id":"PH1705322006","psgc_code":"1705322006","psgc_name":"Jardin","psgc_status":"matched","match_confidence":1.0,"psgc_type":"barangay","match_method":"exact","sga_member":false},"geometry":{"type":"MultiPolygon","coordinates":[[[[120.00589502500009,11.898098682000068],[120.01356563000002,11.896804752000037],[120.01361566900005,11.882981462000032],[120.00453861100004,11.881759792000025],[120.00589502500009,11.898098682000068]]],[[[120.05273163400011,11.909766111000067],[120.05409844000008,11.909243460000027],[120.05324926700007,11.909097260000067],[120.05273163400011,11.909766111000067]]],[[[120.04657238900006,11.915774180000028],[120.0503678020001,11.91306548800003],[120.04259755800001,11.915358162000075],[120.04657238900006,11.915774180000028]]],[[[120.0382305600001,11.915876315000048],[120.04275125400011,11.914966707000076],[120.03751406000003,11.91499477800005],[120.0382305600001,11.915876315000048]]],[[[120.02231979200008,11.927373695000028],[120.02561585800004,11.928630777000023],[120.02465382700007,11.926220982000075],[120.02231979200008,11.927373695000028]]],[[[120.01898304800011,11.93049061000005],[120.02137075400003,11.930955919000041],[120.02178339400007,11.930793101000063],[120.01898304800011,11.93049061000005]]],[[[120.02396281500012,11.934503800000073],[120.02596233200006,11.935932670000057],[120.02714908300004,11.933117965000065],[120.02396281500012,11.934503800000073]]],[[[120.0248719970001,11.946282291000045],[120.0262590100001,11.946914002000028],[120.02970934900009,11.946194581000043],[120.03258508800002,11.940089562000026],[120.0248719970001,11.946282291000045]]]]}},{"type":"Feature","properties":{"ADM4_EN":"Libis","ADM4_PCODE":"PH1705322007","ADM4_REF":null,"ADM3_EN":"Culion","ADM3_PCODE":"PH1705322","ADM2_EN":"Palawan","ADM2_PCODE":"PH17053","ADM1_EN":"Mimaropa Region","ADM1_PCODE":"PH17","ADM0_EN":"Philippines (the)","ADM0_PCODE":"PH","date":"2022-11-09","validOn":"2023-11-06","validTo":null,"Shape_Leng":0.0362383970334,"Shape_Area":2.10402816936e-05,"AREA_SQKM":0.253573269295,"psgc_id":"PH1705322007","psgc_code":"1705322007","psgc_name":"Libis","psgc_status":"matched","match_confidence":1.0,"psgc_type":"barangay","match_method":"exact","sga_member":false},"geometry":{"type":"Polygon","coordinates":[[[120.01358154700006,11.889304142000071],[120.02487408000002,11.892134184000042],[120.01371003500003,11.887075282000069],[120.01358154700006,11.889304142000071]]]}},{"type":"Feature","properties":{"ADM4_EN":"Luac","ADM4_PCODE":"PH1705322008","ADM4_REF":null,"ADM3_EN":"Culion","ADM3_PCODE":"PH1705322","ADM2_EN":"Palawan","ADM2_PCODE":"PH17053","ADM1_EN":"Mimaropa Region","ADM1_PCODE":"PH17","ADM0_EN":"Philippines (the)","ADM0_PCODE":"PH","date":"2022-11-09","validOn":"2023-11-06","validTo":null,"Shape_Leng":1.42165209989,"Shape_Area":0.00689941222971,"AREA_SQKM":83.1406012155,"psgc_id":"PH1705322008","psgc_code":"1705322008","psgc_name":"Luac","psgc_status":"matched","match_confidence":1.0,"psgc_type":"barangay","match_method":"exact","sga_member":false},"geometry":{"type":"MultiPolygon","coordinates":[[[[119.8963844760001,11.86122115300003],[119.8969190250001,11.861029292000069],[119.89616011800001,11.860844158000077],[119.8963844760001,11.86122115300003]]],[[[119.96086011300008,11.926693748000048],[119.96356242900004,11.915794117000075],[119.97888859500006,11.916791467000053],[119.9721207550001,11.903967617000035],[119.95879636300003,11.913058294000052],[119.96086011300008,11.926693748000048]]],[[[119.9749204850001,11.934186648000036],[119.98036180600002,11.930978737000032],[119.97448401800011,11.930377822000025],[119.9749204850001,11.934186648000036]]],[[[119.99036587400008,11.937652964000051],[119.99319562300002,11.940708087000075],[119.99425373300005,11.936830927000074],[119.99036587400008,11.937652964000051]]],[[[119.99518449800007,11.940153130000056],[120.00222557200004,11.940536436000059],[120.00222560500004,11.93806700600004],[119.99518449800007,11.940153130000056]]],[[[119.96739180500003,11.945208774000037],[119.96964319400001,11.946958738000035],[119.97488298200005,11.945411845000024],[119.96739180500003,11.945208774000037]]],[[[120.01640015200007,11.945996586000035],[120.01641441600009,11.94823784600004],[120.0180610110001,11.946978032000061],[120.01640015200007,11.945996586000035]]],[[[119.98164966600007,11.949464593000073],[119.98197153600006,11.948742068000058],[119.98111560000007,11.949044571000059],[119.98164966600007,11.949464593000073]]],[[[119.97427454800004,11.950362833000042],[119.97781977300008,11.951661909000052],[119.97813605200008,11.951342521000072],[119.97427454800004,11.950362833000042]]],[[[119.968451952,11.955947841000068],[119.97071411000002,11.955989419000048],[119.96994834500003,11.95507744400004],[119.968451952,11.955947841000068]]],[[[119.94030872400003,11.956900102000077],[119.9424025190001,11.957148509000035],[119.94223809100004,11.95590868100004],[119.94030872400003,11.956900102000077]]],[[[119.95921737200001,11.958784259000026],[119.95920331800005,11.958019428000057],[119.95829049800011,11.958907043000067],[119.95921737200001,11.958784259000026]]],[[[119.93699705900008,11.960077565000063],[119.93739393400006,11.960516072000075],[119.93714009500002,11.959812845000044],[119.93699705900008,11.960077565000063]]],[[[119.93704865600012,11.961178486000051],[119.93748453400008,11.961048257000073],[119.93726951700012,11.960922136000022],[119.93704865600012,11.961178486000051]]],[[[119.93055069200011,11.960203561000071],[119.93277069900012,11.959513910000055],[119.93166842900007,11.95855923800002],[119.93055069200011,11.960203561000071]]],[[[119.99648395600002,11.969884311000044],[120.00131952100003,11.961117460000025],[120.02139637700009,11.958998802000053],[120.02282576900006,11.953654210000025],[120.01123721700003,11.950778872000058],[120.0154820790001,11.943009938000046],[119.9966430390001,11.94937131200004],[119.9917855000001,11.94163843800004],[119.9831712560001,11.946589365000023],[119.98814091400004,11.95254079800003],[119.9750887350001,11.956410014000028],[119.99016800400011,11.957617596000034],[119.98242608800001,11.962097036000046],[119.99648395600002,11.969884311000044]]],[[[119.9780309790001,11.977377223000076],[119.97977945100001,11.97846041300005],[119.98016983100001,11.977594802000056],[119.9780309790001,11.977377223000076]]],[[[119.90267817900008,11.979596301000072],[119.92106182000009,11.956987050000066],[119.9667286020001,11.944722393000063],[119.94434520900006,11.941736513000023],[119.95545112100001,11.91349475800007],[119.943849236,11.911500192000062],[119.95324415700009,11.904645994000077],[119.96218780700008,11.875378424000075],[119.89958837800009,11.85938677400003],[119.89074874500011,11.87077193600004],[119.89778859000012,11.871434092000072],[119.89007558000003,11.899008363000064],[119.8922454960001,11.915540932000056],[119.90799227000002,11.923446470000044],[119.90910283300002,11.944375301000036],[119.89294592600004,11.969819826000048],[119.90267817900008,11.979596301000072]]],[[[119.93554730500011,11.979332145000058],[119.95904813100003,11.97719898500003],[119.96072116200003,11.969216201000052],[119.97429984500002,11.964246738000043],[119.95268964800005,11.966449785000066],[119.95481085200004,11.956289953000066],[119.93877222900005,11.957411099000069],[119.94454020700005,11.969706515000041],[119.93554730500011,11.979332145000058]]],[[[119.9606681140001,11.982268489000035],[119.96445033100008,11.981569171000046],[119.96442009500004,11.981153358000029],[119.9606681140001,11.982268489000035]]],[[[119.97354753400009,11.982441723000022],[119.98522489400011,11.980842155000062],[119.98699765900005,11.97682465500003],[119.97354753400009,11.982441723000022]]],[[[119.96517574900008,11.990145803000075],[119.96740755700012,11.991038145000061],[119.96756994400005,11.990372140000034],[119.96648091400004,11.990040264000072],[119.96560866000004,11.990024541000025],[119.96537788300009,11.990063689000067],[119.96517574900008,11.990145803000075]]],[[[119.92153845500002,11.99107964600006],[119.92357804400001,11.99177194200007],[119.92405514600011,11.990876915000058],[119.92153845500002,11.99107964600006]]],[[[119.93474515700007,11.99292545000003],[119.96102624000002,11.992496540000047],[119.96290625000006,11.989692620000028],[119.93591407200006,11.98642452100006],[119.93474515700007,11.99292545000003]]]]}},{"type":"Feature","properties":{"ADM4_EN":"Malaking Patag","ADM4_PCODE":"PH1705322009","ADM4_REF":null,"ADM3_EN":"Culion","ADM3_PCODE":"PH1705322","ADM2_EN":"Palawan","ADM2_PCODE":"PH17053","ADM1_EN":"Mimaropa Region","ADM1_PCODE":"PH17","ADM0_EN":"Philippines (the)","ADM0_PCODE":"PH","date":"2022-11-09","validOn":"2023-11-06","validTo":null,"Shape_Leng":0.377896196852,"Shape_Area":0.00489499268784,"AREA_SQKM":59.0035851143,"psgc_id":"PH1705322009","psgc_code":"1705322009","psgc_name":"Malaking Patag","psgc_status":"matched","match_confidence":1.0,"psgc_type":"barangay","match_method":"exact","sga_member":false},"geometry":{"type":"MultiPolygon","coordinates":[[[[119.97198268400007,11.787429820000057],[119.97267360700005,11.787977518000048],[119.97289484300006,11.787616585000023],[119.97198268400007,11.787429820000057]]],[[[119.9686973360001,11.79227529600007],[119.96937105000006,11.792288732000031],[119.96886831300003,11.792011225000067],[119.9686973360001,11.79227529600007]]],[[[120.00074670400011,11.862881181000034],[120.00012099600008,11.843847116000063],[120.00788767100005,11.834249941000053],[120.00297426000009,11.818502993000038],[119.97687891200007,11.821884010000076],[119.97392784100009,11.790312383000071],[119.9681679580001,11.799892768000063],[119.95516520800004,11.797829371000034],[119.94584699000006,11.822609671000066],[119.92516977100001,11.834124475000067],[119.91990941100005,11.849158286000034],[119.8995948910001,11.858391940000047],[119.9526358060001,11.875758979000068],[119.97714904700001,11.874810968000077],[120.00074670400011,11.862881181000034]]]]}},{"type":"Feature","properties":{"ADM4_EN":"Osmeña","ADM4_PCODE":"PH1705322010","ADM4_REF":"Osmena","ADM3_EN":"Culion","ADM3_PCODE":"PH1705322","ADM2_EN":"Palawan","ADM2_PCODE":"PH17053","ADM1_EN":"Mimaropa Region","ADM1_PCODE":"PH17","ADM0_EN":"Philippines (the)","ADM0_PCODE":"PH","date":"2022-11-09","validOn":"2023-11-06","validTo":null,"Shape_Leng":1.17257548357,"Shape_Area":0.00399646374652,"AREA_SQKM":48.1724545499,"psgc_id":"PH1705322010","psgc_code":"1705322010","psgc_name":"Osmeña","psgc_status":"matched","match_confidence":1.0,"psgc_type":"barangay","match_method":"exact","sga_member":false},"geometry":{"type":"MultiPolygon","coordinates":[[[[120.11377272700008,11.790446670000051],[120.1156048360001,11.788362995000057],[120.11022611200008,11.787279381000076],[120.11377272700008,11.790446670000051]]],[[[120.12004091400001,11.817530084000055],[120.12263393900002,11.814283155000055],[120.11843163000003,11.816313268000044],[120.12004091400001,11.817530084000055]]],[[[120.04202927900008,11.82194159200003],[120.04602765000004,11.820938761000036],[120.0422660800001,11.820090202000074],[120.04202927900008,11.82194159200003]]],[[[120.05869121900002,11.823194563000072],[120.05981073500004,11.823099074000027],[120.05839494200006,11.822578082000064],[120.05869121900002,11.823194563000072]]],[[[120.12747072800005,11.824621599000068],[120.13323625600003,11.811492567000073],[120.12355328700005,11.810170519000053],[120.12373521500001,11.799602664000076],[120.11579309700005,11.797480762000077],[120.11471589400003,11.808264931000053],[120.12809203600011,11.814473863000046],[120.12747072800005,11.824621599000068]]],[[[120.04633043900003,11.824788389000048],[120.04894512900012,11.824376252000036],[120.0463733040001,11.82314950600005],[120.04633043900003,11.824788389000048]]],[[[120.05472981700007,11.825270458000034],[120.0555469630001,11.825884667000025],[120.05564979500002,11.825234053000031],[120.05472981700007,11.825270458000034]]],[[[120.0514180780001,11.824879082000052],[120.05365408700004,11.826077187000067],[120.05398650900008,11.825482087000069],[120.0514180780001,11.824879082000052]]],[[[120.06012778900003,11.82628924200003],[120.060509066,11.826928920000057],[120.061167909,11.826944368000056],[120.06012778900003,11.82628924200003]]],[[[120.05334118000007,11.829838037000059],[120.05661806700004,11.828922903000034],[120.058160444,11.828277737000064],[120.05334118000007,11.829838037000059]]],[[[120.05516544600005,11.834940912000036],[120.054517615,11.834945138000023],[120.05471868100005,11.83516658700006],[120.05516544600005,11.834940912000036]]],[[[120.07768896700009,11.834991027000058],[120.078572559,11.835455445000036],[120.07801552600006,11.834809178000057],[120.07768896700009,11.834991027000058]]],[[[120.05954391700004,11.836045543000068],[120.0596872970001,11.836557692000042],[120.06004824600006,11.836356033000072],[120.05954391700004,11.836045543000068]]],[[[120.11214575100007,11.842152402000067],[120.11436358600008,11.843191556000022],[120.11503748900009,11.842504786000063],[120.11214575100007,11.842152402000067]]],[[[120.09116247200006,11.848605278000036],[120.09128818300007,11.848379243000068],[120.09105537800008,11.848390766000023],[120.09116247200006,11.848605278000036]]],[[[120.07238993100009,11.851293799000075],[120.08150179200004,11.84410867300005],[120.08544688600011,11.850950090000026],[120.092568733,11.845331491000024],[120.10287787300001,11.845837970000048],[120.09649690000003,11.825824372000056],[120.11531749300002,11.828634343000033],[120.11520911900004,11.810781605000045],[120.08325228000001,11.826470138000047],[120.07891952300008,11.831406432000051],[120.08507771500001,11.834786020000024],[120.07032622100007,11.84479833000006],[120.07238993100009,11.851293799000075]]],[[[120.07445186500001,11.866349661000072],[120.08282650100011,11.86812246200003],[120.09208968200005,11.86071976900007],[120.08054430100003,11.859158911000065],[120.07445186500001,11.866349661000072]]],[[[120.02392497500011,11.88993381900002],[120.02027183000007,11.882215336000058],[120.02820310400011,11.887983338000026],[120.02623930700008,11.881260367000039],[120.04263362600011,11.876355531000058],[120.04213937100008,11.862426335000066],[120.050548305,11.865564722000045],[120.04917832600006,11.875572973000033],[120.0564634960001,11.87297077900007],[120.05360497600009,11.866784477000067],[120.0633941970001,11.869968103000076],[120.07503319500006,11.862202299000046],[120.06214573600005,11.851461806000032],[120.04924915100003,11.854785507000031],[120.05289048000009,11.845525776000045],[120.03643772500004,11.858262983000031],[120.02525314700006,11.852716522000037],[120.02011304500002,11.840393343000073],[120.03365296600009,11.84839295200004],[120.05131398600008,11.839188299000057],[120.02956827300011,11.825164707000056],[120.03488539200009,11.815738423000028],[120.01062143000001,11.805224868000039],[120.00297426000009,11.818502993000038],[120.00788767100005,11.834249941000053],[120.00012099600008,11.843847116000063],[120.00085355500005,11.870517694000057],[120.00453861100004,11.881759792000025],[120.02392497500011,11.88993381900002]]]]}},{"type":"Feature","properties":{"ADM4_EN":"Tiza","ADM4_PCODE":"PH1705322011","ADM4_REF":null,"ADM3_EN":"Culion","ADM3_PCODE":"PH1705322","ADM2_EN":"Palawan","ADM2_PCODE":"PH17053","ADM1_EN":"Mimaropa Region","ADM1_PCODE":"PH17","ADM0_EN":"Philippines (the)","ADM0_PCODE":"PH","date":"2022-11-09","validOn":"2023-11-06","validTo":null,"Shape_Leng":0.0344134440351,"Shape_Area":2.6559834185e-05,"AREA_SQKM":0.320097882024,"psgc_id":"PH1705322011","psgc_code":"1705322011","psgc_name":"Tiza","psgc_status":"matched","match_confidence":1.0,"psgc_type":"barangay","match_method":"exact","sga_member":false},"geometry":{"type":"Polygon","coordinates":[[[120.02315281000006,11.891878198000029],[120.0192036410001,11.88607384900007],[120.01350214500007,11.883082025000022],[120.01371003500003,11.887075282000069],[120.02315281000006,11.891878198000029]]]}},{"type":"Feature","properties":{"ADM4_EN":"Burabod","ADM4_PCODE":"PH1705322012","ADM4_REF":null,"ADM3_EN":"Culion","ADM3_PCODE":"PH1705322","ADM2_EN":"Palawan","ADM2_PCODE":"PH17053","ADM1_EN":"Mimaropa Region","ADM1_PCODE":"PH17","ADM0_EN":"Philippines (the)","ADM0_PCODE":"PH","date":"2022-11-09","validOn":"2023-11-06","validTo":null,"Shape_Leng":0.359388682679,"Shape_Area":0.00170460291525,"AREA_SQKM":20.550674585,"psgc_id":"PH1705322012","psgc_code":"1705322012","psgc_name":"Burabod","psgc_status":"matched","match_confidence":1.0,"psgc_type":"barangay","match_method":"exact","sga_member":false},"geometry":{"type":"MultiPolygon","coordinates":[[[[120.0832489710001,11.779357036000022],[120.08427689200005,11.78152883000007],[120.08406170600006,11.779115794000063],[120.0832489710001,11.779357036000022]]],[[[120.0472787970001,11.805968809000035],[120.04711956200003,11.80556150600006],[120.04710079400002,11.806144064000023],[120.0472787970001,11.805968809000035]]],[[[120.04768194300004,11.806742523000025],[120.04841194500011,11.806088320000072],[120.04724838900006,11.806161968000026],[120.04768194300004,11.806742523000025]]],[[[120.04880234000007,11.80937457400006],[120.05307152700004,11.811367200000063],[120.05300074500008,11.807715072000065],[120.04880234000007,11.80937457400006]]],[[[120.0348959700001,11.815256715000032],[120.03012225700002,11.806355826000072],[120.03387012300004,11.802624095000056],[120.04262297800005,11.813292259000036],[120.044933721,11.805108648000044],[120.0549545,11.805626712000048],[120.07380633800005,11.787782420000042],[120.0523089400001,11.776688575000037],[120.01186455600009,11.775111984000034],[120.01062143000001,11.805224868000039],[120.0348959700001,11.815256715000032]]],[[[120.0626995770001,11.821804514000064],[120.07214163200001,11.816663652000045],[120.05705623500012,11.816260217000035],[120.0626995770001,11.821804514000064]]]]}},{"type":"Feature","properties":{"ADM4_EN":"Halsey","ADM4_PCODE":"PH1705322013","ADM4_REF":null,"ADM3_EN":"Culion","ADM3_PCODE":"PH1705322","ADM2_EN":"Palawan","ADM2_PCODE":"PH17053","ADM1_EN":"Mimaropa Region","ADM1_PCODE":"PH17","ADM0_EN":"Philippines (the)","ADM0_PCODE":"PH","date":"2022-11-09","validOn":"2023-11-06","validTo":null,"Shape_Leng":0.615198452131,"Shape_Area":0.00198630250649,"AREA_SQKM":23.9475223616,"psgc_id":"PH1705322013","psgc_code":"1705322013","psgc_name":"Halsey","psgc_status":"matched","match_confidence":1.0,"psgc_type":"barangay","match_method":"exact","sga_member":false},"geometry":{"type":"MultiPolygon","coordinates":[[[[120.10112872700006,11.741296656000031],[120.10675442900003,11.731680149000056],[120.10499608000009,11.72507795000007],[120.09856981200005,11.733929371000045],[120.10112872700006,11.741296656000031]]],[[[120.08413035,11.765288192000071],[120.0858141440001,11.763895602000048],[120.08452177400011,11.763670636000029],[120.08413035,11.765288192000071]]],[[[119.99001748900002,11.774348160000045],[119.9905592240001,11.774211037000043],[119.9905091490001,11.773892647000025],[119.99001748900002,11.774348160000045]]],[[[120.05658257200002,11.77054602800007],[120.07009431800009,11.772343915000022],[120.05657157900009,11.76251288700007],[120.05658257200002,11.77054602800007]]],[[[119.99054904900004,11.774708782000062],[119.99123608000002,11.774657330000025],[119.9907651530001,11.774273476000076],[119.99054904900004,11.774708782000062]]],[[[119.9928638670001,11.780105440000057],[119.99387795700011,11.780037633000063],[119.993805,11.779632611000068],[119.9928638670001,11.780105440000057]]],[[[119.96797411800003,11.775926895000055],[119.9741384780001,11.780092006000075],[119.97514301000001,11.77805266100006],[119.96797411800003,11.775926895000055]]],[[[119.9818583550001,11.781814550000036],[119.9830495220001,11.78138612500004],[119.98169775600002,11.781218410000065],[119.9818583550001,11.781814550000036]]],[[[119.97756984900002,11.783428810000032],[119.9772320400001,11.783436368000025],[119.977537632,11.783642260000022],[119.97756984900002,11.783428810000032]]],[[[119.97471950200008,11.78345663500005],[119.97732256100005,11.782875717000024],[119.9762641210001,11.78211669600006],[119.97471950200008,11.78345663500005]]],[[[119.99960680900006,11.783774648000076],[119.99930453500008,11.783466618000034],[119.9994416830001,11.78386769900004],[119.99960680900006,11.783774648000076]]],[[[119.97792376400002,11.78351297200004],[119.978625523,11.78375939600005],[119.97865468600003,11.783664695000027],[119.97792376400002,11.78351297200004]]],[[[119.97918291300005,11.783688935000043],[119.98088308600006,11.780615246000025],[119.97743498700004,11.779414928000051],[119.97918291300005,11.783688935000043]]],[[[119.9853300530001,11.779527415000075],[119.98909691900008,11.782229449000056],[119.99056035400008,11.77997240700006],[119.9853300530001,11.779527415000075]]],[[[120.00078782900005,11.78469259800005],[120.00018635600009,11.78379440200007],[120.00065385900007,11.784782595000024],[120.00078782900005,11.78469259800005]]],[[[119.97764448100008,11.784843292000062],[119.9778026030001,11.784577214000024],[119.97761834300002,11.784578741000075],[119.97764448100008,11.784843292000062]]],[[[119.97920098600002,11.787851922000073],[119.98296851100008,11.787755977000074],[119.97924406600009,11.78548451000006],[119.97920098600002,11.787851922000073]]],[[[119.9901258110001,11.791869123000026],[119.99106414100004,11.79162204100004],[119.99029095300011,11.791261445000032],[119.9901258110001,11.791869123000026]]],[[[119.97998025700008,11.793269624000061],[119.98029339400011,11.793223412000032],[119.98005736000005,11.793123291000029],[119.97998025700008,11.793269624000061]]],[[[119.98455288100001,11.794995077000067],[119.98494338900002,11.794491852000021],[119.98442800200007,11.79442358700004],[119.98455288100001,11.794995077000067]]],[[[119.98598890400001,11.794411599000057],[119.98711096200009,11.794688689000054],[119.98601839900005,11.794125189000056],[119.98598890400001,11.794411599000057]]],[[[119.98841108400006,11.796799819000057],[119.98912565700005,11.796507456000029],[119.98877082800004,11.79630938300005],[119.98841108400006,11.796799819000057]]],[[[119.97670255600008,11.821678905000056],[120.00297426000009,11.818502993000038],[120.01062143000001,11.805224868000039],[120.01186455600009,11.775111984000034],[120.0523089400001,11.776688575000037],[120.0349886350001,11.755431146000035],[120.01183167800002,11.758015433000025],[120.01092384000003,11.769539820000034],[119.99557349000008,11.768022702000053],[119.99203171300007,11.77800508000007],[119.99877914600006,11.780616743000053],[120.00340259900008,11.78705640100003],[119.98556218800002,11.784764839000047],[119.99266972400005,11.791178242000058],[119.98903802900008,11.801509061000047],[119.97579092300009,11.791631843000062],[119.97670255600008,11.821678905000056]]]]}},{"type":"Feature","properties":{"ADM4_EN":"De Carabao","ADM4_PCODE":"PH1705322014","ADM4_REF":null,"ADM3_EN":"Culion","ADM3_PCODE":"PH1705322","ADM2_EN":"Palawan","ADM2_PCODE":"PH17053","ADM1_EN":"Mimaropa Region","ADM1_PCODE":"PH17","ADM0_EN":"Philippines (the)","ADM0_PCODE":"PH","date":"2022-11-09","validOn":"2023-11-06","validTo":null,"Shape_Leng":1.16873169758,"Shape_Area":0.00769209701432,"AREA_SQKM":92.7597061391,"psgc_id":"PH1705322014","psgc_code":"1705322014","psgc_name":"De Carabao","psgc_status":"matched","match_confidence":1.0,"psgc_type":"barangay","match_method":"exact","sga_member":false},"geometry":{"type":"MultiPolygon","coordinates":[[[[119.94449003800003,11.658344624000051],[119.94415014000003,11.65837373200003],[119.94433611800002,11.65860708200006],[119.94449003800003,11.658344624000051]]],[[[119.96030148800003,11.660599217000026],[119.9620749400001,11.658355138000047],[119.96144810500004,11.658423466000045],[119.96030148800003,11.660599217000026]]],[[[119.96572574600009,11.670378365000033],[119.96578313900011,11.670082309000065],[119.96562602400002,11.670208683000055],[119.96572574600009,11.670378365000033]]],[[[119.96568830900003,11.670714020000048],[119.96575189400005,11.670550872000035],[119.96569747900003,11.670515289000036],[119.96568830900003,11.670714020000048]]],[[[119.96516547800002,11.670698714000025],[119.9655123440001,11.670267414000023],[119.96525443700011,11.670202370000027],[119.96516547800002,11.670698714000025]]],[[[120.04070993000005,11.672316242000022],[120.04114896500005,11.672309061000021],[120.04085435400009,11.67208279600004],[120.04070993000005,11.672316242000022]]],[[[120.0392481,11.678146397000035],[120.03999688800002,11.678541031000066],[120.04001512500008,11.678192374000048],[120.0392481,11.678146397000035]]],[[[120.0180922620001,11.687139055000046],[120.02076757600003,11.685588482000071],[120.01714129600009,11.682792965000033],[120.0180922620001,11.687139055000046]]],[[[120.03954031800004,11.68800999900003],[120.0481985460001,11.68287678300004],[120.038928456,11.670873253000025],[120.04207616700012,11.678702246000057],[120.03954031800004,11.68800999900003]]],[[[119.93794742700004,11.708225906000052],[119.93760701100007,11.708186880000028],[119.93785365100007,11.708413280000059],[119.93794742700004,11.708225906000052]]],[[[119.93871367600002,11.717640009000036],[119.93897296600005,11.717558997000026],[119.93884924100007,11.717339344000038],[119.93871367600002,11.717640009000036]]],[[[119.97225183300009,11.716825331000052],[119.97571516500011,11.715502679000053],[119.97202576900008,11.714675614000043],[119.97225183300009,11.716825331000052]]],[[[120.09934110800009,11.721864974000027],[120.10499608000009,11.72507795000007],[120.10003440900005,11.72063212300003],[120.09934110800009,11.721864974000027]]],[[[119.95299038900009,11.737319593000052],[119.95149950600012,11.736348204000024],[119.95291161400007,11.738322521000043],[119.95299038900009,11.737319593000052]]],[[[120.05365527200001,11.747348190000025],[120.05450275900012,11.747208236000063],[120.0539849270001,11.74654577800004],[120.05365527200001,11.747348190000025]]],[[[119.95646909200002,11.754351167000038],[119.96645860800004,11.752785133000032],[119.94890309800007,11.742707057000075],[119.95646909200002,11.754351167000038]]],[[[119.9717489620001,11.76421374000006],[120.01092384000003,11.769539820000034],[120.00716252300003,11.764747946000057],[120.0195907640001,11.756317968000076],[120.04335964200004,11.753271900000072],[120.05436514400003,11.759648167000023],[120.0579068510001,11.756273290000024],[120.05150468000011,11.745707974000027],[120.05476921600007,11.74043632300004],[120.04469115900008,11.733727885000064],[120.04931016300009,11.718367019000027],[120.0372907840001,11.717701113000032],[120.02109920100008,11.697807325000042],[120.00625635300003,11.69241241800006],[120.00127975900011,11.676146407000033],[119.98810872800004,11.681199095000068],[119.98071536400005,11.66662658100006],[119.96944420900002,11.690102984000077],[119.95824086800008,11.695004509000057],[119.96909446300003,11.66488701700007],[119.96536280300006,11.671759653000038],[119.9576135850001,11.65915508300003],[119.94446555700006,11.658715001000076],[119.9531318810001,11.67166009600004],[119.94669408800007,11.680401540000048],[119.9398105250001,11.678119305000052],[119.94429014200011,11.703418247000059],[119.93695752700012,11.711283759000025],[119.93962801700002,11.71358457100007],[119.93871218100003,11.730450563000034],[119.94776136100006,11.739734287000033],[119.94882761200006,11.723273435000067],[119.95292982400008,11.731133373000034],[119.96720097700006,11.728868397000042],[119.97119552200002,11.71465416500007],[119.97757777600009,11.71232814700005],[119.96872283800008,11.732111810000049],[119.95378276500003,11.732284801000048],[119.95442516000003,11.742604973000027],[119.97251596100011,11.748247968000044],[119.9717489620001,11.76421374000006]]],[[[119.9905091490001,11.773892647000025],[119.98970539600009,11.773645845000033],[119.99001748900002,11.774348160000045],[119.9905091490001,11.773892647000025]]]]}},{"type":"Feature","properties":{"ADM4_EN":"Bunog","ADM4_PCODE":"PH1705323001","ADM4_REF":null,"ADM3_EN":"Rizal (Marcos)","ADM3_PCODE":"PH1705323","ADM2_EN":"Palawan","ADM2_PCODE":"PH17053","ADM1_EN":"Mimaropa Region","ADM1_PCODE":"PH17","ADM0_EN":"Philippines (the)","ADM0_PCODE":"PH","date":"2022-11-09","validOn":"2023-11-06","validTo":null,"Shape_Leng":0.440024670939,"Shape_Area":0.00786807929673,"AREA_SQKM":95.6800761026,"psgc_id":"PH1705323001","psgc_code":"1705323001","psgc_name":"Bunog","psgc_status":"matched","match_confidence":1.0,"psgc_type":"barangay","match_method":"exact","sga_member":false},"geometry":{"type":"Polygon","coordinates":[[[117.75883178600009,9.111517828000046],[117.86050454100007,8.99552976800004],[117.81645223900011,8.95998989900005],[117.72850852300007,9.064285450000057],[117.75127197200004,9.073674125000025],[117.75883178600009,9.111517828000046]]]}},{"type":"Feature","properties":{"ADM4_EN":"Campong Ulay","ADM4_PCODE":"PH1705323002","ADM4_REF":null,"ADM3_EN":"Rizal (Marcos)","ADM3_PCODE":"PH1705323","ADM2_EN":"Palawan","ADM2_PCODE":"PH17053","ADM1_EN":"Mimaropa Region","ADM1_PCODE":"PH17","ADM0_EN":"Philippines (the)","ADM0_PCODE":"PH","date":"2022-11-09","validOn":"2023-11-06","validTo":null,"Shape_Leng":0.543339852002,"Shape_Area":0.0137515789369,"AREA_SQKM":167.27578379,"psgc_id":"PH1705323002","psgc_code":"1705323002","psgc_name":"Campong Ulay","psgc_status":"matched","match_confidence":1.0,"psgc_type":"barangay","match_method":"exact","sga_member":false},"geometry":{"type":"Polygon","coordinates":[[[117.64134655300006,8.997571005000054],[117.73194107000006,8.885340788000065],[117.72721839400003,8.865202502000045],[117.69587667500002,8.829433719000065],[117.54816548300005,8.957365958000025],[117.58297414800006,8.961928276000037],[117.62303973000007,9.005479819000072],[117.64134655300006,8.997571005000054]]]}},{"type":"Feature","properties":{"ADM4_EN":"Candawaga","ADM4_PCODE":"PH1705323003","ADM4_REF":null,"ADM3_EN":"Rizal (Marcos)","ADM3_PCODE":"PH1705323","ADM2_EN":"Palawan","ADM2_PCODE":"PH17053","ADM1_EN":"Mimaropa Region","ADM1_PCODE":"PH17","ADM0_EN":"Philippines (the)","ADM0_PCODE":"PH","date":"2022-11-09","validOn":"2023-11-06","validTo":null,"Shape_Leng":0.439860656653,"Shape_Area":0.00742496332589,"AREA_SQKM":90.34260448,"psgc_id":"PH1705323003","psgc_code":"1705323003","psgc_name":"Candawaga","psgc_status":"matched","match_confidence":1.0,"psgc_type":"barangay","match_method":"exact","sga_member":false},"geometry":{"type":"Polygon","coordinates":[[[117.5081697280001,8.895281153000042],[117.58938567500002,8.806694213000071],[117.62265707800009,8.769912612000041],[117.57578193900008,8.745900925000058],[117.499589,8.843785],[117.476093375,8.854024226000035],[117.49279154600003,8.872701822000067],[117.49111160900009,8.88867189900003],[117.5081697280001,8.895281153000042]]]}},{"type":"Feature","properties":{"ADM4_EN":"Canipaan","ADM4_PCODE":"PH1705323004","ADM4_REF":null,"ADM3_EN":"Rizal (Marcos)","ADM3_PCODE":"PH1705323","ADM2_EN":"Palawan","ADM2_PCODE":"PH17053","ADM1_EN":"Mimaropa Region","ADM1_PCODE":"PH17","ADM0_EN":"Philippines (the)","ADM0_PCODE":"PH","date":"2022-11-09","validOn":"2023-11-06","validTo":null,"Shape_Leng":0.5215346661,"Shape_Area":0.00619829948604,"AREA_SQKM":75.4707527775,"psgc_id":"PH1705323004","psgc_code":"1705323004","psgc_name":"Canipaan","psgc_status":"matched","match_confidence":1.0,"psgc_type":"barangay","match_method":"exact","sga_member":false},"geometry":{"type":"Polygon","coordinates":[[[117.26116558900003,8.614153059000046],[117.26725405200011,8.59714139600004],[117.33152593500006,8.56518348800006],[117.26154881600007,8.501665794000075],[117.21279374300002,8.48673991000004],[117.22464288200001,8.512132574000077],[117.21803371200008,8.522286719000022],[117.24116629000002,8.542047453000066],[117.2345007450001,8.549782849000053],[117.24353862400005,8.559093091000022],[117.23763713500011,8.568133640000042],[117.24764453800003,8.564943609000068],[117.26493473800008,8.579878950000023],[117.25372509300007,8.604337998000062],[117.26116558900003,8.614153059000046]]]}},{"type":"Feature","properties":{"ADM4_EN":"Culasian","ADM4_PCODE":"PH1705323005","ADM4_REF":null,"ADM3_EN":"Rizal (Marcos)","ADM3_PCODE":"PH1705323","ADM2_EN":"Palawan","ADM2_PCODE":"PH17053","ADM1_EN":"Mimaropa Region","ADM1_PCODE":"PH17","ADM0_EN":"Philippines (the)","ADM0_PCODE":"PH","date":"2022-11-09","validOn":"2023-11-06","validTo":null,"Shape_Leng":0.393254556752,"Shape_Area":0.00646465069631,"AREA_SQKM":78.6635921915,"psgc_id":"PH1705323005","psgc_code":"1705323005","psgc_name":"Culasian","psgc_status":"matched","match_confidence":1.0,"psgc_type":"barangay","match_method":"exact","sga_member":false},"geometry":{"type":"Polygon","coordinates":[[[117.47210840500009,8.856626810000023],[117.499589,8.843785],[117.57578193900008,8.745900925000058],[117.53954220300011,8.726154689000055],[117.45553172500001,8.810902847000023],[117.47210840500009,8.856626810000023]]]}},{"type":"Feature","properties":{"ADM4_EN":"Iraan","ADM4_PCODE":"PH1705323006","ADM4_REF":null,"ADM3_EN":"Rizal (Marcos)","ADM3_PCODE":"PH1705323","ADM2_EN":"Palawan","ADM2_PCODE":"PH17053","ADM1_EN":"Mimaropa Region","ADM1_PCODE":"PH17","ADM0_EN":"Philippines (the)","ADM0_PCODE":"PH","date":"2022-11-09","validOn":"2023-11-06","validTo":null,"Shape_Leng":0.52975448593,"Shape_Area":0.00897450573171,"AREA_SQKM":109.142016654,"psgc_id":"PH1705323006","psgc_code":"1705323006","psgc_name":"Iraan","psgc_status":"matched","match_confidence":1.0,"psgc_type":"barangay","match_method":"exact","sga_member":false},"geometry":{"type":"Polygon","coordinates":[[[117.69152870200003,9.08918906100007],[117.70364564200008,9.063967228000024],[117.71589816200003,9.06047656100003],[117.72410258200011,9.071305645000052],[117.74517397000011,9.037529600000028],[117.81645223900011,8.95998989900005],[117.77297214200007,8.924267887000042],[117.692830877,9.014321086000052],[117.65796112200007,9.065341184000033],[117.66372294900009,9.073955730000023],[117.68719699300004,9.073065171000053],[117.69152870200003,9.08918906100007]]]}},{"type":"Feature","properties":{"ADM4_EN":"Latud","ADM4_PCODE":"PH1705323007","ADM4_REF":null,"ADM3_EN":"Rizal (Marcos)","ADM3_PCODE":"PH1705323","ADM2_EN":"Palawan","ADM2_PCODE":"PH17053","ADM1_EN":"Mimaropa Region","ADM1_PCODE":"PH17","ADM0_EN":"Philippines (the)","ADM0_PCODE":"PH","date":"2022-11-09","validOn":"2023-11-06","validTo":null,"Shape_Leng":0.433914003536,"Shape_Area":0.00840053732184,"AREA_SQKM":102.26437358,"psgc_id":"PH1705323007","psgc_code":"1705323007","psgc_name":"Latud","psgc_status":"matched","match_confidence":1.0,"psgc_type":"barangay","match_method":"exact","sga_member":false},"geometry":{"type":"Polygon","coordinates":[[[117.33733033900012,8.694156297000063],[117.39205020500003,8.623300931000074],[117.33152593500006,8.56518348800006],[117.2685461430001,8.600063573000057],[117.27746634700009,8.60678299500006],[117.27551800200001,8.625221973000066],[117.29527704600002,8.656080639000038],[117.30102060400009,8.653467713000055],[117.31099023600007,8.668744437000043],[117.33303200400007,8.672520064000025],[117.32980275500006,8.68380240600004],[117.33733033900012,8.694156297000063]]]}},{"type":"Feature","properties":{"ADM4_EN":"Panalingaan","ADM4_PCODE":"PH1705323008","ADM4_REF":null,"ADM3_EN":"Rizal (Marcos)","ADM3_PCODE":"PH1705323","ADM2_EN":"Palawan","ADM2_PCODE":"PH17053","ADM1_EN":"Mimaropa Region","ADM1_PCODE":"PH17","ADM0_EN":"Philippines (the)","ADM0_PCODE":"PH","date":"2022-11-09","validOn":"2023-11-06","validTo":null,"Shape_Leng":0.442525069998,"Shape_Area":0.00801706539652,"AREA_SQKM":97.565236093,"psgc_id":"PH1705323008","psgc_code":"1705323008","psgc_name":"Panalingaan","psgc_status":"matched","match_confidence":1.0,"psgc_type":"barangay","match_method":"exact","sga_member":false},"geometry":{"type":"Polygon","coordinates":[[[117.45065510400002,8.811359774000039],[117.53954220300011,8.726154689000055],[117.51187021600003,8.687676691000036],[117.49527490300011,8.67939145300005],[117.421411411,8.758498836000058],[117.43193316200006,8.770075811000027],[117.419290423,8.785924498000043],[117.45065510400002,8.811359774000039]]]}},{"type":"Feature","properties":{"ADM4_EN":"Punta Baja","ADM4_PCODE":"PH1705323009","ADM4_REF":null,"ADM3_EN":"Rizal (Marcos)","ADM3_PCODE":"PH1705323","ADM2_EN":"Palawan","ADM2_PCODE":"PH17053","ADM1_EN":"Mimaropa Region","ADM1_PCODE":"PH17","ADM0_EN":"Philippines (the)","ADM0_PCODE":"PH","date":"2022-11-09","validOn":"2023-11-06","validTo":null,"Shape_Leng":0.513545988574,"Shape_Area":0.0101059451082,"AREA_SQKM":122.911288949,"psgc_id":"PH1705323009","psgc_code":"1705323009","psgc_name":"Punta Baja","psgc_status":"matched","match_confidence":1.0,"psgc_type":"barangay","match_method":"exact","sga_member":false},"geometry":{"type":"Polygon","coordinates":[[[117.65324123900007,9.065179300000068],[117.692830877,9.014321086000052],[117.77297214200007,8.924267887000042],[117.73194107000006,8.885340788000065],[117.64134655300006,8.997571005000054],[117.62228015100004,9.007469502000049],[117.62960393700007,9.047970227000064],[117.64003199800004,9.04832222300007],[117.65324123900007,9.065179300000068]]]}},{"type":"Feature","properties":{"ADM4_EN":"Ransang","ADM4_PCODE":"PH1705323010","ADM4_REF":null,"ADM3_EN":"Rizal (Marcos)","ADM3_PCODE":"PH1705323","ADM2_EN":"Palawan","ADM2_PCODE":"PH17053","ADM1_EN":"Mimaropa Region","ADM1_PCODE":"PH17","ADM0_EN":"Philippines (the)","ADM0_PCODE":"PH","date":"2022-11-09","validOn":"2023-11-06","validTo":null,"Shape_Leng":0.556474777479,"Shape_Area":0.0154642546831,"AREA_SQKM":188.139702873,"psgc_id":"PH1705323010","psgc_code":"1705323010","psgc_name":"Ransang","psgc_status":"matched","match_confidence":1.0,"psgc_type":"barangay","match_method":"exact","sga_member":false},"geometry":{"type":"Polygon","coordinates":[[[117.54816548300005,8.957365958000025],[117.69587667500002,8.829433719000065],[117.68296764000002,8.806431777000057],[117.62265707800009,8.769912612000041],[117.50782609200007,8.895681979000074],[117.51687103600011,8.91596455000007],[117.52934360000006,8.921229912000058],[117.53020917600008,8.933044744000028],[117.54393260800009,8.934708890000024],[117.54816548300005,8.957365958000025]]]}},{"type":"Feature","properties":{"ADM4_EN":"Taburi","ADM4_PCODE":"PH1705323011","ADM4_REF":null,"ADM3_EN":"Rizal (Marcos)","ADM3_PCODE":"PH1705323","ADM2_EN":"Palawan","ADM2_PCODE":"PH17053","ADM1_EN":"Mimaropa Region","ADM1_PCODE":"PH17","ADM0_EN":"Philippines (the)","ADM0_PCODE":"PH","date":"2022-11-09","validOn":"2023-11-06","validTo":null,"Shape_Leng":0.553144606186,"Shape_Area":0.0118157358322,"AREA_SQKM":143.81290752,"psgc_id":"PH1705323011","psgc_code":"1705323011","psgc_name":"Taburi","psgc_status":"matched","match_confidence":1.0,"psgc_type":"barangay","match_method":"exact","sga_member":false},"geometry":{"type":"Polygon","coordinates":[[[117.423326,8.75487],[117.49527490300011,8.67939145300005],[117.41905838500008,8.64883274500005],[117.39205020500003,8.623300931000074],[117.33733033900012,8.694156297000063],[117.34513954200008,8.698381260000076],[117.32563270900005,8.692403683000066],[117.32253141500007,8.695691348000025],[117.34624277900002,8.712710522000066],[117.34701676200007,8.728706855000041],[117.36291671400011,8.738566386000059],[117.35926664600004,8.74484551200004],[117.423326,8.75487]]]}},{"type":"Feature","properties":{"ADM4_EN":"Abo-abo","ADM4_PCODE":"PH1705324001","ADM4_REF":null,"ADM3_EN":"Sofronio Española","ADM3_PCODE":"PH1705324","ADM2_EN":"Palawan","ADM2_PCODE":"PH17053","ADM1_EN":"Mimaropa Region","ADM1_PCODE":"PH17","ADM0_EN":"Philippines (the)","ADM0_PCODE":"PH","date":"2022-11-09","validOn":"2023-11-06","validTo":null,"Shape_Leng":0.262616505427,"Shape_Area":0.000979623727218,"AREA_SQKM":11.9082677832,"psgc_id":"PH1705324001","psgc_code":"1705324001","psgc_name":"Abo-abo","psgc_status":"matched","match_confidence":1.0,"psgc_type":"barangay","match_method":"exact","sga_member":false},"geometry":{"type":"Polygon","coordinates":[[[118.064496125,9.189005526000074],[118.12957703500001,9.147997394000072],[118.1218883890001,9.140400027000055],[118.0992520310001,9.159272982000061],[118.03698095700008,9.18432070700004],[118.064496125,9.189005526000074]]]}},{"type":"Feature","properties":{"ADM4_EN":"Iraray","ADM4_PCODE":"PH1705324002","ADM4_REF":null,"ADM3_EN":"Sofronio Española","ADM3_PCODE":"PH1705324","ADM2_EN":"Palawan","ADM2_PCODE":"PH17053","ADM1_EN":"Mimaropa Region","ADM1_PCODE":"PH17","ADM0_EN":"Philippines (the)","ADM0_PCODE":"PH","date":"2022-11-09","validOn":"2023-11-06","validTo":null,"Shape_Leng":0.296708164665,"Shape_Area":0.00199366524191,"AREA_SQKM":24.2471384336,"psgc_id":"PH1705324002","psgc_code":"1705324002","psgc_name":"Iraray","psgc_status":"matched","match_confidence":1.0,"psgc_type":"barangay","match_method":"exact","sga_member":false},"geometry":{"type":"Polygon","coordinates":[[[118.00531833000002,9.026545336000027],[118.02827513600005,9.010668621000036],[118.02481899400004,9.004443477000052],[118.03980488800005,8.985289971000043],[118.05644668100001,8.979112734000068],[118.04645716100003,8.971398755000052],[118.04271950900011,8.949331709000035],[118.02869257300006,8.941823370000066],[118.01760909100005,8.973190894000027],[118.00618028100007,8.982117666000022],[118.00930074300004,8.991447760000028],[117.99913846800007,9.014400201000058],[118.00531833000002,9.026545336000027]]]}},{"type":"Feature","properties":{"ADM4_EN":"Isumbo","ADM4_PCODE":"PH1705324003","ADM4_REF":null,"ADM3_EN":"Sofronio Española","ADM3_PCODE":"PH1705324","ADM2_EN":"Palawan","ADM2_PCODE":"PH17053","ADM1_EN":"Mimaropa Region","ADM1_PCODE":"PH17","ADM0_EN":"Philippines (the)","ADM0_PCODE":"PH","date":"2022-11-09","validOn":"2023-11-06","validTo":null,"Shape_Leng":0.298386898924,"Shape_Area":0.00267166697337,"AREA_SQKM":32.4780123647,"psgc_id":"PH1705324003","psgc_code":"1705324003","psgc_name":"Isumbo","psgc_status":"matched","match_confidence":1.0,"psgc_type":"barangay","match_method":"exact","sga_member":false},"geometry":{"type":"Polygon","coordinates":[[[118.03698095700008,9.18432070700004],[118.122322284,9.140544849000037],[118.11259716100005,9.113550490000023],[118.00776795800004,9.178729812000029],[118.03698095700008,9.18432070700004]]]}},{"type":"Feature","properties":{"ADM4_EN":"Labog","ADM4_PCODE":"PH1705324004","ADM4_REF":null,"ADM3_EN":"Sofronio Española","ADM3_PCODE":"PH1705324","ADM2_EN":"Palawan","ADM2_PCODE":"PH17053","ADM1_EN":"Mimaropa Region","ADM1_PCODE":"PH17","ADM0_EN":"Philippines (the)","ADM0_PCODE":"PH","date":"2022-11-09","validOn":"2023-11-06","validTo":null,"Shape_Leng":0.461714592275,"Shape_Area":0.00672549903998,"AREA_SQKM":81.7713722975,"psgc_id":"PH1705324004","psgc_code":"1705324004","psgc_name":"Labog","psgc_status":"matched","match_confidence":1.0,"psgc_type":"barangay","match_method":"exact","sga_member":false},"geometry":{"type":"Polygon","coordinates":[[[117.98317069400002,9.15965392000004],[118.07052523700008,9.074908492000077],[118.06686329800004,9.068987806000052],[118.09359062900012,9.05990317900006],[118.08530651600006,9.049537346000022],[118.06832939500009,9.048245587000054],[118.0799932430001,9.034576825000045],[118.04449535000003,9.038461479000034],[117.94918922000011,9.128814348000049],[117.98317069400002,9.15965392000004]]]}},{"type":"Feature","properties":{"ADM4_EN":"Panitian","ADM4_PCODE":"PH1705324005","ADM4_REF":null,"ADM3_EN":"Sofronio Española","ADM3_PCODE":"PH1705324","ADM2_EN":"Palawan","ADM2_PCODE":"PH17053","ADM1_EN":"Mimaropa Region","ADM1_PCODE":"PH17","ADM0_EN":"Philippines (the)","ADM0_PCODE":"PH","date":"2022-11-09","validOn":"2023-11-06","validTo":null,"Shape_Leng":0.61496254378,"Shape_Area":0.00667283303893,"AREA_SQKM":81.1255792879,"psgc_id":"PH1705324005","psgc_code":"1705324005","psgc_name":"Panitian","psgc_status":"matched","match_confidence":1.0,"psgc_type":"barangay","match_method":"exact","sga_member":false},"geometry":{"type":"MultiPolygon","coordinates":[[[[118.11755196400009,9.042590741000026],[118.11843266100004,9.041754463000075],[118.11785162700005,9.041388846000075],[118.11755196400009,9.042590741000026]]],[[[118.12140023400002,9.04631388100006],[118.11961626800007,9.044730370000025],[118.12119446200006,9.047820040000033],[118.12113052400002,9.04901310400004],[118.12140023400002,9.04631388100006]]],[[[118.11646161700003,9.048349028000075],[118.11906302600005,9.043217655000035],[118.117317748,9.043305317000033],[118.11646161700003,9.048349028000075]]],[[[118.13871645100005,9.070176753000055],[118.143329816,9.067063780000069],[118.14368191400001,9.06601439700006],[118.13611892600011,9.060204627000076],[118.13871645100005,9.070176753000055]]],[[[118.15614696300008,9.084993303000033],[118.16013194000004,9.087733408000076],[118.15984676500011,9.08299807700007],[118.15614696300008,9.084993303000033]]],[[[118.12148923500001,9.09417601000007],[118.13083040300012,9.092064070000049],[118.12532019800005,9.089155066000046],[118.12148923500001,9.09417601000007]]],[[[118.12964256200007,9.102310555000031],[118.1349839500001,9.102009633000023],[118.13419340100006,9.09956765000004],[118.12964256200007,9.102310555000031]]],[[[118.10991913900011,9.11282856400004],[118.10229637600003,9.051470124000048],[118.09556757300004,9.044827517000044],[118.09359062900012,9.05990317900006],[118.06686329800004,9.068987806000052],[118.06677144800005,9.079662780000035],[117.98317069400002,9.15965392000004],[118.00776795800004,9.178729812000029],[118.10991913900011,9.11282856400004]]]]}},{"type":"Feature","properties":{"ADM4_EN":"Pulot Center","ADM4_PCODE":"PH1705324006","ADM4_REF":null,"ADM3_EN":"Sofronio Española","ADM3_PCODE":"PH1705324","ADM2_EN":"Palawan","ADM2_PCODE":"PH17053","ADM1_EN":"Mimaropa Region","ADM1_PCODE":"PH17","ADM0_EN":"Philippines (the)","ADM0_PCODE":"PH","date":"2022-11-09","validOn":"2023-11-06","validTo":null,"Shape_Leng":0.282883290751,"Shape_Area":0.00225826542024,"AREA_SQKM":27.4659357858,"psgc_id":"PH1705324006","psgc_code":"1705324006","psgc_name":"Pulot Center","psgc_status":"matched","match_confidence":1.0,"psgc_type":"barangay","match_method":"exact","sga_member":false},"geometry":{"type":"Polygon","coordinates":[[[117.99913846800007,9.014400201000058],[118.00618028100007,8.982117666000022],[118.01760909100005,8.973190894000027],[118.02315640300003,8.95391664400006],[118.00136604000011,8.958875386000045],[117.98796874600009,8.941696180000065],[117.9646532810001,8.937702555000044],[117.97135956500006,8.948281863000034],[117.96924637600011,8.988933246000045],[117.99887903800004,9.00664927300005],[117.99913846800007,9.014400201000058]]]}},{"type":"Feature","properties":{"ADM4_EN":"Pulot Interior (Pulot II)","ADM4_PCODE":"PH1705324007","ADM4_REF":null,"ADM3_EN":"Sofronio Española","ADM3_PCODE":"PH1705324","ADM2_EN":"Palawan","ADM2_PCODE":"PH17053","ADM1_EN":"Mimaropa Region","ADM1_PCODE":"PH17","ADM0_EN":"Philippines (the)","ADM0_PCODE":"PH","date":"2022-11-09","validOn":"2023-11-06","validTo":null,"Shape_Leng":0.342950882865,"Shape_Area":0.00584247368853,"AREA_SQKM":71.0482393934,"psgc_id":"PH1705324007","psgc_code":"1705324007","psgc_name":"Pulot Interior","psgc_status":"matched","match_confidence":1.0,"psgc_type":"barangay","match_method":"exact","sga_member":false},"geometry":{"type":"Polygon","coordinates":[[[117.91762616500012,9.071796303000042],[117.95545254100011,9.066318324000065],[117.95499491600003,9.053667820000044],[117.96500465200006,9.04702614000007],[118.0001380110001,9.038142189000041],[118.00519625900006,9.026664537000045],[117.99887903800004,9.00664927300005],[117.98177386700002,8.99259696300004],[117.93711133400006,8.988056048000033],[117.90068103500005,9.012492404000056],[117.91762616500012,9.071796303000042]]]}},{"type":"Feature","properties":{"ADM4_EN":"Pulot Shore (Pulot I)","ADM4_PCODE":"PH1705324008","ADM4_REF":null,"ADM3_EN":"Sofronio Española","ADM3_PCODE":"PH1705324","ADM2_EN":"Palawan","ADM2_PCODE":"PH17053","ADM1_EN":"Mimaropa Region","ADM1_PCODE":"PH17","ADM0_EN":"Philippines (the)","ADM0_PCODE":"PH","date":"2022-11-09","validOn":"2023-11-06","validTo":null,"Shape_Leng":0.198855910098,"Shape_Area":0.0016367795052,"AREA_SQKM":19.9093185819,"psgc_id":"PH1705324008","psgc_code":"1705324008","psgc_name":"Pulot Shore","psgc_status":"matched","match_confidence":1.0,"psgc_type":"barangay","match_method":"exact","sga_member":false},"geometry":{"type":"Polygon","coordinates":[[[118.00277748000008,8.958789556000056],[118.02504768100005,8.953312898000036],[118.02869257300006,8.941823370000066],[118.01895851800009,8.910035252000057],[118.0068213730001,8.902473903000043],[117.9934107040001,8.914828617000069],[117.99472499500007,8.929988085000048],[117.9797060950001,8.938974613000028],[118.00277748000008,8.958789556000056]]]}},{"type":"Feature","properties":{"ADM4_EN":"Punang","ADM4_PCODE":"PH1705324009","ADM4_REF":null,"ADM3_EN":"Sofronio Española","ADM3_PCODE":"PH1705324","ADM2_EN":"Palawan","ADM2_PCODE":"PH17053","ADM1_EN":"Mimaropa Region","ADM1_PCODE":"PH17","ADM0_EN":"Philippines (the)","ADM0_PCODE":"PH","date":"2022-11-09","validOn":"2023-11-06","validTo":null,"Shape_Leng":0.625406849179,"Shape_Area":0.00757322078017,"AREA_SQKM":92.0883386296,"psgc_id":"PH1705324009","psgc_code":"1705324009","psgc_name":"Punang","psgc_status":"matched","match_confidence":1.0,"psgc_type":"barangay","match_method":"exact","sga_member":false},"geometry":{"type":"Polygon","coordinates":[[[117.94918922000011,9.128814348000049],[118.04449535000003,9.038461479000034],[118.08546086400008,9.03122780600006],[118.07908464200011,9.012416200000075],[118.05898662100003,9.009545159000027],[118.06740097200009,8.997025648000033],[118.05586526200011,8.996408406000057],[118.05543099600004,8.980603201000065],[118.03494315500006,8.990289982000036],[118.02481899400004,9.004443477000052],[118.02827513600005,9.010668621000036],[118.00420442600011,9.023626344000036],[117.9946524930001,9.043889609000075],[117.9628534100001,9.048119801000041],[117.95499491600003,9.053667820000044],[117.95545254100011,9.066318324000065],[117.91762616500012,9.071796303000042],[117.94918922000011,9.128814348000049]]]}}]}